PQ_SYMBOL	FULL_NAME	IUPAC_CONDENSED	IUPAC	TYPE	CLASS	ANALOG	MOL_WT	LOGP	TPSA	POPULARITY	PROTECTED	SMILES	INCHIKEY
Ac	Acetyl, acetic acid	Ac	acetic acid	N-term cap	n_cap	X	60.05200000000001	0.09089999999999993	37.3	25	FALSE	O=C(C)O	QTBSBXVTEAMEQO-UHFFFAOYSA-N
Am	Amine	Amide	azane	C-term cap	c_cap	X	17.031	0.16199999999999998	35	26.9	FALSE	N	QGZKDVFQNNGYKY-UHFFFAOYSA-N
butanoyl	Butir, Butyric acid	butanoyl	butanoic acid	N-term cap	n_cap	X	88.10599999999998	0.8711	37.3	15	FALSE	CCCC(=O)O	FERIUCNNQQJTOY-UHFFFAOYSA-N
2f	2-Furoyl, Furan-2-carboxylic acid	2f	furan-2-carboxylic acid	N-term cap	n_cap	X	112.08399999999997	0.9778	50.44	14.7	TRUE	c1oc(cc1)C(=O)O	SMNDYUVBFMFKNZ-UHFFFAOYSA-N
Isox_3DiFMe	3-(Difluoromethyl)-1,2-oxazole-5-carboxylic acid	Isox(3-DiFMe)	3-(difluoromethyl)isoxazole-5-carboxylic acid	N-term cap	n_cap	X	163.07899999999998	1.3103999999999996	63.33	4.4	TRUE	FC(F)c1cc(on1)C(=O)O	YPRXRMMWUDMDGD-UHFFFAOYSA-N
Ac_Isox_3Me	2-(3-Methylisoxazol-5-yl)acetic acid	Ac(Isox(3-Me))	2-(3-methylisoxazol-5-yl)acetic acid	N-term cap	n_cap	X	141.126	0.61012	63.33	7.9	TRUE	Cc1cc(on1)CC(=O)O	POEFJFLAFQWOTL-UHFFFAOYSA-N
Isox_3Me	3-Methylisoxazole-5-carboxylic acid	Isox(3-Me)	3-methylisoxazole-5-carboxylic acid	N-term cap	n_cap	X	127.09899999999999	0.6812199999999999	63.33	8.9	TRUE	Cc1cc(on1)C(=O)O	HXIYCKAAQPHZBM-UHFFFAOYSA-N
imidazole-4-carbonyl	4-Imidazolecarboxylic acid	imidazole-4-carbonyl	1H-imidazole-4-carboxylic acid	N-term cap	n_cap	X	112.08799999999998	0.1079	65.98	14.1	TRUE	[nH]1cc(nc1)C(=O)O	NKWCGTOZTHZDHB-UHFFFAOYSA-N
Ac_Ph	2-phenylacetic acid	Ac(Ph)	2-phenylacetic acid	N-term cap	n_cap	X	136.14999999999998	1.3137	37.3	17.2	TRUE	c1ccc(cc1)CC(=O)O	WLJVXDMOQOGPHL-UHFFFAOYSA-N
5-guanidinopentanoyl	delta-Guanidinovaleric acid	5-guanidinopentanoyl	5-(((amino)(imino)methyl)amino)pentanoic acid	N-term cap	n_cap	X	159.18900000000002	-0.2756300000000001	99.2	14.3	TRUE	NC(=N)NCCCCC(=O)O	UKUBCVAQGIZRHL-UHFFFAOYSA-N
4-guanidinobutanoyl	4-Guanidinobutyric acid	4-guanidinobutanoyl	4-(((amino)(imino)methyl)amino)butanoic acid	N-term cap	n_cap	X	145.162	-0.6657299999999999	99.2	9.4	TRUE	NC(=N)NCCCC(=O)O	TUHVEAJXIMEOSA-UHFFFAOYSA-N
cHexCO	Cyclohexanecarboxylic acid	cHexCO	cyclohexanecarboxylic acid	N-term cap	n_cap	X	128.171	1.6513	37.3	16.5	TRUE	C1CCC(CC1)C(=O)O	NZNMSOFKMUBTKW-UHFFFAOYSA-N
isobutyryl	Isobutyric acid	isobutyryl	2-methylpropanoic acid	N-term cap	n_cap	X	88.10599999999998	0.727	37.3	17.2	TRUE	CC(C)C(=O)O	KQNPFQTWMSNSAP-UHFFFAOYSA-N
Bz	Benzoic acid	Bz	benzoic acid	N-term cap	n_cap	X	122.12299999999996	1.3848	37.3	14.9	FALSE	c1ccc(cc1)C(=O)O	WPYMKLBDIGXBTP-UHFFFAOYSA-N
4-morpholinoacetyl-anilino	4-(2-morpholin-4-yl-2-oxoethyl)aniline	4-morpholinoacetyl-anilino	2-(4-aminophenyl)-1-(morpholin-4-yl)ethan-1-one	C-term cap	c_cap	X	220.27199999999993	0.6700999999999999	55.56	5.5	TRUE	Nc2ccc(cc2)CC(=O)N1CCOCC1	QNKIGGHXVDYYKX-UHFFFAOYSA-N
piperidino_4Ph_2CF3	4-(2-trifluoromethyl-phenyl)-piperidine	piperidino(4-Ph(2-CF3))	4-(2-(trifluoromethyl)phenyl)piperidine	C-term cap	c_cap	X	229.24499999999998	3.1724000000000014	12.03	7.6	TRUE	N2CCC(CC2)c1ccccc1C(F)(F)F	KFWQOXAWVPAOKE-UHFFFAOYSA-N
piperidino_4Ph_4OPh	4-(4-Phenoxyphenyl)-piperidine	piperidino(4-Ph(4-OPh))	4-(4-phenoxyphenyl)piperidine	C-term cap	c_cap	X	253.34500000000003	3.9459000000000026	21.259999999999998	5.4	TRUE	N3CCC(CC3)c2ccc(cc2)Oc1ccccc1	MTMOLUVQNWNTBV-UHFFFAOYSA-N
Ms-spiroindoline-piperidine	1-(Methylsulfonyl)spiro[indoline-3,4'-piperidine]	Ms-spiro[indoline-piperidine]	1-(methylsulfonyl)spiro[indoline-3,4'-piperidine]	C-term cap	c_cap	X	266.366	1.0874	49.410000000000004	7.8	TRUE	N3CCC2(CC3)c1ccccc1N(C2)S(=O)(=O)C	NSECJXCOETXUHS-UHFFFAOYSA-N
NHBn	Benzylamine	NHBn	1-phenylmethanamine	C-term cap	c_cap	X	107.15599999999996	1.1453	26.02	14.8	FALSE	NCc1ccccc1	WGQKYBSKWIADBV-UHFFFAOYSA-N
NHBn_2NO2	(2-Nitrophenyl)methanamine	NHBn(2-NO2)	1-(2-nitrophenyl)methanamine	C-term cap	c_cap	X	152.15299999999996	1.0535	69.16	9.3	TRUE	NCc1ccccc1[N+](=O)[O-]	PYYRNLDFMZVKCV-UHFFFAOYSA-N
NHBn_2Ph	1-Biphenyl-2-Ylmethanamine	NHBn(2-Ph)	1-(2-phenylphenyl)methanamine	C-term cap	c_cap	X	183.254	2.8123000000000014	26.02	13	TRUE	NCc2c(cccc2)c1ccccc1	YHXKXVFQHWJYOD-UHFFFAOYSA-N
NHBn_3Ph	3-Phenylbenzylamine	NHBn(3-Ph)	1-(3-phenylphenyl)methanamine	C-term cap	c_cap	X	183.254	2.8123000000000014	26.02	12.8	TRUE	NCc2cc(ccc2)c1ccccc1	WKHABRRJMGVELW-UHFFFAOYSA-N
NHnaphth-1-ylmethyl	1-Naphthalenemethylamine	NHnaphth-1-ylmethyl	1-(naphthalen-1-yl)methanamine	C-term cap	c_cap	X	157.21599999999998	2.2985000000000007	26.02	13.9	TRUE	NCc2c1ccccc1ccc2	NVSYANRBXPURRQ-UHFFFAOYSA-N
iBu2N	Diisobutylamine	N(iBu2)	2-methyl-N-(2-methylpropyl)propan-1-amine	C-term cap	c_cap	X	129.24699999999999	1.888	12.03	13.8	TRUE	N(CC(C)C)CC(C)C	NJBCRXCAPCODGX-UHFFFAOYSA-N
NHBn_2OPr	(2-Propoxyphenyl)methanamine	NHBn(2-OPr)	1-(2-propoxyphenyl)methanamine	C-term cap	c_cap	X	165.23599999999993	1.9341	35.25	13.3	TRUE	NCc1c(cccc1)OCCC	OGRKHGGNPBWHSN-UHFFFAOYSA-N
NHBn_2OsBu	2-Sec-butoxybenzyl)amine	NHBn(2-OsBu)	1-(2-(sec-butoxy)phenyl)methanamine	C-term cap	c_cap	X	179.26299999999995	2.3226000000000004	35.25	11	TRUE	NCc1c(cccc1)OC(C)CC	XHKNZQJAMBTBKQ-UHFFFAOYSA-N
piperidino_4NHAc_4Ph	N-(4-Phenylpiperidin-4-yl)acetamide	piperidino(4-NHAc,4-Ph)	N-(4-phenylpiperidin-4-yl)acetamide	C-term cap	c_cap	X	218.3	1.4013999999999998	41.129999999999995	8.2	TRUE	N2CCC(CC2)(NC(=O)C)c1ccccc1	RSWVTFKEQVIXPQ-UHFFFAOYSA-N
piperazino_4Bn	1-Benzylpiperazine	piperazino(4-Bn)	1-benzylpiperazine	C-term cap	c_cap	X	176.263	1.0917999999999994	15.27	16.2	TRUE	N2CCN(CC2)Cc1ccccc1	IQXXEPZFOOTTBA-UHFFFAOYSA-N
bAla-NHMe	3-amino-N-(pyridin-3-ylmethyl)propanamide	bAla-NHMe	3-amino-N-((pyridin-3-yl)methyl)propanamide	C-term cap	c_cap	X	179.223	0.04659999999999975	68.01	8.5	TRUE	NCCC(=O)NCc1cccnc1	IFUCMVSFAKXATJ-UHFFFAOYSA-N
spiroindene-piperidine	2,3-Dihydrospiro[indene-1,4'-piperidine]	spiro[indene-piperidine]	spiro[indane-1,4'-piperidine]	C-term cap	c_cap	X	187.28599999999997	2.2540000000000004	12.03	7.8	TRUE	N3CCC2(CC3)c1ccccc1CC2	ZBYFQSPEUIVDTF-UHFFFAOYSA-N
2-4F-Phoxan-4-amine	2-(4-Fluorophenyl)oxan-4-amine	2-(4F-Ph)oxan-4-amine	2-(4-fluorophenyl)-oxan-4-amine	C-term cap	c_cap	X	195.237	2.0044999999999997	35.25	4.7	TRUE	NC2CC(OCC2)c1ccc(cc1)F	KLNFGQMAZRFKQP-UHFFFAOYSA-N
1-2OMe-Phcyclopropylamine	1-(2-Methoxyphenyl)cyclopropanamine	1-(2OMe-Ph)cyclopropylamine	1-(2-methoxyphenyl)cyclopropanamine	C-term cap	c_cap	X	163.21999999999997	1.643	35.25	5.9	TRUE	NC2(CC2)c1ccccc1OC	OLNNGMGXTFSLEW-UHFFFAOYSA-N
Ile-OMe	Methyl L-isoleucinate	Ile-OMe	methyl (2S,3S)-2-amino-3-methylpentanoate	C-term cap	c_cap	X	145.202	0.5327999999999997	52.32000000000001	14.7	TRUE	N[C@@H]([C@@H](C)CC)C(=O)OC	YXMMTUJDQTVJEN-WDSKDSINSA-N
3-hydroxypropionyl	3-Hydroxypropionic acid	3-hydroxypropionyl	3-hydroxypropanoic acid	N-term cap	n_cap	X	90.07799999999999	-0.5466000000000002	57.53	17	TRUE	OCCC(=O)O	ALRHLSYJTWAHJZ-UHFFFAOYSA-N
piperidino	Piperidine	piperidino	piperidine	C-term cap	c_cap	X	85.15	0.7599	12.03	17.1	TRUE	N1CCCCC1	NQRYJNQNLNOLGT-UHFFFAOYSA-N
Fmoc	Fluoren-9-ylmethyl hydrogen carbonate	Fmoc	(tricyclo[7.4.0.0^{2,7}]trideca-1(13),2,4,6,9,11-hexaen-8-yl)methyl hydrogen carbonate	N-term cap	n_cap	X	240.25799999999992	3.493500000000002	46.53	5.6	FALSE	c3ccc2C(c1(ccccc1c2c3))COC(=O)O	FGIVSGPRGVABAB-UHFFFAOYSA-N
NHEt	Ethylamine	NHEt	ethanamine	C-term cap	c_cap	X	45.084999999999994	-0.03499999999999992	26.02	2	FALSE	NCC	QUSNBJAOOMFDIB-UHFFFAOYSA-N
Thr-ol	L-Threoninol	Thr-ol	(2R,3R)-2-aminobutane-1,3-diol	C-term cap	c_cap	X	105.13699999999999	-1.3132	66.48	19.8	FALSE	N[C@H](CO)[C@@H](C)O	MUVQIIBPDFTEKM-QWWZWVQMSA-N
morpholinoacetyl	4-Morpholineacetic Acid	morpholinoacetyl	2-(morpholin-4-yl)acetic acid	N-term cap	n_cap	X	145.158	-0.5968000000000002	49.769999999999996	24	FALSE	O1CCN(CC1)CC(=O)O	VIWZVFVJPXTXPA-UHFFFAOYSA-N
NHMe	N-methyl amide	NHMe	methanamine	C-term cap	c_cap	X	31.058	-0.42510000000000003	26.02	2	FALSE	NC	BAVYZALUXZFZLV-UHFFFAOYSA-N
2-hydroxyacetyl	Hydroxyacetic acid, glycolic acid	2-hydroxyacetyl	2-hydroxyacetic acid	N-term cap	n_cap	X	76.051	-0.9367000000000001	57.53	14.9	FALSE	OCC(=O)O	AEMRFAOFKBGASW-UHFFFAOYSA-N
Boc	Boc	Boc	tert-butyl hydrogen carbonate	N-term cap	n_cap	X	118.13199999999998	1.4795	46.53	14.3	FALSE	CC(C)(C)OC(=O)O	XKXIQBVKMABYQJ-UHFFFAOYSA-N
Aib-OMe	alpha-aminoisobutyric acid (2-aminoalanine) methyl ester	Aib-OMe	methyl 2-amino-2-methylpropanoate	C-term cap	c_cap	X	117.14799999999998	-0.10330000000000017	52.32000000000001	20	TRUE	NC(C)(C)C(=O)OC	HMZHEECHJWHZJX-UHFFFAOYSA-N
NMe-P	methyl Proline	Me-Pro	(2S)-1-methylpyrrolidine-2-carboxylic acid	N-term cap	n_cap	X	129.15900000000002	0.16519999999999996	40.540000000000006	24.3	TRUE	C1N(C)[C@@H](CC1)C(=O)O	CWLQUGTUXBXTLF-YFKPBYRVSA-N
aCF3Pro	(2S)-2-(trifluoromethyl)pyrrolidine-2-carboxylic acid	aCF3Pro	(2S)-2-(trifluoromethyl)pyrrolidine-2-carboxylic acid	N-term cap	n_cap	X	183.129	0.7554999999999998	49.33	5.3	TRUE	N1[C@](CCC1)(C(F)(F)F)C(=O)O	JOMHNFHOGGKSIM-YFKPBYRVSA-N
hPhe-OEt	ethyl (2S)-2-amino-4-phenylbutanoate	hPhe-OEt	ethyl (2S)-2-amino-4-phenylbutanoate	C-term cap	c_cap	X	207.27300000000002	1.5095999999999996	52.32000000000001	12.2	TRUE	N[C@H](C(=O)OCC)CCc1ccccc1	WFLQXECQLHZKMV-NSHDSACASA-N
amidino-D-Pro	(2R)-1-carbamimidoylpyrrolidine-2-carboxylic acid	amidino-D-Pro	(2R)-1-((amino)(imino)methyl)pyrrolidine-2-carboxylic acid	N-term cap	n_cap	X	157.173	-0.5711299999999999	90.41000000000001	7.9	TRUE	NC(=N)N1[C@H](CCC1)C(=O)O	ZXPRYJHVDMWTMA-SCSAIBSYSA-N
Arg-Me	Arginine methyl	Arg-Me	(3S)-3-amino-6-((diaminomethylidene)amino)hexan-2-one	C-term cap	c_cap	X	172.232	-1.0436999999999987	107.49	9.1	FALSE	N[C@H](C(=O)C)CCCN=C(N)N	GCCQNSQKSSOQIR-LURJTMIESA-N
EtOCO-D-Phg	ethylcarboxyl D-2-phenylglycine	EtOCO-D-Phg	(2R)-2-ethoxycarbonylamino-2-phenylacetic acid	N-term cap	n_cap	X	223.228	1.5584	75.63	8.6	TRUE	CCOC(=O)N[C@H](c1(ccccc1))C(=O)O	RBYBUHMCHHFGHS-SECBINFHSA-N
S-6-benzylpiperazin-2-one	(6S)-6-benzylpiperazin-2-one	S-6-benzylpiperazin-2-one	(6S)-6-benzylpiperazin-2-one	C-term cap	c_cap	X	190.24600000000004	0.3170999999999997	41.129999999999995	11.8	TRUE	N2C[C@@H](NC(=O)C2)Cc1ccccc1	PGNYGDAFMUYUNJ-JTQLQIEISA-N
Ac3c_2SEt	(1S,2S)-1-amino-2-ethylcyclopropane-1-carboxylic acid	Ac3c(2S-Et)	(1S,2S)-1-amino-2-ethylcyclopropanecarboxylic acid	C-term cap	c_cap	X	129.159	0.19839999999999947	63.32000000000001	6.9	TRUE	N[C@]1(C(=O)O)[C@H](C1)CC	RLHIWMRQDUCBDO-NJGYIYPDSA-N
Ac7c-OMe	methyl 1-aminocycloheptane-1-carboxylate	Ac7c-OMe	methyl 1-aminocycloheptanecarboxylate	C-term cap	c_cap	X	171.23999999999995	1.2110999999999994	52.32000000000001	6.2	TRUE	NC1(C(=O)OC)CCCCCC1	GPZHQNYVDQMZDP-UHFFFAOYSA-N
Arg-al	2-[(4S)-4-amino-5-oxopentyl]guanidine	Arg-al	(2S)-2-amino-5-(((amino)(imino)methyl)amino)pentanal	C-term cap	c_cap	X	158.205	-1.2241299999999988	104.99	30.7	FALSE	N[C@H](C=O)CCCNC(=N)N	QJYRUYURLPTHLR-YFKPBYRVSA-N
aMePhe-OMe	methyl (2S)-2-amino-2-methyl-3-phenylpropanoate	aMePhe-OMe	methyl (2S)-2-amino-2-benzylpropanoate	C-term cap	c_cap	X	193.246	1.1194999999999993	52.32000000000001	10.6	TRUE	N[C@](C)(C(=O)OC)Cc1ccccc1	DAOFJPZFGBKAMZ-NSHDSACASA-N
NBn-Nle	(2S)-2-(benzylamino)hexanoic acid	Bn-Nle	(2S)-2-(benzylamino)hexanoic acid	N-term cap	n_cap	X	221.29999999999993	2.4196	49.33	11.5	TRUE	N(Cc1(ccccc1))[C@@H](CCCC)C(=O)O	HQDXZMGISBZJCQ-LBPRGKRZSA-N
Bes-Leu	(2S)-2-(benzenesulfonamido)-4-methylpentanoic acid	Bes-Leu	(2S)-4-methyl-2-phenylsulfonylaminopentanoic acid	N-term cap	n_cap	X	271.33799999999997	1.4642000000000002	83.47	9.6	TRUE	c1ccc(cc1)S(=O)(=O)N[C@@H](CC(C)C)C(=O)O	FLJPDKBVKGRHQC-NSHDSACASA-N
Me-D-Ala-OMe	methyl (2R)-2-(methylamino)propanoate	Me-D-Ala-OMe	methyl (2R)-2-(methylamino)propanoate	C-term cap	c_cap	X	117.14799999999998	-0.23270000000000035	38.33	14.8	TRUE	N(C)[C@H](C)C(=O)OC	PQIUHUKRJAOTLS-SCSAIBSYSA-N
His-OEt	ethyl (2S)-2-amino-3-(1H-imidazol-5-yl)propanoate	His-OEt	ethyl (2S)-2-amino-3-(1H-imidazol-4-yl)propanoate	C-term cap	c_cap	X	183.21100000000004	-0.15740000000000037	81.00000000000001	6.7	TRUE	N[C@H](C(=O)OCC)Cc1c[nH]cn1	ACHWEOLUTJAHLV-ZETCQYMHSA-N
cyclen-1-acetyl	2-(1,4,7,10-tetrazacyclododec-1-yl)acetic acid	cyclen-1-acetyl	2-(1,4,7,10-tetraazacyclododecan-1-yl)acetic acid	N-term cap	n_cap	X	230.31199999999998	-1.8445999999999954	76.63	10.2	TRUE	N1CCNCCN(CCNCC1)CC(=O)O	XDLOGHYCUQYEKA-UHFFFAOYSA-N
Ala-OBu	butyl (2S)-2-aminopropanoate	Ala-OBu	butyl (2S)-2-aminopropanoate	C-term cap	c_cap	X	145.20199999999997	0.6768999999999996	52.32000000000001	15	TRUE	N[C@@H](C)C(=O)OCCCC	RJJXSCQQRYCPLW-LURJTMIESA-N
-D-Ac3c_2Svinyl	(1R,2S)-1-amino-2-ethenylcyclopropane-1-carboxylic acid	D-Ac3c(2S-vinyl)	(1R,2S)-1-amino-2-ethenylcyclopropanecarboxylic acid	C-term cap	c_cap	X	127.14299999999999	-0.02560000000000029	63.32000000000001	18.7	TRUE	N[C@@]1(C(=O)O)[C@@H](C1)C=C	GALLMPFNVWUCGD-INEUFUBQSA-N
Phg_3Cl-	3-Chlorophenylglycine	Phg(3-Cl)	(2S)-2-amino-2-(3-chlorophenyl)acetic acid	N-term cap	n_cap	X	185.60999999999999	1.4244	63.32000000000001	10.1	TRUE	N[C@@H](c1(cccc(Cl)c1))C(=O)O	MGOUENCSVMAGSE-ZETCQYMHSA-N
Met-OEt	ethyl (2S)-2-amino-4-methylsulfanylbutanoate	Met-OEt	ethyl (2S)-2-amino-4-(methylsulfanyl)butanoate	C-term cap	c_cap	X	177.269	0.6298999999999999	52.32000000000001	9.5	TRUE	N[C@H](C(=O)OCC)CCSC	ARJXIGOIOGJAKR-LURJTMIESA-N
Gly-CF3	3-amino-1,1,1-trifluoropropan-2-one	Gly-CF3	1-amino-3,3,3-trifluoropropan-2-one	C-term cap	c_cap	X	127.06500000000001	0.07650000000000001	43.09	11.2	TRUE	NCC(=O)C(F)(F)F	OXSMZTRDGVTACF-UHFFFAOYSA-N
D-Phe-OMe	D-Phenylalanine methyl ester	D-Phe-OMe	methyl (2R)-2-amino-3-phenylpropanoate	C-term cap	c_cap	X	179.21900000000002	0.7293999999999992	52.32000000000001	9.5	TRUE	N[C@@H](C(=O)OC)Cc1ccccc1	VSDUZFOSJDMAFZ-SECBINFHSA-N
Leu-al	(2S)-2-amino-4-methylpentanal	Leu-al	(2S)-2-amino-4-methylpentanal	C-term cap	c_cap	X	115.17599999999999	0.5586999999999998	43.09	26.7	TRUE	N[C@H](C=O)CC(C)C	ZOFRRNUENOHELM-LURJTMIESA-N
Phe-CH2Cl	Phenylalanine chloromethyl	Phe-CH2Cl	(3S)-3-amino-1-chloro-4-phenylbutan-2-one	C-term cap	c_cap	X	197.66500000000005	1.3643	43.09	16.9	TRUE	N[C@H](C(=O)CCl)Cc1ccccc1	CNNSBPMDYXZFTQ-VIFPVBQESA-N
Trp-OMe	L-Tryptophan methyl ester	Trp-OMe	methyl (2S)-2-amino-3-(1H-indol-3-yl)propanoate	C-term cap	c_cap	X	218.25600000000003	1.2106999999999994	68.11000000000001	14.2	TRUE	N[C@H](C(=O)OC)Cc2c1ccccc1[nH]c2	KCUNTYMNJVXYKZ-JTQLQIEISA-N
Phe_2Meoxiranylketone	(2S)-2-amino-1-[(2R)-2-methyloxiran-2-yl]-3-phenylpropan-1-one	Phe(2Me-oxiranyl-ketone)	(2S)-2-amino-1-((2R)-2-methyl-oxiran-2-yl)-3-phenylpropan-1-one	C-term cap	c_cap	X	205.257	0.9143999999999992	55.620000000000005	11.4	TRUE	N[C@H](C(=O)[C@@]2(OC2)(C))Cc1ccccc1	KWADEJYHBBQJTA-CMPLNLGQSA-N
D-Trp-OBn	D-Tryptophan benzyl ester	D-Trp-OBn	benzyl (2R)-2-amino-3-(1H-indol-3-yl)propanoate	C-term cap	c_cap	X	294.354	2.7811000000000012	68.11	7.8	TRUE	N[C@H](Cc2(c[nH]c3(ccccc23)))C(=O)OCc1ccccc1	TYQYRKDGHAPZRF-MRXNPFEDSA-N
Pro_4carbonyl-	(2S)-4-oxopyrrolidine-2-carboxylic acid	Pro(4-carbonyl)	(2S)-4-oxopyrrolidine-2-carboxylic acid	N-term cap	n_cap	X	129.115	-0.9980000000000004	66.4	7.7	TRUE	N1[C@@H](CC(=O)C1)C(=O)O	HFXAFXVXPMUQCQ-BYPYZUCNSA-N
Gly-OPh	Glycine phenyl ester	Gly-OPh	phenyl 2-aminoacetate	C-term cap	c_cap	X	151.165	0.5506999999999997	52.32000000000001	12.4	TRUE	NCC(=O)Oc1ccccc1	BXPNTXBBAVYAMD-UHFFFAOYSA-N
R-3-aminoazepan-2-one	(3R)-3-aminoazepan-2-one	R-3-aminoazepan-2-one	(3R)-3-amino-1-azacycloheptan-2-one	C-term cap	c_cap	X	128.17499999999998	-0.38620000000000076	55.120000000000005	10.8	TRUE	N[C@H]1C(=O)NCCCC1	BOWUOGIPSRVRSJ-RXMQYKEDSA-N
H2NCO-Phe	(2S)-2-(carbamoylamino)-3-phenylpropanoic acid	H2NCO-Phe	(2S)-2-(carbamoylamino)-3-phenylpropanoic acid	N-term cap	n_cap	X	208.21699999999996	0.35060000000000013	92.42	12.5	TRUE	c1ccc(cc1)C[C@H](NC(=O)N)C(=O)O	IPWQOZCSQLTKOI-QMMMGPOBSA-N
MeOCO-Val	(2S)-2-(methoxycarbonylamino)-3-methylbutanoic acid	MeOCO-Val	(2S)-2-methoxycarbonylamino-3-methylbutanoic acid	N-term cap	n_cap	X	175.18399999999997	0.4515999999999997	75.63	15.9	TRUE	COC(=O)N[C@@H](C(C)C)C(=O)O	CEFVHPDFGLDQKU-YFKPBYRVSA-N
Thr-OBn	L-Threonine benzyl ester	Thr-OBn	benzyl (2S,3R)-2-amino-3-hydroxybutanoate	C-term cap	c_cap	X	209.245	0.4378999999999993	72.55	6.9	TRUE	N[C@@H]([C@H](O)C)C(=O)OCc1ccccc1	IHRYAQVOEVWURS-SCZZXKLOSA-N
aIle-OMe	L-allo-Isoleucine methyl ester	aIle-OMe	methyl (2S,3R)-2-amino-3-methylpentanoate	C-term cap	c_cap	X	145.202	0.5327999999999997	52.32000000000001	9.2	TRUE	N[C@@H]([C@H](C)CC)C(=O)OC	YXMMTUJDQTVJEN-RITPCOANSA-N
Leu-OMe	L-Leucine methyl ester	Leu-OMe	methyl (2S)-2-amino-4-methylpentanoate	C-term cap	c_cap	X	145.20199999999997	0.5327999999999997	52.32000000000001	32	TRUE	N[C@H](C(=O)OC)CC(C)C	QVDXUKJJGUSGLS-LURJTMIESA-N
Gly-OBn	Glycine benzyl ester	Gly-OBn	benzyl 2-aminoacetate	C-term cap	c_cap	X	165.192	0.6884999999999997	52.32000000000001	16	TRUE	NCC(=O)OCc1ccccc1	JXYACYYPACQCDM-UHFFFAOYSA-N
AlatBu-OMe	methyl (2S)-2-amino-4,4-dimethylpentanoate	Ala(tBu)-OMe	methyl (2S)-2-amino-4,4-dimethylpentanoate	C-term cap	c_cap	X	159.22899999999998	0.9228999999999996	52.32000000000001	9.4	TRUE	N[C@H](C(=O)OC)CC(C)(C)C	AHLUWXPHJXOHIQ-LURJTMIESA-N
uracil-1-acetyl	2-(2,4-dioxopyrimidin-1-yl)acetic acid	uracil-1-acetyl	2-(2,4-dioxo-1,3-diazacyclohex-5-en-1-yl)acetic acid	N-term cap	n_cap	X	170.124	-1.3787999999999996	92.16000000000001	15.1	TRUE	O=c1ccn(c(=O)[nH]1)CC(=O)O	ZFNQFXDDQAEAFI-UHFFFAOYSA-N
phthalimidoacetyl	2-(1,3-dioxoisoindol-2-yl)acetic acid	phthalimidoacetyl	2-(7,9-dioxo-8-azabicyclo[4.3.0]nona-1(6),2,4-trien-8-yl)acetic acid	N-term cap	n_cap	X	205.16899999999998	0.3672	74.68	14.2	TRUE	c2cc1C(=O)N(C(=O)c1cc2)CC(=O)O	WQINSVOOIJDOLJ-UHFFFAOYSA-N
prop-2-ynyl-Gly-	2-(prop-2-ynylamino)acetic acid	prop-2-ynyl-Gly	2-((prop-2-yn-1-yl)amino)acetic acid	N-term cap	n_cap	X	113.11599999999999	-0.7062000000000002	49.33	9.3	TRUE	N(CC#C)CC(=O)O	XSJLQGMTIHCDSS-UHFFFAOYSA-N
D-quinazolinedione-Phe	(2R)-2-(2,4-dioxo-1H-quinazolin-3-yl)-3-phenylpropanoic acid	D-quinazolinedione-Phe	(2R)-2-(3,5-dioxo-2,4-diazabicyclo[4.4.0]deca-1(6),7,9-trien-4-yl)-3-phenylpropanoic acid	N-term cap	n_cap	X	310.309	1.5582	92.16000000000001	5.7	TRUE	c3cc2[nH]c(=O)n(c(=O)c2cc3)[C@H](Cc1(ccccc1))C(=O)O	JSHKCLVDTGIHEU-CQSZACIVSA-N
piperazino4-CH2CO2Hacetyl	2-[4-(carboxymethyl)piperazin-1-yl]acetic acid	piperazino(4-CH2CO2H)acetyl	2-(4-(2-hydroxy-2-oxoethyl)piperazin-1-yl)acetic acid	N-term cap	n_cap	X	202.20999999999998	-1.2267999999999981	81.08	7	TRUE	OC(=O)CN1CCN(CC1)CC(=O)O	JERMFLFKXHHROS-UHFFFAOYSA-N
D-Phe-OEt	ethyl (2R)-2-amino-3-phenylpropanoate	D-Phe-OEt	ethyl (2R)-2-amino-3-phenylpropanoate	C-term cap	c_cap	X	193.24600000000004	1.1194999999999997	52.32000000000001	9.1	TRUE	N[C@@H](C(=O)OCC)Cc1ccccc1	CJGXMNONHNZEQQ-SNVBAGLBSA-N
His-al	(2S)-2-amino-3-(1H-imidazol-5-yl)propanal	His-al	(2S)-2-amino-3-(1H-imidazol-4-yl)propanal	C-term cap	c_cap	X	139.158	-0.5216000000000007	71.77000000000001	27	TRUE	N[C@H](C=O)Cc1c[nH]cn1	VYOIELONWKIZJS-YFKPBYRVSA-N
Tyr_3F-	(2S)-2-amino-3-(3-fluoro-4-hydroxyphenyl)propanoic acid	Tyr(3-F)	(2S)-2-amino-3-(3-fluoro-4-hydroxyphenyl)propanoic acid	N-term cap	n_cap	X	199.18099999999995	0.48570000000000013	83.55	6.7	TRUE	N[C@@H](Cc1(ccc(O)c(F)c1))C(=O)O	VIIAUOZUUGXERI-ZETCQYMHSA-N
Tyr3-OH-OMe	methyl (2S)-2-amino-3-(3,4-dihydroxyphenyl)propanoate	Tyr(3-OH)-OMe	methyl (2S)-2-amino-3-(3,4-dihydroxyphenyl)propanoate	C-term cap	c_cap	X	211.217	0.1405999999999995	92.78000000000002	10.3	TRUE	N[C@H](C(=O)OC)Cc1ccc(c(O)c1)O	XBBDACCLCFWBSI-ZETCQYMHSA-N
2-guanidinoacetyl	2-(diaminomethylideneamino)acetic acid	2-guanidinoacetyl	2-(((amino)(imino)methyl)amino)acetic acid	N-term cap	n_cap	X	117.10799999999999	-1.4459299999999997	99.2	15.8	TRUE	NC(=N)NCC(=O)O	BPMFZUMJYQTVII-UHFFFAOYSA-N
PhOCO-Val	(2S)-3-methyl-2-(phenoxycarbonylamino)butanoic acid	PhOCO-Val	(2S)-3-methyl-2-phenoxycarbonylaminobutanoic acid	N-term cap	n_cap	X	237.25499999999997	1.8841999999999997	75.63	12	TRUE	c1ccc(cc1)OC(=O)N[C@@H](C(C)C)C(=O)O	HVJMEAOTIUMIBJ-JTQLQIEISA-N
NMe-Sar	N,N-dimethylglycine, methyl sarcosine	Me-Sar	2-(dimethylamino)acetic acid	N-term cap	n_cap	X	103.12099999999998	-0.3674	40.540000000000006	21.3	TRUE	CN(C)CC(=O)O	FFDGPVCHZBVARC-UHFFFAOYSA-N
Phe-al	(2S)-2-amino-3-phenylpropanal	Phe-al	(2S)-2-amino-3-phenylpropanal	C-term cap	c_cap	X	149.19299999999998	0.7552999999999994	43.09	31.2	FALSE	N[C@H](C=O)Cc1ccccc1	CQIUZHAQYHXKRY-VIFPVBQESA-N
Arg-benzothiazol-2-yl	2-[(4S)-4-amino-5-(1,3-benzothiazol-2-yl)-5-oxopentyl]guanidine	Arg-benzothiazol-2-yl	(2S)-2-amino-5-(((amino)(imino)methyl)amino)-1-(benzothiazol-2-yl)pentan-1-one	C-term cap	c_cap	X	291.38000000000005	1.0695699999999997	117.88000000000001	15.5	FALSE	N[C@@H](CCCNC(=N)N)C(=O)c2sc1ccccc1n2	MAJHCCQPIDXPAN-QMMMGPOBSA-N
Tf-Val	(2S)-3-methyl-2-(trifluoromethylsulfonylamino)butanoic acid	Tf-Val	(2S)-3-methyl-2-(trifluoromethylsulfonylamino)butanoic acid	N-term cap	n_cap	X	249.21	0.5347999999999999	83.47	6	TRUE	FC(F)(F)S(=O)(=O)N[C@@H](C(C)C)C(=O)O	UJMLUEWCAMFOKZ-BYPYZUCNSA-N
Ac5c-OMe	1-amino-1-carboxycyclopentane methyl ester	Ac5c-OMe	methyl 1-aminocyclopentanecarboxylate	C-term cap	c_cap	X	143.186	0.43089999999999984	52.32000000000001	8	TRUE	NC1(CCCC1)C(=O)OC	VLNNACMZTDZCFH-UHFFFAOYSA-N
His-OBn	Histidine benzyl ester	His-OBn	benzyl (2S)-2-amino-3-(1H-imidazol-4-yl)propanoate	C-term cap	c_cap	X	245.28199999999998	1.0228999999999993	81.00000000000001	5.7	TRUE	N[C@@H](Cc2(c[nH]cn2))C(=O)OCc1ccccc1	AXIQMEOYYYWDKF-LBPRGKRZSA-N
Trp-OEt	ethyl (2S)-2-amino-3-(1H-indol-3-yl)propanoate	Trp-OEt	ethyl (2S)-2-amino-3-(1H-indol-3-yl)propanoate	C-term cap	c_cap	X	232.28300000000004	1.6008	68.11000000000001	9.5	TRUE	N[C@H](C(=O)OCC)Cc2c1ccccc1[nH]c2	DABYEOZXRSTEGL-NSHDSACASA-N
NMe-D-Cha-	methyl D-2-Amino-3-cyclohexyl-propionic acid	Me-D-Cha	(2R)-3-cyclohexyl-2-(methylamino)propanoic acid	N-term cap	n_cap	X	185.267	1.6294	49.33	11.9	TRUE	N(C)[C@H](CC1(CCCCC1))C(=O)O	GBMDYACPQYNUGA-SECBINFHSA-N
trans-Ac4c_3MeOH	1-amino-3-(hydroxymethyl)cyclobutane-1-carboxylic acid	trans-Ac4c(3-MeOH)	(1R,3S)-1-amino-3-(hydroxymethyl)cyclobutane-1-carboxylic acid	N-term cap	n_cap	X	145.15800000000002	-0.8292000000000004	83.55	7.1	TRUE	N[C@]1(C[C@H](CO)C1)C(=O)O	URCBHRLIPUAWTF-DTXYKFKXSA-N
R-6-benzylpiperazin-2-one	(6R)-6-benzylpiperazin-2-one	R-6-benzylpiperazin-2-one	(6R)-6-benzylpiperazin-2-one	C-term cap	c_cap	X	190.24600000000004	0.3170999999999997	41.129999999999995	10	TRUE	N2C[C@H](NC(=O)C2)Cc1ccccc1	PGNYGDAFMUYUNJ-SNVBAGLBSA-N
Dan-Ala	(2S)-2-[[5-(dimethylamino)naphthalen-1-yl]sulfonylamino]propanoic acid	Dan-Ala	(2S)-2-(5-(dimethylamino)naphthalen-1-ylsulfonylamino)propanoic acid	N-term cap	n_cap	X	322.3860000000001	1.6572	86.71000000000001	7.6	TRUE	CN(C)c2c1c(ccc2)c(ccc1)S(=O)(=O)N[C@@H](C)C(=O)O	JCIYZTBXUJCAMW-JTQLQIEISA-N
Dan-Gly	2-[[5-(dimethylamino)naphthalen-1-yl]sulfonylamino]acetic acid	Dan-Gly	2-(5-(dimethylamino)naphthalen-1-ylsulfonylamino)acetic acid	N-term cap	n_cap	X	308.3590000000001	1.2687000000000002	86.71000000000001	17	TRUE	CN(C)c2c1c(ccc2)c(ccc1)S(=O)(=O)NCC(=O)O	QHFXORCWAQTTGH-UHFFFAOYSA-N
D-Leu-OMe	D-Leucine methyl ester	D-Leu-OMe	methyl (2R)-2-amino-4-methylpentanoate	C-term cap	c_cap	X	145.20199999999997	0.5327999999999997	52.32000000000001	14.3	TRUE	N[C@@H](C(=O)OC)CC(C)C	QVDXUKJJGUSGLS-ZCFIWIBFSA-N
quinazolinedione-3-acetyl	2-(2,4-dioxo-1H-quinazolin-3-yl)acetic acid	quinazolinedione-3-acetyl	2-(3,5-dioxo-2,4-diazabicyclo[4.4.0]deca-1(6),7,9-trien-4-yl)acetic acid	N-term cap	n_cap	X	220.18399999999997	-0.22560000000000008	92.16000000000001	8.5	TRUE	c2cc1[nH]c(=O)n(c(=O)c1cc2)CC(=O)O	RQQGYSJFFRKGNY-UHFFFAOYSA-N
EtOCO-D-Ala	ethylcarboxyl D-Alanine	EtOCO-D-Ala	(2R)-2-ethoxycarbonylaminopropanoic acid	N-term cap	n_cap	X	161.15699999999998	0.20560000000000017	75.63	11.3	TRUE	CCOC(=O)N[C@H](C)C(=O)O	JYQWKPMPTMJFCY-SCSAIBSYSA-N
EtOCO-Phe	ethylcarboxyl Phenylalanine	EtOCO-Phe	(2S)-2-ethoxycarbonylamino-3-phenylpropanoic acid	N-term cap	n_cap	X	237.25499999999994	1.4284	75.63	16.7	TRUE	c1ccc(cc1)C[C@H](NC(=O)OCC)C(=O)O	YUBBGLSAFZJOMD-JTQLQIEISA-N
Glu-OBn	L-Glutamic acid alpha-benzyl ester	Glu-OBn	(4S)-4-amino-4-(benzyloxycarbonyl)butanoic acid	C-term cap	c_cap	X	237.255	0.9218999999999997	89.62000000000002	7	TRUE	N[C@@H](CCC(=O)O)C(=O)OCc1ccccc1	HFZKKJHBHCZXTQ-JTQLQIEISA-N
Gly-OPh_4NO2	(4-nitrophenyl) 2-aminoacetate	Gly-OPh(4-NO2)	4-nitrophenyl 2-aminoacetate	C-term cap	c_cap	X	196.16199999999998	0.45889999999999986	95.46000000000001	7.5	TRUE	NCC(=O)Oc1ccc(cc1)[N+](=O)[O-]	KGONNPXPJQKSGN-UHFFFAOYSA-N
Pro-OBn	L-Proline benzyl ester	Pro-OBn	benzyl (2S)-pyrrolidine-2-carboxylate	C-term cap	c_cap	X	205.257	1.4817999999999996	38.33	14.1	TRUE	N2[C@@H](CCC2)C(=O)OCc1ccccc1	VVCLBQFBKZQOAF-NSHDSACASA-N
Lys-al	(2S)-2,6-diaminohexanal	Lys-al	(2S)-2,6-diaminohexanal	C-term cap	c_cap	X	130.191	-0.3584	69.11	21.7	FALSE	N[C@H](C=O)CCCCN	YUZOKOFJOOANSW-LURJTMIESA-N
NPh2OMe-G	2-(2-methoxyanilino)acetic acid	N-Ph(2-OMe)-Gly	2-((2-methoxyphenyl)amino)acetic acid	N-term cap	n_cap	X	181.19099999999997	1.1916999999999998	58.56	12.7	TRUE	N(c1(ccccc1OC))CC(=O)O	DRMOCHGNKTXIBF-UHFFFAOYSA-N
Gly-camptothecin	[(19S)-19-ethyl-14,18-dioxo-17-oxa-3,13-diazapentacyclo[11.8.0.02,11.04,9.015,20]henicosa-1(21),2,4,6,8,10,15(20)-heptaen-19-yl] 2-aminoacetate	Gly-camptothecin	(5S)-5-ethyl-6,10-dioxo-7-oxa-11,21-diazapentacyclo[11.8.0.0^{15,20}.0^{2,11}.0^{4,9}]henicosa-1(21),2,4(9),13,15,17,19-heptaen-5-yl 2-aminoacetate	C-term cap	c_cap	X	405.41000000000025	1.5891999999999997	113.51000000000002	10.1	TRUE	NCC(=O)O[C@@]5(CC)c4cc3c2nc1ccccc1cc2Cn3c(=O)c4COC5=O	JMZZXKLQQWGKQV-QFIPXVFZSA-N
EtOCO-Gly	ethylcarboxyl Glycine	EtOCO-Gly	2-ethoxycarbonylaminoacetic acid	N-term cap	n_cap	X	147.13	-0.1828999999999999	75.63	16.8	TRUE	CCOC(=O)NCC(=O)O	RTVSUZHDJGUDGX-UHFFFAOYSA-N
Mes-Val	(2S)-2-(methanesulfonamido)-3-methylbutanoic acid	Mes-Val	(2S)-3-methyl-2-methylsulfonylaminobutanoic acid	N-term cap	n_cap	X	195.23999999999998	-0.35520000000000046	83.47	9.4	TRUE	O=S(=O)(C)N[C@@H](C(C)C)C(=O)O	AKFZJYZYVABSGC-YFKPBYRVSA-N
Tic_7OH-	(3S)-7-hydroxy-1,2,3,4-tetrahydroisoquinoline-3-carboxylic acid	Tic(7-OH)	(4S)-9-hydroxy-3-azabicyclo[4.4.0]deca-1(10),6,8-triene-4-carboxylic acid	N-term cap	n_cap	X	193.20199999999994	0.49109999999999987	69.56	12.8	TRUE	N2[C@@H](Cc1(ccc(O)cc1C2))C(=O)O	HIKCRLDSCSWXML-VIFPVBQESA-N
MeOCO-Trp	(2S)-3-(1H-indol-3-yl)-2-(methoxycarbonylamino)propanoic acid	MeOCO-Trp	(2S)-3-(7-azabicyclo[4.3.0]nona-1(6),2,4,8-tetraen-9-yl)-2-methoxycarbonylaminopropanoic acid	N-term cap	n_cap	X	262.26499999999993	1.5195999999999996	91.42	11.1	TRUE	c2cc1c(cc2)c(c[nH]1)C[C@H](NC(=O)OC)C(=O)O	YYZYDKOBSFGJNZ-NSHDSACASA-N
D-Tyr_26diMe-	(2R)-2-amino-3-(4-hydroxy-2,6-dimethylphenyl)propanoic acid	D-Tyr(2,6-diMe)	(2R)-2-amino-3-(4-hydroxy-2,6-dimethylphenyl)propanoic acid	N-term cap	n_cap	X	209.24499999999998	0.9634400000000001	83.55	8.4	TRUE	N[C@H](Cc1(c(C)cc(O)cc1C))C(=O)O	LSNDLIKCFHLFKO-SNVBAGLBSA-N
D-Ac3c_2REt	(1R,2R)-1-amino-2-ethylcyclopropane-1-carboxylic acid	D-Ac3c(2R-Et)	(1R,2R)-1-amino-2-ethylcyclopropanecarboxylic acid	C-term cap	c_cap	X	129.159	0.19839999999999947	63.32000000000001	10.1	TRUE	N[C@@]1(C(=O)O)[C@@H](C1)CC	RLHIWMRQDUCBDO-INEUFUBQSA-N
Bes4-OMe-Ala	(2S)-2-[(4-methoxyphenyl)sulfonylamino]propanoic acid	Bes(4-OMe)-Ala	(2S)-2-(4-methoxyphenylsulfonylamino)propanoic acid	N-term cap	n_cap	X	259.28299999999996	0.4465999999999999	92.7	9	TRUE	COc1ccc(cc1)S(=O)(=O)N[C@@H](C)C(=O)O	XTCIPBHRVYICGT-ZETCQYMHSA-N
valacyclovir	2-[(2-amino-6-oxo-1H-purin-9-yl)methoxy]ethyl (2S)-2-amino-3-methylbutanoate	valacyclovir	2-(((3-amino-5-oxo-2,4,7,9-tetraazabicyclo[4.3.0]nona-1(6),2,7-trien-9-yl)methyl)oxy)ethyl (2S)-2-amino-3-methylbutanoate	C-term cap	c_cap	X	324.341	-0.7975999999999985	151.14	8.2	TRUE	N[C@@H](C(C)C)C(=O)OCCOCn2c1nc(N)[nH]c(=O)c1nc2	HDOVUKNUBWVHOX-QMMMGPOBSA-N
thymin-1-acetyl	2-(5-methyl-2,4-dioxopyrimidin-1-yl)acetic acid	thymin-1-acetyl	2-(5-methyl-2,4-dioxo-1,3-diazacyclohex-5-en-1-yl)acetic acid	N-term cap	n_cap	X	184.15099999999998	-1.07038	92.16000000000001	8.2	TRUE	O=c1[nH]c(=O)n(cc1C)CC(=O)O	TZDMCKHDYUDRMB-UHFFFAOYSA-N
Nle-OMe	norleucine methyl ester	Nle-OMe	methyl (2S)-2-aminohexanoate	C-term cap	c_cap	X	145.202	0.6768999999999996	52.32000000000001	20.3	TRUE	N[C@H](C(=O)OC)CCCC	TVZNFYXAPXOARC-LURJTMIESA-N
Tyr_26diF-	(2S)-2-amino-3-(2,6-difluoro-4-hydroxyphenyl)propanoic acid	Tyr(2,6-diF)	(2S)-2-amino-3-(2,6-difluoro-4-hydroxyphenyl)propanoic acid	N-term cap	n_cap	X	217.17099999999996	0.6248	83.55	8.6	TRUE	N[C@@H](Cc1(c(F)cc(O)cc1F))C(=O)O	GXXSRPQBOBZVBN-QMMMGPOBSA-N
D-Ala-OBn	D-Alanine benzyl ester	D-Ala-OBn	benzyl (2R)-2-aminopropanoate	C-term cap	c_cap	X	179.219	1.0769999999999995	52.32000000000001	12.4	TRUE	N[C@H](C)C(=O)OCc1ccccc1	YGYLYUIRSJSFJS-MRVPVSSYSA-N
Nle-al	(2S)-2-aminohexanal	Nle-al	(2S)-2-aminohexanal	C-term cap	c_cap	X	115.176	0.7027999999999996	43.09	22.4	FALSE	N[C@H](C=O)CCCC	TZJGKUCHNFFHGN-LURJTMIESA-N
Tyr-OBn	Tyrosine benzyl ester	Tyr-OBn	benzyl (2S)-2-amino-3-(4-hydroxyphenyl)propanoate	C-term cap	c_cap	X	271.316	2.0054	72.55	7.1	TRUE	N[C@@H](Cc2(ccc(O)cc2))C(=O)OCc1ccccc1	BVCTWRNVKLXEQC-HNNXBMFYSA-N
NPh4OMe-G	2-(4-methoxyanilino)acetic acid	N-Ph(4-OMe)-Gly	2-((4-methoxyphenyl)amino)acetic acid	N-term cap	n_cap	X	181.19099999999997	1.1917	58.56	12.6	TRUE	N(c1(ccc(OC)cc1))CC(=O)O	NJVJSULZTHOJGT-UHFFFAOYSA-N
3Me-uracil-6-carbonyl	3-methyl-2,4-dioxo-1H-pyrimidine-6-carboxylic acid	3Me-uracil-6-carbonyl	1-methyl-2,6-dioxo-1,3-diazacyclohex-4-ene-4-carboxylic acid	N-term cap	n_cap	X	170.124	-1.2282	92.16000000000001	7.2	TRUE	Cn1c(=O)cc([nH]c1=O)C(=O)O	OEGWVZNGNUHUQP-UHFFFAOYSA-N
Arg-benzothiazol-2-yl_6CO2H	2-[(2S)-2-amino-5-(diaminomethylideneamino)pentanoyl]-1,3-benzothiazole-6-carboxylic acid	Arg-benzothiazol-2-yl(6-CO2H)	2-((2S)-2-amino-5-(((amino)(imino)methyl)amino)-pentanoyl)benzothiazole-6-carboxylic acid	C-term cap	c_cap	X	335.38900000000007	0.7677700000000002	155.18	2.8	FALSE	N[C@@H](CCCNC(=N)N)C(=O)c2sc1cc(ccc1n2)C(=O)O	FNGTVLJWXRDWAE-QMMMGPOBSA-N
Asp-OBn	L-Aspartic acid alpha-benzyl ester	Asp-OBn	(3S)-3-amino-3-(benzyloxycarbonyl)propanoic acid	C-term cap	c_cap	X	223.22799999999998	0.5317999999999996	89.62000000000002	7.6	TRUE	N[C@@H](CC(=O)O)C(=O)OCc1ccccc1	NJSRYBIBUXBNSW-VIFPVBQESA-N
Pip-OMe	D-Pipecolic acid methyl ester	Pip-OMe	methyl (2S)-piperidine-2-carboxylate	C-term cap	c_cap	X	143.186	0.3014999999999999	38.33	11.1	TRUE	N1[C@@H](CCCC1)C(=O)OC	CXQTTWVBUDFUNO-LURJTMIESA-N
Phe-OEt	ethyl (2S)-2-amino-3-phenylpropanoate	Phe-OEt	ethyl (2S)-2-amino-3-phenylpropanoate	C-term cap	c_cap	X	193.24600000000004	1.1194999999999997	52.32000000000001	13.8	TRUE	N[C@H](C(=O)OCC)Cc1ccccc1	CJGXMNONHNZEQQ-JTQLQIEISA-N
hPhe-OMe	Homophenylalanine methyl ester	hPhe-OMe	methyl (2S)-2-amino-4-phenylbutanoate	C-term cap	c_cap	X	193.24600000000004	1.1194999999999997	52.32000000000001	12.7	TRUE	N[C@H](C(=O)OC)CCc1ccccc1	YEPNFOMBMXWUOG-JTQLQIEISA-N
Bes-Gly	2-(benzenesulfonamido)acetic acid	Bes-Gly	2-phenylsulfonylaminoacetic acid	N-term cap	n_cap	X	215.22999999999996	0.04949999999999988	83.47	15.7	TRUE	c1ccc(cc1)S(=O)(=O)NCC(=O)O	WTSZSAHZIMPSDM-UHFFFAOYSA-N
NBn-Y	(2S)-2-(benzylamino)-3-(4-hydroxyphenyl)propanoic acid	Bn-Tyr	(2S)-2-(benzylamino)-3-(4-hydroxyphenyl)propanoic acid	N-term cap	n_cap	X	271.316	2.1776999999999997	69.56	16.9	TRUE	N(Cc1(ccccc1))[C@@H](Cc2(ccc(O)cc2))C(=O)O	WUTPXBXSEMJIDW-HNNXBMFYSA-N
Pro-OMe	L-Proline methyl ester	Pro-OMe	methyl (2S)-pyrrolidine-2-carboxylate	C-term cap	c_cap	X	129.159	-0.08860000000000023	38.33	18.6	TRUE	N1[C@@H](CCC1)C(=O)OC	BLWYXBNNBYXPPL-YFKPBYRVSA-N
Met-OMe	L-Methionine methyl ester	Met-OMe	methyl (2S)-2-amino-4-(methylsulfanyl)butanoate	C-term cap	c_cap	X	163.242	0.2398	52.32000000000001	16.6	TRUE	N[C@H](C(=O)OC)CCSC	UIHPNZDZCOEZEN-YFKPBYRVSA-N
Pip_6carbonyl	(2S)-6-oxopiperidine-2-carboxylic acid	Pip(6-carbonyl)	(2S)-6-oxopiperidine-2-carboxylic acid	N-term cap	n_cap	X	143.142	-0.2602999999999998	66.4	14.7	TRUE	C1C(=O)N[C@@H](CC1)C(=O)O	FZXCPFJMYOQZCA-BYPYZUCNSA-N
DTPA	2-[bis[2-[bis(carboxymethyl)amino]ethyl]amino]acetic acid	DTPA	2-((2-((2-(bis(2-hydroxy-2-oxoethyl)amino)ethyl)(2-hydroxy-2-oxoethyl)amino)ethyl)(2-hydroxy-2-oxoethyl)amino)acetic acid	N-term cap	n_cap	X	393.34900000000016	-2.6845999999999934	196.21999999999997	17.4	TRUE	OC(=O)CN(CC(=O)O)CCN(CC(=O)O)CCN(CC(=O)O)CC(=O)O	QPCDCPDFJACHGM-UHFFFAOYSA-N
NMe2Tyr	methyl N-Methyl-Tyrosine	N(Me2)Tyr	(2S)-2-(dimethylamino)-3-(4-hydroxyphenyl)propanoic acid	N-term cap	n_cap	X	209.24499999999998	0.9495	60.769999999999996	11.8	TRUE	Oc1ccc(cc1)C[C@H](N(C)C)C(=O)O	WJJGAKCAAJOICV-JTQLQIEISA-N
Nnaphth1yl-G	2-(naphthalen-1-ylamino)acetic acid	N-naphth-1-yl-Gly	2-((naphthalen-1-yl)amino)acetic acid	N-term cap	n_cap	X	201.22499999999997	2.3362999999999996	49.33	10.3	TRUE	N(c1(cccc2(ccccc12)))CC(=O)O	SIVZFLKJXSKCGT-UHFFFAOYSA-N
morpholinocarbonyl-Leu	(2S)-4-methyl-2-(morpholine-4-carbonylamino)pentanoic acid	morpholinocarbonyl-Leu	(2S)-4-methyl-2-(morpholin-4-ylcarbonylamino)pentanoic acid	N-term cap	n_cap	X	244.29099999999997	0.5274999999999996	78.87	7.9	TRUE	O1CCN(CC1)C(=O)N[C@@H](CC(C)C)C(=O)O	NZMAANDPAHYSGM-VIFPVBQESA-N
NPh3OMe-G	2-(3-methoxyanilino)acetic acid	N-Ph(3-OMe)-Gly	2-((3-methoxyphenyl)amino)acetic acid	N-term cap	n_cap	X	181.19099999999997	1.1916999999999998	58.56	12	TRUE	N(c1(cccc(OC)c1))CC(=O)O	SKFZRKRPFROPDR-UHFFFAOYSA-N
AziCO2Et-OEt	diethyl (2S,3S)-aziridine-2,3-dicarboxylate	Azi(CO2Et)-OEt	diethyl (2S,3S)-aziridine-2,3-dicarboxylate	C-term cap	c_cap	X	187.19499999999996	-0.5470000000000002	74.54	10.7	TRUE	N1[C@@H]([C@H]1C(=O)OCC)C(=O)OCC	ZDCRASVHGJDHRS-WDSKDSINSA-N
quinazolinedione-Phe	(2S)-2-(2,4-dioxo-1H-quinazolin-3-yl)-3-phenylpropanoic acid	quinazolinedione-Phe	(2S)-2-(3,5-dioxo-2,4-diazabicyclo[4.4.0]deca-1(6),7,9-trien-4-yl)-3-phenylpropanoic acid	N-term cap	n_cap	X	310.309	1.5582	92.16000000000001	11.3	TRUE	c3cc2[nH]c(=O)n(c(=O)c2cc3)[C@@H](Cc1(ccccc1))C(=O)O	JSHKCLVDTGIHEU-AWEZNQCLSA-N
S-3-aminopiperidin-2-one	(3S)-3-aminopiperidin-2-one	S-3-aminopiperidin-2-one	(3S)-3-aminopiperidin-2-one	C-term cap	c_cap	X	114.148	-0.7763000000000002	55.12	13.2	TRUE	N[C@H]1CCCNC1=O	YCCMTCQQDULIFE-BYPYZUCNSA-N
Ala-al	(2S)-2-aminopropanal	Ala-al	(2S)-2-aminopropanal	C-term cap	c_cap	X	73.095	-0.46750000000000025	43.09	31.2	TRUE	N[C@@H](C)C=O	QPMCUNAXNMSGTK-VKHMYHEASA-N
Arg-OMe	L-Arginine methyl ester	Arg-OMe	methyl (2S)-2-amino-5-((diaminomethylidene)amino)pentanoate	C-term cap	c_cap	X	188.231	-1.459699999999998	116.72	12.6	TRUE	N[C@H](C(=O)OC)CCCN=C(N)N	ZDLDXNCMJBOYJV-YFKPBYRVSA-N
His-OMe	Histidine methyl ester	His-OMe	methyl (2S)-2-amino-3-(1H-imidazol-4-yl)propanoate	C-term cap	c_cap	X	169.184	-0.5475000000000003	81.00000000000001	18.9	TRUE	N[C@H](C(=O)OC)Cc1c[nH]cn1	BXRMEWOQUXOLDH-LURJTMIESA-N
Ala-OMe	L-Alanine methyl ester	Ala-OMe	methyl (2S)-2-aminopropanoate	C-term cap	c_cap	X	103.12099999999998	-0.4934000000000003	52.32000000000001	24.5	TRUE	N[C@@H](C)C(=O)OC	DWKPPFQULDPWHX-VKHMYHEASA-N
D-Pro-OBn	D-Proline benzyl ester	D-Pro-OBn	benzyl (2R)-pyrrolidine-2-carboxylate	C-term cap	c_cap	X	205.257	1.4817999999999996	38.33	8.5	TRUE	N2[C@H](CCC2)C(=O)OCc1ccccc1	VVCLBQFBKZQOAF-LLVKDONJSA-N
D-Nva-OMe	D-norvaline methyl ester	D-Nva-OMe	methyl (2R)-2-aminopentanoate	C-term cap	c_cap	X	131.17499999999998	0.2867999999999997	52.32000000000001	13	TRUE	N[C@H](CCC)C(=O)OC	VXGRMCZTYDXKQW-RXMQYKEDSA-N
aGuanidino-Ala	(2S)-2-(diaminomethylideneamino)propanoic acid	aGuanidino-Ala	(2S)-2-((diaminomethylidene)amino)propanoic acid	N-term cap	n_cap	X	131.135	-1.2670999999999997	101.7	9	TRUE	NC(N)=N[C@@H](C)C(=O)O	DVNFLGLGNLXITH-REOHCLBHSA-N
HOCOCH2-bAla-ol	2-(3-hydroxypropylamino)acetic acid	HOCOCH2-bAla-ol	2-((3-hydroxypropyl)amino)acetic acid	N-term cap	n_cap	X	133.147	-0.9570000000000003	69.56	17.7	TRUE	N(CCCO)CC(=O)O	QIVWFDDLWNUYST-UHFFFAOYSA-N
hPhe-OBn	Homophenylalanine benzyl ester	hPhe-OBn	benzyl (2S)-2-amino-4-phenylbutanoate	C-term cap	c_cap	X	269.34399999999994	2.6899000000000006	52.32000000000001	7.3	TRUE	N[C@@H](CCc2(ccccc2))C(=O)OCc1ccccc1	VYEIIPLQOBKTAZ-INIZCTEOSA-N
Gly-Me	Glycine methyl	Gly-Me	1-aminopropan-2-one	C-term cap	c_cap	X	73.09499999999998	-0.4659000000000002	43.09	19.9	TRUE	NCC(C)=O	BCDGQXUMWHRQCB-UHFFFAOYSA-N
NMe2Leu	methyl N-Methyl-Leucine	N(Me2)Leu	(2S)-2-(dimethylamino)-4-methylpentanoic acid	N-term cap	n_cap	X	159.22899999999998	1.0473	40.540000000000006	19.3	TRUE	CC(C)C[C@H](N(C)C)C(=O)O	FZLYRJBAUQHHIH-ZETCQYMHSA-N
Val-OMe	L-Valine methyl ester	Val-OMe	methyl (2S)-2-amino-3-methylbutanoate	C-term cap	c_cap	X	131.17499999999998	0.14269999999999983	52.32000000000001	20.8	TRUE	N[C@@H](C(C)C)C(=O)OC	CEMZBWPSKYISTN-YFKPBYRVSA-N
D-AziCO2Et-OEt	diethyl (2R,3R)-aziridine-2,3-dicarboxylate	D-Azi(CO2Et)-OEt	diethyl (2R,3R)-aziridine-2,3-dicarboxylate	C-term cap	c_cap	X	187.19499999999996	-0.5470000000000002	74.54	9	TRUE	N1[C@H]([C@@H]1C(=O)OCC)C(=O)OCC	ZDCRASVHGJDHRS-PHDIDXHHSA-N
Dan-Pro	(2S)-1-[5-(dimethylamino)naphthalen-1-yl]sulfonylpyrrolidine-2-carboxylic acid	Dan-Pro	(2S)-1-(5-(dimethylamino)naphthalen-1-ylsulfonyl)pyrrolidine-2-carboxylic acid	N-term cap	n_cap	X	348.42400000000015	2.1435	77.92	7.7	TRUE	CN(C)c3c2c(ccc3)c(ccc2)S(=O)(=O)N1[C@@H](CCC1)C(=O)O	ZHJIWURDCGMVQE-HNNXBMFYSA-N
5F-uracil-1-acetyl	2-(5-fluoro-2,4-dioxopyrimidin-1-yl)acetic acid	5F-uracil-1-acetyl	2-(5-fluoro-2,4-dioxo-1,3-diazacyclohex-5-en-1-yl)acetic acid	N-term cap	n_cap	X	188.11399999999998	-1.2397000000000002	92.16000000000001	9.5	TRUE	O=c1c(F)cn(c(=O)[nH]1)CC(=O)O	CPMUSDZOVZYEJJ-UHFFFAOYSA-N
AlaS-2-oxopyrrolidin-3-yl-OMe	methyl (2S)-2-amino-3-[(3S)-2-oxopyrrolidin-3-yl]propanoate	Ala((S)-2-oxopyrrolidin-3-yl)-OMe	methyl (2S)-2-amino-3-((3S)-2-oxopyrrolidin-3-yl)propanoate	C-term cap	c_cap	X	186.21099999999998	-0.9870999999999996	81.42000000000002	6	TRUE	N[C@H](C(=O)OC)C[C@H]1C(=O)NCC1	ZRXQTUVXCKSWQD-WDSKDSINSA-N
azetidin-4-one-2-CO2H	(2S)-4-oxoazetidine-2-carboxylic acid	azetidin-4-one-2-CO2H	(2S)-4-oxoazetidine-2-carboxylic acid	N-term cap	n_cap	X	115.08799999999998	-1.0405	66.4	10.3	TRUE	O=C1C[C@H](N1)C(=O)O	YSPMLLKKKHCTBN-REOHCLBHSA-N
Ser-OBn	Serine benzyl ester	Ser-OBn	benzyl (2S)-2-amino-3-hydroxypropanoate	C-term cap	c_cap	X	195.21800000000002	0.049399999999999666	72.55	9.3	TRUE	N[C@@H](CO)C(=O)OCc1ccccc1	IIDNACBMUWTYIV-VIFPVBQESA-N
Thz_NH2	(4R)-2-amino-4,5-dihydro-1,3-thiazole-4-carboxylic acid	Thz(NH2)	(4R)-2-imino-thiazolidine-4-carboxylic acid	N-term cap	n_cap	X	146.17100000000002	-0.28923000000000015	73.18	6	TRUE	N=C1N[C@@H](CS1)C(=O)O	VHPXSBIFWDAFMB-REOHCLBHSA-N
CO2iPr-Val	(2S)-3-methyl-2-(propan-2-yloxycarbonylamino)butanoic acid	CO2iPr-Val	(2S)-2-isopropoxycarbonylamino-3-methylbutanoic acid	N-term cap	n_cap	X	203.23799999999997	1.2301999999999997	75.63	12.5	TRUE	CC(C)OC(=O)N[C@@H](C(C)C)C(=O)O	BOEQBJGCRDSQAI-ZETCQYMHSA-N
NMe2Ala	methyl N-Methyl-Alanine	N(Me2)Ala	(2S)-2-(dimethylamino)propanoic acid	N-term cap	n_cap	X	117.14799999999998	0.021100000000000063	40.540000000000006	25.8	TRUE	CN(C)[C@@H](C)C(=O)O	QCYOIFVBYZNUNW-BYPYZUCNSA-N
Gly-OEt	ethyl 2-aminoacetate	Gly-OEt	ethyl 2-aminoacetate	C-term cap	c_cap	X	103.121	-0.49180000000000024	52.32000000000001	29.9	TRUE	NCC(=O)OCC	NTNZTEQNFHNYBC-UHFFFAOYSA-N
Me-Ala-OMe	methyl (2S)-2-(methylamino)propanoate	Me-Ala-OMe	methyl (2S)-2-(methylamino)propanoate	C-term cap	c_cap	X	117.14799999999998	-0.23270000000000035	38.33	17	TRUE	N(C)[C@@H](C)C(=O)OC	PQIUHUKRJAOTLS-BYPYZUCNSA-N
PhNHCO-Val	(2S)-3-methyl-2-(phenylcarbamoylamino)butanoic acid	PhNHCO-Val	(2S)-3-methyl-2-(phenylcarbamoylamino)butanoic acid	N-term cap	n_cap	X	236.271	1.9172999999999998	78.43	8.8	TRUE	c1ccc(cc1)NC(=O)N[C@@H](C(C)C)C(=O)O	IIJAEFRNONKHQP-JTQLQIEISA-N
Mbzl-Gly-	2-[(4-methylphenyl)methylamino]acetic acid	Mbzl-Gly	2-(((4-methylphenyl)methyl)amino)acetic acid	N-term cap	n_cap	X	179.21899999999997	1.16922	49.33	15.5	TRUE	N(Cc1(ccc(C)cc1))CC(=O)O	LZBYHWQHNZFDSR-UHFFFAOYSA-N
Lys-OBn	Lysine benzyl ester	Lys-OBn	benzyl (2S)-2,6-diaminohexanoate	C-term cap	c_cap	X	236.31500000000003	1.1860999999999995	78.34	7.5	TRUE	N[C@@H](CCCCN)C(=O)OCc1ccccc1	XXAYGJGDVLSEML-LBPRGKRZSA-N
-Glu-OMe	Glutamic acid methyl ester	Glu-OMe	(4S)-4-amino-4-(methoxycarbonyl)butanoic acid	C-term cap	c_cap	X	161.157	-0.6484999999999999	89.62000000000002	10.9	TRUE	N[C@H](C(=O)OC)CCC(=O)O	SEWIYICDCVPBEW-BYPYZUCNSA-N
Leu-OBn	L-Leucine benzyl ester	Leu-OBn	benzyl (2S)-2-amino-4-methylpentanoate	C-term cap	c_cap	X	221.3	2.1031999999999997	52.32000000000001	10.8	TRUE	N[C@@H](CC(C)C)C(=O)OCc1ccccc1	MBRRYUQWSOODEO-LBPRGKRZSA-N
piperazinoacetyl	2-piperazin-1-ylacetic acid	piperazinoacetyl	2-(piperazin-1-yl)acetic acid	N-term cap	n_cap	X	144.174	-1.0237999999999992	52.57000000000001	16.1	TRUE	N1CCN(CC1)CC(=O)O	WRJZKSHNBALIGH-UHFFFAOYSA-N
H2NCO-Tyr	(2S)-2-(carbamoylamino)-3-(4-hydroxyphenyl)propanoic acid	H2NCO-Tyr	(2S)-2-(carbamoylamino)-3-(4-hydroxyphenyl)propanoic acid	N-term cap	n_cap	X	224.21599999999998	0.05619999999999986	112.64999999999999	12.5	TRUE	Oc1ccc(cc1)C[C@H](NC(=O)N)C(=O)O	PNLKYZVGQWCHBH-QMMMGPOBSA-N
Ac3c-OMe	methyl 1-aminocyclopropane-1-carboxylate	Ac3c-OMe	methyl 1-aminocyclopropanecarboxylate	C-term cap	c_cap	X	115.13199999999999	-0.34930000000000017	52.32000000000001	8.2	TRUE	NC1(CC1)C(=O)OC	CSHMCEYIMFSLSS-UHFFFAOYSA-N
amidino-Sar	2-[carbamimidoyl(methyl)amino]acetic acid	amidino-Sar	2-(((amino)(imino)methyl)(methyl)amino)acetic acid	N-term cap	n_cap	X	131.135	-1.1037299999999999	90.41000000000001	13	TRUE	NC(=N)N(C)CC(=O)O	CVSVTCORWBXHQV-UHFFFAOYSA-N
decahydroisoquinoline-3-CO2H	(3S,4aS,8aS)-1,2,3,4,4a,5,6,7,8,8a-decahydroisoquinoline-3-carboxylic acid	decahydroisoquinoline-3-CO2H	(1S,4S,6S)-3-azabicyclo[4.4.0]decane-4-carboxylic acid	N-term cap	n_cap	X	183.251	1.2392999999999998	49.33	10.5	TRUE	N2[C@@H](C[C@@H]1(CCCC[C@@H]1C2))C(=O)O	NSENYWQRQUNUGD-YIZRAAEISA-N
Phe-Me	Phenylalanine methyl	Phe-Me	(3S)-3-amino-4-phenylbutan-2-one	C-term cap	c_cap	X	163.22	1.1454	43.09	12.5	TRUE	N[C@H](C(=O)C)Cc1ccccc1	RTUDQBPZFFIRAD-JTQLQIEISA-N
NMe2Ser	methyl N-Methyl-Serine	N(Me2)Ser	(2S)-2-(dimethylamino)-3-hydroxypropanoic acid	N-term cap	n_cap	X	133.147	-1.0064999999999995	60.769999999999996	12.1	TRUE	OC[C@H](N(C)C)C(=O)O	UHOZUUWRLMQQBZ-BYPYZUCNSA-N
2Ph-benzimidazol-1-acetyl	2-(2-phenylbenzimidazol-1-yl)acetic acid	2Ph-benzimidazol-1-acetyl	2-(2-phenyl-1H-benzimidazol-1-yl)acetic acid	N-term cap	n_cap	X	252.27299999999997	2.7878999999999996	55.120000000000005	8.3	TRUE	c3ccc(cc3)c2n(c1(ccccc1n2))CC(=O)O	YIZCZAATUVLJSG-UHFFFAOYSA-N
-D-Met_O2	(2R)-2-amino-4-methylsulfonylbutanoic acid	D-Met(O2)	(2R)-2-amino-4-(methylsulfonyl)butanoic acid	C-term cap	c_cap	X	181.213	-1.1670000000000005	97.46000000000001	8	TRUE	N[C@@H](C(=O)O)CCS(=O)(C)=O	UCUNFLYVYCGDHP-SCSAIBSYSA-N
D-Phe_4BO2	(2R)-2-amino-3-(4-boronophenyl)propanoic acid	D-Phe(4-BO2)	(2R)-2-amino-3-(4-(dihydroxyboryl)phenyl)propanoic acid	C-term cap	c_cap	X	209.01000000000002	-1.6792000000000002	103.78000000000002	5.6	TRUE	N[C@@H](C(=O)O)Cc1ccc(cc1)B(O)O	NFIVJOSXJDORSP-MRVPVSSYSA-N
Tyr-OMe	Tyrosine methyl ester	Tyr-OMe	methyl (2S)-2-amino-3-(4-hydroxyphenyl)propanoate	C-term cap	c_cap	X	195.21800000000002	0.43499999999999944	72.55000000000001	16.2	TRUE	N[C@H](C(=O)OC)Cc1ccc(cc1)O	MWZPENIJLUWBSY-VIFPVBQESA-N
D-Glu_OBn	D-Glutamic acid gamma-benzyl ester	D-Glu(OBn)	(2R)-2-amino-4-(benzyloxycarbonyl)butanoic acid	N-term cap	n_cap	X	237.25500000000002	0.9218999999999999	89.62000000000002	7.4	TRUE	N[C@H](CCC(=O)OCc1(ccccc1))C(=O)O	BGGHCRNCRWQABU-SNVBAGLBSA-N
Deg-OMe	methyl 2-amino-2-ethylbutanoate	Deg-OMe	methyl 2-amino-2-ethylbutanoate	C-term cap	c_cap	X	145.202	0.6768999999999998	52.32000000000001	12	TRUE	NC(CC)(CC)C(=O)OC	JATPQYOJRYBVGT-UHFFFAOYSA-N
Ac5c-OEt	ethyl 1-aminocyclopentane-1-carboxylate	Ac5c-OEt	ethyl 1-aminocyclopentanecarboxylate	C-term cap	c_cap	X	157.213	0.821	52.32000000000001	7.5	TRUE	NC1(CCCC1)C(=O)OCC	NLLGKNYQDQBMFW-UHFFFAOYSA-N
uracil-6-carbonyl	2,4-dioxo-1H-pyrimidine-6-carboxylic acid	uracil-6-carbonyl	2,6-dioxo-1,3-diazacyclohex-4-ene-4-carboxylic acid	N-term cap	n_cap	X	156.097	-1.2386000000000001	103.02	11.4	TRUE	[nH]1c(=O)cc([nH]c1=O)C(=O)O	PXQPEWDEAKTCGB-UHFFFAOYSA-N
Asn_iPr_For	(4S)-2,6-dioxo-1-propan-2-yl-1,3-diazinane-4-carboxylic acid	Asn(iPr,For)	(4S)-2,6-dioxo-1-(propan-2-yl)-1,3-diazacyclohexane-4-carboxylic acid	N-term cap	n_cap	X	200.194	-0.21010000000000023	86.71000000000001	5.2	TRUE	CC(C)N1C(=O)C[C@H](NC1=O)C(=O)O	QMDDCUJEBOIACT-YFKPBYRVSA-N
NMe2Thr	methyl N-Methyl-Threonine	N(Me2)Thr	(2S,3R)-2-(dimethylamino)-3-hydroxybutanoic acid	N-term cap	n_cap	X	147.174	-0.6179999999999997	60.769999999999996	14.9	FALSE	O[C@H](C)[C@H](N(C)C)C(=O)O	CIVVRPHZRYVSCF-UHNVWZDZSA-N
CO2cPent-Val_2Me	(2S)-2-(cyclopentyloxycarbonylamino)-3,3-dimethylbutanoic acid	CO2cPent-Val(2-Me)	(2S)-2-cyclopentyloxycarbonylamino-3,3-dimethylbutanoic acid	N-term cap	n_cap	X	243.303	2.1545	75.63	15.2	TRUE	C1CC(CC1)OC(=O)N[C@@H](C(C)(C)C)C(=O)O	VKOXJCPQUQBCAJ-SECBINFHSA-N
NMe-Tic	methyl 1,2,3,4-tetrahydro-3-isoquinolinecarboxylic acid	Me-Tic	(4S)-3-methyl-3-azabicyclo[4.4.0]deca-1(6),7,9-triene-4-carboxylic acid	N-term cap	n_cap	X	191.23	1.1277	40.540000000000006	13.6	TRUE	c2cc1CN(C)[C@@H](Cc1cc2)C(=O)O	SKFOSDNQLGCEHM-JTQLQIEISA-N
Val-OBn	Valine benzyl ester	Val-OBn	benzyl (2S)-2-amino-3-methylbutanoate	C-term cap	c_cap	X	207.273	1.7130999999999998	52.32000000000001	9.8	TRUE	N[C@@H](C(C)C)C(=O)OCc1ccccc1	YIRBOOICRQFSOK-NSHDSACASA-N
Dip-OMe	methyl (2S)-2-amino-3,3-diphenylpropanoate	Dip-OMe	methyl (2S)-2-amino-3,3-diphenylpropanoate	C-term cap	c_cap	X	255.31700000000004	2.3187999999999995	52.32000000000001	5.5	TRUE	N[C@H](C(=O)OC)C(c2(ccccc2))c1ccccc1	JJIQQSXXWLDXNO-HNNXBMFYSA-N
Val-al	(2S)-2-amino-3-methylbutanal	Val-al	(2S)-2-amino-3-methylbutanal	C-term cap	c_cap	X	101.14899999999999	0.16859999999999986	43.09	23	TRUE	N[C@@H](C(C)C)C=O	DVOFEOSDXAVUJD-RXMQYKEDSA-N
D-hPhe-OEt	ethyl (2R)-2-amino-4-phenylbutanoate	D-hPhe-OEt	ethyl (2R)-2-amino-4-phenylbutanoate	C-term cap	c_cap	X	207.27300000000002	1.5095999999999996	52.32000000000001	11.6	TRUE	N[C@@H](C(=O)OCC)CCc1ccccc1	WFLQXECQLHZKMV-LLVKDONJSA-N
1-oxoisoquinolin-2-acetyl	2-(1-oxoisoquinolin-2-yl)acetic acid	1-oxoisoquinolin-2-acetyl	2-(2-oxo-3-azabicyclo[4.4.0]deca-1(6),4,7,9-tetraen-3-yl)acetic acid	N-term cap	n_cap	X	203.19699999999997	1.0860999999999998	59.3	8.7	TRUE	c2cc1ccn(c(=O)c1cc2)CC(=O)O	SMAQTXRPPCAWTK-UHFFFAOYSA-N
D-Pro-OMe	D-Proline methyl ester	D-Pro-OMe	methyl (2R)-pyrrolidine-2-carboxylate	C-term cap	c_cap	X	129.159	-0.08860000000000023	38.33	14.5	TRUE	N1[C@H](CCC1)C(=O)OC	BLWYXBNNBYXPPL-RXMQYKEDSA-N
4Ph-1-oxophthalazin-2-acetyl	2-(1-oxo-4-phenylphthalazin-2-yl)acetic acid	4Ph-1-oxophthalazin-2-acetyl	2-(2-oxo-5-phenyl-3,4-diazabicyclo[4.4.0]deca-1(10),4,6,8-tetraen-3-yl)acetic acid	N-term cap	n_cap	X	280.283	2.1481	72.19	7.9	TRUE	c3ccc(cc3)c1nn(c(=O)c2(ccccc12))CC(=O)O	GYXUGIHFRFKEMD-UHFFFAOYSA-N
Ser-OMe	L-Serine methyl ester	Ser-OMe	methyl (2S)-2-amino-3-hydroxypropanoate	C-term cap	c_cap	X	119.11999999999999	-1.521	72.55	24.7	TRUE	N[C@@H](CO)C(=O)OC	ANSUDRATXSJBLY-VKHMYHEASA-N
Leu-OEt	ethyl (2S)-2-amino-4-methylpentanoate	Leu-OEt	ethyl (2S)-2-amino-4-methylpentanoate	C-term cap	c_cap	X	159.22899999999998	0.9228999999999996	52.32000000000001	14.6	TRUE	N[C@@H](CC(C)C)C(=O)OCC	QIGLJVBIRIXQRN-ZETCQYMHSA-N
Sar-OMe	methyl 2-(methylamino)acetate	Sar-OMe	methyl 2-(methylamino)acetate	C-term cap	c_cap	X	103.12099999999998	-0.6212000000000002	38.33	19.4	TRUE	N(C)CC(=O)OC	VXGABWCSZZWXPC-UHFFFAOYSA-N
amidino-Pro	(2S)-1-carbamimidoylpyrrolidine-2-carboxylic acid	amidino-Pro	(2S)-1-((amino)(imino)methyl)pyrrolidine-2-carboxylic acid	N-term cap	n_cap	X	157.173	-0.5711299999999999	90.41000000000001	7.6	TRUE	NC(=N)N1[C@@H](CCC1)C(=O)O	ZXPRYJHVDMWTMA-BYPYZUCNSA-N
NMe2Ile	methyl N-Methyl-Isoleucine	N(Me2)Ile	(2S,3S)-2-(dimethylamino)-3-methylpentanoic acid	N-term cap	n_cap	X	159.22899999999998	1.0473	40.540000000000006	11.8	TRUE	CC[C@H](C)[C@H](N(C)C)C(=O)O	OQJJVXKMPUJFJK-BQBZGAKWSA-N
Pht-Phe	(2S)-2-(1,3-dioxoisoindol-2-yl)-3-phenylpropanoic acid	Pht-Phe	(2S)-2-(7,9-dioxo-8-azabicyclo[4.3.0]nona-1(6),2,4-trien-8-yl)-3-phenylpropanoic acid	N-term cap	n_cap	X	295.29400000000004	1.9785000000000001	74.68	7.5	TRUE	c3cc2C(=O)N(C(=O)c2cc3)[C@@H](Cc1(ccccc1))C(=O)O	VAYRSTHMTWUHGE-AWEZNQCLSA-N
D-4-thia-Pip_carbonyl_5RMe	(3R,6R)-6-methyl-5-oxothiomorpholine-3-carboxylic acid	D-4-thia-Pip(carbonyl,5R-Me)	(3R,6R)-6-methyl-5-oxothiomorpholine-3-carboxylic acid	N-term cap	n_cap	X	175.20899999999997	-0.30890000000000023	66.4	6.5	TRUE	C[C@H]1SC[C@H](NC1=O)C(=O)O	QJFTZLOJRRSNEI-DMTCNVIQSA-N
Trp-OBn	Tryptophan benzyl ester	Trp-OBn	benzyl (2S)-2-amino-3-(1H-indol-3-yl)propanoate	C-term cap	c_cap	X	294.354	2.7811000000000012	68.11	14.9	TRUE	N[C@@H](Cc2(c[nH]c3(ccccc23)))C(=O)OCc1ccccc1	TYQYRKDGHAPZRF-INIZCTEOSA-N
S-3-aminoazepan-2-one	(3S)-3-aminoazepan-2-one	S-3-aminoazepan-2-one	(3S)-3-amino-1-azacycloheptan-2-one	C-term cap	c_cap	X	128.17499999999998	-0.38620000000000076	55.120000000000005	16.1	TRUE	N[C@@H]1C(=O)NCCCC1	BOWUOGIPSRVRSJ-YFKPBYRVSA-N
Asn_For	(4S)-2,6-dioxo-1,3-diazinane-4-carboxylic acid	Asn(For)	(4S)-2,6-dioxo-1,3-diazacyclohexane-4-carboxylic acid	N-term cap	n_cap	X	158.113	-1.3309	95.50000000000001	10.6	TRUE	N1C(=O)N[C@@H](CC1=O)C(=O)O	UFIVEPVSAGBUSI-REOHCLBHSA-N
NMe2Phe	methyl N-Methyl-Phenylalanine	N(Me2)Phe	(2S)-2-(dimethylamino)-3-phenylpropanoic acid	N-term cap	n_cap	X	193.24599999999998	1.2439	40.540000000000006	15.4	TRUE	c1ccc(cc1)C[C@H](N(C)C)C(=O)O	HOGIQTACRLIOHC-JTQLQIEISA-N
Phe-OBn	L-Phenylalanine benzyl ester	Phe-OBn	benzyl (2S)-2-amino-3-phenylpropanoate	C-term cap	c_cap	X	255.31699999999995	2.2998000000000003	52.32000000000001	10.3	TRUE	N[C@@H](Cc2(ccccc2))C(=O)OCc1ccccc1	FPRSPUHXEPWUBZ-HNNXBMFYSA-N
Thz_carbonyl	(4R)-2-oxo-1,3-thiazolidine-4-carboxylic acid	Thz(carbonyl)	(4R)-2-oxo-thiazolidine-4-carboxylic acid	N-term cap	n_cap	X	147.155	-0.10399999999999993	66.4	8.2	TRUE	O=C1N[C@@H](CS1)C(=O)O	BMLMGCPTLHPWPY-REOHCLBHSA-N
Gly-OMe	Glycine methyl ester	Gly-OMe	methyl 2-aminoacetate	C-term cap	c_cap	X	89.094	-0.8819000000000001	52.32000000000001	28.5	TRUE	NCC(=O)OC	KQSSATDQUYCRGS-UHFFFAOYSA-N
Glu_OEt-	(2S)-2-amino-5-ethoxy-5-oxopentanoic acid	Glu(OEt)	(2S)-2-amino-4-(ethoxycarbonyl)butanoic acid	N-term cap	n_cap	X	175.18399999999997	-0.25840000000000046	89.62000000000002	9.3	TRUE	N[C@@H](CCC(=O)OCC)C(=O)O	XMQUEQJCYRFIQS-YFKPBYRVSA-N
Bn3-F-Gly-	2-[(3-fluorophenyl)methylamino]acetic acid	Bn(3-F)-Gly	2-(((3-fluorophenyl)methyl)amino)acetic acid	N-term cap	n_cap	X	183.18199999999996	0.9999000000000002	49.33	12	TRUE	N(Cc1(cccc(F)c1))CC(=O)O	FYGJHZLHWJYEAC-UHFFFAOYSA-N
Ac6c-OMe	methyl 1-aminocyclohexane-1-carboxylate	Ac6c-OMe	methyl 1-aminocyclohexanecarboxylate	C-term cap	c_cap	X	157.21299999999997	0.8209999999999995	52.32000000000001	9.4	TRUE	NC1(C(=O)OC)CCCCC1	KRDTUMQGDPZWMF-UHFFFAOYSA-N
H2NCO-Met	(2S)-2-(carbamoylamino)-4-methylsulfanylbutanoic acid	H2NCO-Met	(2S)-2-(carbamoylamino)-4-(methylsulfanyl)butanoic acid	N-term cap	n_cap	X	192.23999999999998	-0.13900000000000023	92.42	8.4	TRUE	CSCC[C@H](NC(=O)N)C(=O)O	DEWDMTSMCKXBNP-BYPYZUCNSA-N
NMe-Aib-	methyl alpha-aminoisobutyric acid (2-aminoalanine)	Me-Aib	2-methyl-2-(methylamino)propanoic acid	N-term cap	n_cap	X	117.14799999999998	0.06899999999999967	49.33	19	TRUE	N(C)C(C)(C)C(=O)O	DLAMVQGYEVKIRE-UHFFFAOYSA-N
S-3-aminopyrrolidine-25-dione	(3S)-3-aminopyrrolidine-2,5-dione	S-3-aminopyrrolidine-2,5-dione	(3S)-3-aminopyrrolidine-2,5-dione	C-term cap	c_cap	X	114.10399999999998	-1.6397999999999997	72.19	28.4	TRUE	N[C@H]1CC(NC1=O)=O	YDNMHDRXNOHCJH-REOHCLBHSA-N
Ac4c-OMe	methyl 1-aminocyclobutane-1-carboxylate	Ac4c-OMe	methyl 1-aminocyclobutanecarboxylate	C-term cap	c_cap	X	129.159	0.040799999999999725	52.32000000000001	7.2	TRUE	NC1(CCC1)C(=O)OC	SGXOPTPGZBLQAY-UHFFFAOYSA-N
Ala-OEtPh	2-phenylethyl (2S)-2-aminopropanoate	Ala-OEtPh	2-phenylethyl (2S)-2-aminopropanoate	C-term cap	c_cap	X	193.246	1.1194999999999993	52.32000000000001	10.1	TRUE	N[C@@H](C)C(=O)OCCc1ccccc1	FUIKOCBJCDGKFN-VIFPVBQESA-N
Phe-OMe	L-Phenylalanine methyl ester	Phe-OMe	methyl (2S)-2-amino-3-phenylpropanoate	C-term cap	c_cap	X	179.21900000000002	0.7293999999999992	52.32000000000001	30.5	TRUE	N[C@H](C(=O)OC)Cc1ccccc1	VSDUZFOSJDMAFZ-VIFPVBQESA-N
Gly-al	2-aminoacetaldehyde	Gly-al	2-aminoethanal	C-term cap	c_cap	X	59.068	-0.8560000000000001	43.09	32.9	FALSE	NCC=O	LYIIBVSRGJSHAV-UHFFFAOYSA-N
NMe2Val	methyl N-Methyl-Valine	N(Me2)Val	(2S)-2-(dimethylamino)-3-methylbutanoic acid	N-term cap	n_cap	X	145.202	0.6572	40.540000000000006	16.6	TRUE	CN(C)[C@@H](C(C)C)C(=O)O	APGLTERDKORUHK-LURJTMIESA-N
Ala-OBn	L-Alanine benzyl ester	Ala-OBn	benzyl (2S)-2-aminopropanoate	C-term cap	c_cap	X	179.219	1.0769999999999995	52.32000000000001	20.3	TRUE	N[C@@H](C)C(=O)OCc1ccccc1	YGYLYUIRSJSFJS-QMMMGPOBSA-N
-Phe_2OH	(2S)-2-amino-3-(2-hydroxyphenyl)propanoic acid	Phe(2-OH)	(2S)-2-amino-3-(2-hydroxyphenyl)propanoic acid	C-term cap	c_cap	X	181.191	0.3465999999999994	83.55000000000001	8.1	TRUE	N[C@H](C(=O)O)Cc1ccccc1O	WRFPVMFCRNYQNR-ZETCQYMHSA-N
Ac8c-OMe	methyl 1-aminocyclooctane-1-carboxylate	Ac8c-OMe	methyl 1-aminocyclooctanecarboxylate	C-term cap	c_cap	X	185.26699999999994	1.6011999999999995	52.32000000000001	6.4	TRUE	NC1(C(=O)OC)CCCCCCC1	LLDGFHBTNMXXOL-UHFFFAOYSA-N
D-Pro-OEt	ethyl (2R)-pyrrolidine-2-carboxylate	D-Pro-OEt	ethyl (2R)-pyrrolidine-2-carboxylate	C-term cap	c_cap	X	143.18599999999998	0.3014999999999999	38.33	10.1	TRUE	N1[C@H](CCC1)C(=O)OCC	QPNJHVDIRZNKOX-ZCFIWIBFSA-N
Isox_3OMe	3-methoxy-isoxazole-5-carboxylic acid	Isox(3-OMe)	3-methoxyisoxazole-5-carboxylic acid	N-term cap	n_cap	X	143.098	0.38139999999999996	72.56	6.4	TRUE	COc1cc(on1)C(=O)O	WMMGHBYADJNEOC-UHFFFAOYSA-N
3CF3-tetrahydroindazol-1-acetyl	[3-(trifluoromethyl)-4,5,6,7-tetrahydro-1H-indazol-1-yl]acetic acid	3CF3-tetrahydroindazol-1-acetyl	2-(9-(trifluoromethyl)-7,8-diazabicyclo[4.3.0]nona-1(6),8-dien-7-yl)acetic acid	N-term cap	n_cap	X	248.20399999999995	1.8653	55.120000000000005	10	FALSE	C2CCc1n(nc(c1C2)C(F)(F)F)CC(=O)O	NOFFCWXIBYKMBU-UHFFFAOYSA-N
3S4S-amino-4-Me-dihydropyran-2-one	(3S,4S)-3-amino-4-methyl-3,4-dihydro-2H-pyran-2-one	3S,4S-amino-4-Me-dihydropyran-2-one	(3S,4S)-3-amino-4-methyl-1-oxacyclohex-5-en-2-one	C-term cap	c_cap	X	127.14299999999997	0.020299999999999985	52.32000000000001	0.7	FALSE	N[C@@H]1C(=O)OC=C[C@@H]1C	SBDJAXOULWQEQY-WHFBIAKZSA-N
Orn_Bz_3I	N~5~-(3-iodobenzoyl)-L-ornithine	Orn(Bz(3-I))	(2S)-2-amino-5-(3-iodophenylcarbonylamino)pentanoic acid	N-term cap	n_cap	X	362.16700000000003	1.2130999999999996	92.42	0.5	FALSE	N[C@@H](CCCNC(=O)c1(cccc(I)c1))C(=O)O	ZXXSCSOQVZWLAM-JTQLQIEISA-N
D-Dap_homovanilloyl	3-{[(4-hydroxy-3-methoxyphenyl)acetyl]amino}-D-alanine	D-Dap(homovanilloyl)	(2R)-2-amino-3-((4-hydroxy-3-methoxyphenyl)methylcarbonylamino)propanoic acid	N-term cap	n_cap	X	268.26899999999995	-0.5286	121.88000000000001	0.7	FALSE	N[C@H](CNC(=O)Cc1(ccc(O)c(OC)c1))C(=O)O	MDFLYKRAUFGSSB-MRVPVSSYSA-N
PrSO2-D-Thr	N-(propylsulfonyl)-D-threonine	PrSO2-D-Thr	(2R,3S)-3-hydroxy-2-propylsulfonylaminobutanoic acid	N-term cap	n_cap	X	225.266	-0.8501999999999996	103.7	1.6	FALSE	CCCS(=O)(=O)N[C@H]([C@@H](O)C)C(=O)O	ZTJRRQPXOMIKLP-NTSWFWBYSA-N
cHexCH2-Pro	1-(cyclohexylmethyl)-L-proline	cHexCH2-Pro	(2S)-1-(cyclohexylmethyl)pyrrolidine-2-carboxylic acid	N-term cap	n_cap	X	211.30499999999998	2.1157	40.540000000000006	7.7	FALSE	C2CCC(CC2)CN1[C@@H](CCC1)C(=O)O	XRYRJXQJSTWFDB-NSHDSACASA-N
Pip_g_gdiMe	(1R,2S,5S)-6,6-dimethyl-3-azabicyclo[3.1.0]hexane-2-carboxylic acid	Pip(g,g-diMe)	(1R,2S,5S)-6,6-dimethyl-3-azabicyclo[3.1.0]hexane-2-carboxylic acid	N-term cap	n_cap	X	155.197	0.31499999999999967	49.33	6.9	FALSE	N1[C@@H]([C@@H]2([C@H](C1)C2(C)C))C(=O)O	SSKYNJZREFFALT-ZLUOBGJFSA-N
Hyp_quinolin4yl_2thiazol4yl_7OMe_8Br	(4R)-4-[(8-bromo-7-methoxy-2-{2-[(2-methylpropanoyl)amino]-1,3-thiazol-4-yl}quinolin-4-yl)oxy]-L-proline	Hyp(quinolin-4-yl(2-thiazol-4-yl,7-OMe,8-Br))	(2S,4R)-4-((8-bromo-7-methoxy-2-(2-(propan-2-ylcarbonylamino)thiazol-4-yl)quinolin-4-yl)oxy)pyrrolidine-2-carboxylic acid	N-term cap	n_cap	X	535.4200000000003	3.9178000000000024	122.67	2.3	FALSE	N4[C@@H](C[C@@H](Oc1(cc(nc2(c(Br)c(OC)ccc12))c3(csc(n3)NC(=O)C(C)C)))C4)C(=O)O	QSUXZKXMOTVMGR-RISCZKNCSA-N
Hyp_quinolin4yl_2thiazol4yl_7OMe	(4R)-4-[(7-methoxy-2-{2-[(2-methylpropanoyl)amino]-1,3-thiazol-4-yl}quinolin-4-yl)oxy]-L-proline	Hyp(quinolin-4-yl(2-thiazol-4-yl,7-OMe))	(2S,4R)-4-((7-methoxy-2-(2-(propan-2-ylcarbonylamino)thiazol-4-yl)quinolin-4-yl)oxy)pyrrolidine-2-carboxylic acid	N-term cap	n_cap	X	456.5240000000002	3.1553000000000013	122.67	2.5	FALSE	N4[C@@H](C[C@@H](Oc1(cc(nc2(cc(OC)ccc12))c3(csc(n3)NC(=O)C(C)C)))C4)C(=O)O	IKWNXRAYNMPEFW-DYVFJYSZSA-N
Bn3-OMe3-OMe4-OMe-Pro	1-(3,4,5-trimethoxybenzyl)-L-proline	Bn(3-OMe,3-OMe,4-OMe)-Pro	(2S)-1-((3,4,5-trimethoxyphenyl)methyl)pyrrolidine-2-carboxylic acid	N-term cap	n_cap	X	295.335	1.7613999999999999	68.23	5.6	FALSE	COc2c(OC)cc(cc2OC)CN1[C@@H](CCC1)C(=O)O	LVFDRCYXLYHJCR-NSHDSACASA-N
D-Cha_Nsulfamoyl	3-cyclohexyl-N-sulfamoyl-D-alanine	D-Cha(N-sulfamoyl)	(2R)-2-sulfamoylamino-3-cyclohexylpropanoic acid	N-term cap	n_cap	X	250.32	0.20310000000000034	109.49	1.5	FALSE	C1CCC(CC1)C[C@@H](NS(=O)(=O)N)C(=O)O	LHUDYJGZVNZVTM-MRVPVSSYSA-N
Abu_MeSH	(2S)-2-AMINO-3-METHYLSULFANYL-BUTANOIC ACID	Abu(MeSH)	(2S)-2-amino-3-(methylsulfanyl)butanoic acid	N-term cap	n_cap	X	149.215	0.14979999999999988	63.32000000000001	11.4	FALSE	N[C@H](C(C)SC)C(=O)O	PWDYHRMBGRYCAP-SRBOSORUSA-N
Abu4R-1-guanidinopiperidin-3-yl-al	(3R)-3-[(2S)-2-amino-3-oxopropyl]piperidine-1-carboximidamide	Abu(4R-1-guanidinopiperidin-3-yl)-al	(2S)-2-amino-3-((3R)-1-((1Z)-(amino)(imino)methyl)piperidin-3-yl)propanal	C-term cap	c_cap	X	198.26999999999998	-0.4918299999999995	96.20000000000002	0.8	FALSE	N[C@H](C=O)C[C@@H]1CN(CCC1)/C(/N)=N\[H]	IRUHYIZUOLOUAT-SFYZADRCSA-N
octahydrocyclopropa34pyrrolo35-bpyrazine1aS4S6aR7aS-4-CO2H	(1aS,4S,6aR,7aS)-octahydro-1H-cyclopropa[4,5]pyrrolo[1,2-a]pyrazine-4-carboxylic acid	octahydrocyclopropa[3,4]pyrrolo[3,5-b]pyrazine(1aS,4S,6aR,7aS)-4-CO2H	(2S,4S,6R,9S)-1,8-diazatricyclo[4.4.0.0^{2,4}]decane-9-carboxylic acid	N-term cap	n_cap	X	182.22299999999998	-0.49440000000000023	52.57000000000001	1.2	FALSE	N1[C@@H](CN3([C@@H](C1)C[C@@H]2(C[C@@H]23)))C(=O)O	RLXWDLCPQAWTPR-NGJRWZKOSA-N
2-amino-2-deoxyadenosine	2'-AMINO-2'-DEOXYADENOSINE	2-amino-2-deoxyadenosine	(2R,3S,4R,5R)-4-amino-5-(5-amino-2,4,7,9-tetraazabicyclo[4.3.0]nona-1,3,5,7-tetraen-9-yl)-2-(hydroxymethyl)oxolan-3-ol	C-term cap	c_cap	X	266.26099999999997	-2.0135999999999994	145.33	10.7	FALSE	Nc3c2c(ncn3)n(cn2)[C@@H]1O[C@@H]([C@@H](O)[C@H]1N)CO	CQKMBZHLOYVGHW-QYYRPYCUSA-N
S-2-aminohexane-11-diol	(2S)-2-AMINOHEXANE-1,1-DIOL	S-2-aminohexane-1,1-diol	(2S)-2-aminohexane-1,1-diol	C-term cap	c_cap	X	133.191	-0.18540000000000068	66.48	12.3	FALSE	N[C@H](C(O)O)CCCC	SUCLLBDDWGZXQQ-YFKPBYRVSA-N
SerO-Gaba4-NHCO-Leu-al	(2S)-2-amino-3-oxopropyl 4-{[(2S)-2-hydroxy-4-methylpentanoyl]amino}butanoate	Ser(O-Gaba(4-NHCO-Leu))-al	(2S)-2-amino-3-oxopropyl 4-((1S)-1-hydroxy-3-methylbutylcarbonylamino)butanoate	C-term cap	c_cap	X	288.344	-0.6407999999999991	118.72000000000001	3.2	FALSE	N[C@H](C=O)COC(=O)CCCNC(=O)[C@@H](O)CC(C)C	GRIOOHXHRRRAIS-MNOVXSKESA-N
Serhexanoyl-al	(2S)-2-amino-3-oxopropyl hexanoate	Ser(hexanoyl)-al	(2S)-2-amino-3-oxopropyl hexanoate	C-term cap	c_cap	X	187.23899999999995	0.6360999999999992	69.39000000000001	7	FALSE	N[C@H](C=O)COC(=O)CCCCC	TWFYCPDKEVVTJF-MRVPVSSYSA-N
Val-2-amino-2-deoxyadenosine	2'-(L-VALYL)AMINO-2'-DEOXYADENOSINE	Val-2-amino-2-deoxyadenosine	(2S)-2-amino-N-((2R,3R,4S,5R)-2-(5-amino-2,4,7,9-tetraazabicyclo[4.3.0]nona-1,3,5,7-tetraen-9-yl)-4-hydroxy-5-(hydroxymethyl)oxolan-3-yl)-3-methylbutanamide	C-term cap	c_cap	X	365.3940000000001	-1.8727999999999974	174.43	3.5	FALSE	N[C@@H](C(C)C)C(=O)N[C@H]3[C@@H](O[C@H](CO)[C@H]3O)n2c1ncnc(N)c1nc2	UPIKYXOKKJTWAH-QNNFVPKKSA-N
Sta-OEt	ethyl (3S,4S)-4-amino-3-hydroxy-6-methylheptanoate	Sta-OEt	ethyl (3S,4S)-4-amino-3-hydroxy-6-methylheptanoate	C-term cap	c_cap	X	203.28199999999995	0.6738999999999997	72.55	5	FALSE	N[C@@H](CC(C)C)[C@@H](O)CC(=O)OCC	WHQQUBMCFYWHIS-IUCAKERBSA-N
Abu4S-1-guanidinopiperidin-3-yl-al	(3S)-3-[(2S)-2-amino-3-oxopropyl]piperidine-1-carboximidamide	Abu(4S-1-guanidinopiperidin-3-yl)-al	(2S)-2-amino-3-((3S)-1-((1E)-(amino)(imino)methyl)piperidin-3-yl)propanal	C-term cap	c_cap	X	198.26999999999998	-0.4918299999999995	96.20000000000002	0.8	FALSE	N[C@H](C=O)C[C@H]1CN(CCC1)/C(/N)=N/[H]	IRUHYIZUOLOUAT-YUMQZZPRSA-N
Azi_Me	(2S,3S)-3-methylaziridine-2-carboxylic acid	Azi(Me)	(2S,3S)-3-methyl-aziridine-2-carboxylic acid	N-term cap	n_cap	X	101.10499999999999	-0.5687	59.24000000000001	7.6	FALSE	N1[C@@H]([C@@H]1C)C(=O)O	QOISFPILRGBKKL-HRFVKAFMSA-N
Ac-Tyr	N-acetyl-L-tyrosine	Ac-Tyr	(2S)-3-(4-hydroxyphenyl)-2-methylcarbonylaminopropanoic acid	N-term cap	n_cap	X	223.22799999999998	0.524	86.63000000000001	14.6	FALSE	Oc1ccc(cc1)C[C@H](NC(=O)C)C(=O)O	CAHKINHBCWCHCF-JTQLQIEISA-N
Ac-Hyp_oct7enyl	(4R)-1-acetyl-4-(oct-7-en-1-yloxy)-L-proline	Ac-Hyp(oct-7-enyl)	(2S,4R)-1-(acetyl)-4-((oct-7-en-1-yl)oxy)pyrrolidine-2-carboxylic acid	N-term cap	n_cap	X	283.368	2.2135	66.84	4.6	FALSE	C=CCCCCCCO[C@@H]1C[C@H](N(C1)C(=O)C)C(=O)O	AGAQQODVIZZKQQ-KGLIPLIRSA-N
Ac-Hyp_hexyl	(4R)-1-acetyl-4-(hexyloxy)-L-proline	Ac-Hyp(hexyl)	(2S,4R)-1-(acetyl)-4-(hexyloxy)pyrrolidine-2-carboxylic acid	N-term cap	n_cap	X	257.3299999999999	1.6573000000000002	66.84	5.8	FALSE	CCCCCCO[C@@H]1C[C@H](N(C1)C(=O)C)C(=O)O	BVWGMAOUTMUKFR-NEPJUHHUSA-N
NMe-Leu_4OAc	(2R,4R)-2-(acetyloxy)-5-methyl-4-(methylamino)hexanoic acid	NMe-Leu(4-OAc)	(2R,4R)-5-methyl-4-(methylamino)-2-(acetoxy)hexanoic acid	N-term cap	n_cap	X	217.265	0.6367999999999998	75.63	1.1	FALSE	N(C)[C@@H](C(C)C)C[C@@H](OC(=O)C)C(=O)O	YRGKJOMDOOLXCN-RKDXNWHRSA-N
2Me-thiazole-5-carbonyl	2-methyl-1,3-thiazole-5-carboxylic acid	2Me-thiazole-5-carbonyl	2-methylthiazole-5-carboxylic acid	N-term cap	n_cap	X	143.167	1.1497199999999999	50.19	16.7	FALSE	Cc1sc(cn1)C(=O)O	QCXCIYPOMMIBHO-UHFFFAOYSA-N
NMe-D-aMePro	(2~{R})-1,2-dimethylpyrrolidine-2-carboxylic acid	Me-D-aMePro	(2R)-1,2-dimethylpyrrolidine-2-carboxylic acid	N-term cap	n_cap	X	143.186	0.5552999999999999	40.540000000000006	8.1	FALSE	C1N(C)[C@](C)(CC1)C(=O)O	BWNGEDLBTNTBMD-SSDOTTSWSA-N
Asp_piperidino	(2S)-2-amino-4-oxo-4-(piperidin-1-yl)butanoic acid	Asp(piperidino)	(2S)-2-amino-4-oxo-4-(piperidin-1-yl)butanoic acid	N-term cap	n_cap	X	200.23799999999997	-0.19910000000000033	83.63000000000001	3.8	FALSE	N[C@@H](CC(=O)N1(CCCCC1))C(=O)O	DFQJEDOASBZINA-ZETCQYMHSA-N
D-hPro-	(R)-homoproline	D-hPro	2-((2R)-pyrrolidin-2-yl)acetic acid	N-term cap	n_cap	X	129.15900000000002	0.2131	49.33	11.7	FALSE	N1[C@H](CCC1)CC(=O)O	ADSALMJPJUKESW-RXMQYKEDSA-N
Thr-NH2	(2S,3R)-2-amino-3-hydroxy-butanamide	Thr-NH2	(2S,3R)-2-amino-3-hydroxybutanamide	C-term cap	c_cap	X	118.13599999999998	-1.8202000000000003	89.34	16.7	FALSE	N[C@H](C(=O)N)[C@@H](C)O	PZUOEYPTQJILHP-GBXIJSLDSA-N
Sec-NH2	3-selanyl-L-alaninamide	Sec-NH2	(2R)-2-amino-3-selanylpropanamide	C-term cap	c_cap	X	167.07000000000002	-1.8819	69.11	5.1	FALSE	N[C@H](C(=O)N)C[SeH]	CLZAHPNIIBPCBI-REOHCLBHSA-N
34-dehydro-Pro	(2S)-3,4-dihydro-2H-pyrrole-2-carboxylic acid	3,4-dehydro-Pro	(2S)-1-azacyclopent-5-ene-2-carboxylic acid	N-term cap	n_cap	X	113.11599999999997	0.30419999999999997	49.66	6.8	FALSE	C1C[C@H](N=C1)C(=O)O	DWAKNKKXGALPNW-BYPYZUCNSA-N
D-NvaPh-NHMe	(2~{R})-2-azanyl-~{N}-methyl-5-phenyl-pentanamide	D-Nva(Ph)-NHMe	(2R)-2-amino-N-methyl-5-phenylpentanamide	C-term cap	c_cap	X	206.28900000000002	1.0825999999999991	55.120000000000005	10.2	FALSE	N[C@@H](C(=O)NC)CCCc1ccccc1	LLYRTUKTZDQAQG-LLVKDONJSA-N
D-4Pal-NHMe	(2~{R})-2-azanyl-~{N}-methyl-3-pyridin-4-yl-propanamide	D-4Pal-NHMe	(2R)-2-amino-N-methyl-3-(pyridin-4-yl)propanamide	C-term cap	c_cap	X	179.223	-0.3026	68.01	9.5	FALSE	N[C@@H](C(=O)NC)Cc1ccncc1	LJVDSZALHNBLNR-MRVPVSSYSA-N
Arg-NH2	ARGININEAMIDE	Arg-NH2	(2S)-2-amino-5-(((amino)(imino)methyl)amino)pentanamide	C-term cap	c_cap	X	173.22000000000003	-1.9377299999999993	131.01000000000002	22.5	FALSE	N[C@H](C(=O)N)CCCNC(=N)N	ULEBESPCVWBNIF-BYPYZUCNSA-N
Ala-SH	THIOALANINE	Ala-SH	(2S)-2-amino-1-thioxopropan-1-ol	C-term cap	c_cap	X	105.16199999999998	0.2189999999999998	46.25	4	FALSE	N[C@@H](C)C(O)=S	YXXURDJTDAAEPH-REOHCLBHSA-N
LysPOOHOC10N5O3-al	5'-O-[(S)-{[(5S)-5-AMINO-6-OXOHEXYL]AMINO}(HYDROXY)PHOSPHORYL]ADENOSINE	Lys(PO(OH,OC10N5O3))-al	N-[(5S)-5-amino-6-oxo-hexyl]-[[(2R,3S,4R,5R)-5-(6-aminopurin-9-yl)-3,4-dihydroxy-oxolan-2-yl]methoxy]phosphonamidic acid	C-term cap	c_cap	X	459.40000000000015	-1.569199999999997	220.96000000000004	9	FALSE	N[C@H](C=O)CCCCN[P@](=O)(O)OC[C@H]3O[C@H]([C@H](O)[C@@H]3O)n2c1ncnc(N)c1nc2	JVYVZNSNEJRNON-UOYPZJKHSA-N
Ac-Pip	1-ACETYL-2-CARBOXYPIPERIDINE	Ac-Pip	(2S)-1-(acetyl)piperidine-2-carboxylic acid	N-term cap	n_cap	X	171.19599999999997	0.4719999999999999	57.61	10.5	FALSE	C1CN(C(=O)C)[C@@H](CC1)C(=O)O	JACZWLDAHFCGCC-ZETCQYMHSA-N
Ala_3R3Cl4_5dihydroisoxazol5yl	(2S)-AMINO[(5S)-3-CHLORO-4,5-DIHYDROISOXAZOL-5-YL]ACETIC ACID	Ala(3R-3-Cl-4,5-dihydroisoxazol-5-yl)	(2S)-2-amino-2-((5S)-3-chloro-1-oxa-2-azacyclopent-2-en-5-yl)acetic acid	N-term cap	n_cap	X	178.575	-0.2605	84.91000000000001	9.3	FALSE	N[C@@H]([C@H]1(ON=C(Cl)C1))C(=O)O	QAWIHIJWNYOLBE-OKKQSCSOSA-N
12-dimethylpropylamine	1,2-DIMETHYL-PROPYLAMINE	1,2-dimethylpropylamine	(2R)-3-methylbutan-2-amine	C-term cap	c_cap	X	87.166	0.9895999999999998	26.02	17.5	FALSE	N[C@H](C)C(C)C	JOZZAIIGWFLONA-RXMQYKEDSA-N
bAla3R-CH2OHbb-diOH-NH2	(3S)-3-amino-4,4,4-trihydroxybutanamide	bAla(3R-CH2OH,b,b-diOH)-NH2	(3S)-3-amino-4,4,4-trihydroxybutanamide	C-term cap	c_cap	X	150.13399999999996	-3.180200000000001	129.8	3.3	FALSE	N[C@H](C(O)(O)O)CC(N)=O	USGVMGIFCLHDGU-REOHCLBHSA-N
NcHept-G	N-cycloheptylglycine	N-cHept-Gly	2-(cycloheptylamino)acetic acid	N-term cap	n_cap	X	171.24	1.3834	49.33	6.8	FALSE	N(C1(CCCCCC1))CC(=O)O	NPLBBQAAYSJEMO-UHFFFAOYSA-N
NcOct-G	N-cyclooctylglycine	N-cOct-Gly	2-(cyclooctylamino)acetic acid	N-term cap	n_cap	X	185.267	1.7735	49.33	6.7	FALSE	N(C1(CCCCCCC1))CC(=O)O	PNKNDNFLQNMQJL-UHFFFAOYSA-N
CysS-CH2CO-5-FAM-NH2	5-[2-(2-AMINO-2-CARBAMOYL-ETHYLSULFANYL)-ACETYLAMINO]-2-(3,6-DIHYDROXY-9,9A-DIHYDRO-3H-XANTHEN-9-YL)-BENZOIC ACID	Cys(S-CH2CO-5-FAM)-NH2	5-((((2R)-2,3-diamino-3-oxopropyl)sulfanyl)methylcarbonylamino)-2-(6,12-dihydroxy-9-oxatricyclo[8.4.0.0^{3,8}]tetradeca-1(14),3,5,7,10,12-hexaen-2-yl)benzoic acid	C-term cap	c_cap	X	509.54000000000025	2.5662000000000007	185.19999999999996	6.6	FALSE	N[C@H](C(=O)N)CSCC(=O)Nc4ccc(c(c4)C(=O)O)C2c1ccc(cc1Oc3(cc(O)ccc23))O	YQXANHSECNNVJK-IBGZPJMESA-N
NMe2Lys_Me2	N~2~,N~2~,N~6~,N~6~-tetramethyl-L-lysine	N(Me2)Lys(Me2)	(2S)-2,6-bis(dimethylamino)hexanoic acid	N-term cap	n_cap	X	202.298	0.7331000000000003	43.78	10.6	FALSE	CN(C)CCCC[C@H](N(C)C)C(=O)O	HNWHSCYWLXEVJP-VIFPVBQESA-N
Pro_2E2Me4carboxy4oxobutenoyl	1-[(2E)-4-carboxy-4-oxobut-2-en-2-yl]-L-proline	Pro(2E-2Me-4-carboxy-4-oxobutenoyl)	(3E)-4-((2S)-2-((hydroxy)carbonyl)pyrrolidin-1-yl)-2-oxopent-3-enoic acid	N-term cap	n_cap	X	227.21599999999995	0.09289999999999993	94.91000000000001	3.3	FALSE	OC(=O)C(=O)/C=C(\C)N1CCC[C@H]1C(=O)O	BJLIRDLXPUFPLT-XPPMVYLVSA-N
Gln-ol	(4S)-4-amino-5-hydroxypentanamide	Gln-ol	(4S)-4-amino-5-hydroxypentanamide	C-term cap	c_cap	X	132.163	-1.4285	89.34	19.5	FALSE	N[C@H](CO)CCC(N)=O	FQLOSLKSJZSARD-BYPYZUCNSA-N
1S2S-aminohydroxyhexanesulfonicacid	(1S,2S)-2-azanyl-1-oxidanyl-hexane-1-sulfonic acid	1S,2S-aminohydroxyhexanesulfonic acid	(1R,2S)-2-amino-1-hydroxyhexane-1-sulfonic acid	C-term cap	c_cap	X	197.25599999999997	-0.2899000000000005	100.62	2.3	FALSE	N[C@H]([C@H](O)S(=O)(=O)O)CCCC	VTAATEODKMXWSG-NTSWFWBYSA-N
PLP-Ala	(E)-N-({3-hydroxy-2-methyl-5-[(phosphonooxy)methyl]pyridin-4-yl}methylidene)-L-alanine	PLP-Ala	(5-hydroxy-4-((1E)-(((2S)-1-hydroxy-1-oxopropan-2-yl)imino)methyl)-6-methylpyridin-3-yl)methyl dihydrogen phosphate	N-term cap	n_cap	X	318.2220000000001	0.5969199999999999	149.54	8.6	FALSE	OP(=O)(O)OCc1cnc(C)c(O)c1/C=N/[C@@H](C)C(=O)O	UPOKXKNJCNHZTH-ASMSWWRESA-N
D-aCF3Gaba3S-OH-OMe	methyl 4-amino-2,4,5-trideoxy-5,5,5-trifluoro-L-threo-pentonate	D-aCF3Gaba(3S-OH)-OMe	methyl (3S,4R)-4-amino-5,5,5-trifluoro-3-hydroxypentanoate	C-term cap	c_cap	X	201.14399999999998	-0.19999999999999996	72.55	0.3	FALSE	N[C@@H](C(F)(F)F)[C@@H](O)CC(=O)OC	ZVARBPCHAKEWAX-WVZVXSGGSA-N
LysAc-AMC	N~6~-acetyl-N-(4-methyl-2-oxo-2H-chromen-7-yl)-L-lysinamide	Lys(Ac)-AMC	(2S)-2-amino-N-(5-methyl-3-oxo-2-oxabicyclo[4.4.0]deca-1(10),4,6,8-tetraen-9-yl)-6-methylcarbonylaminohexanamide	C-term cap	c_cap	X	345.3990000000001	1.6736199999999992	114.42999999999999	11.5	FALSE	N[C@@H](CCCCNC(=O)C)C(=O)Nc2ccc1c(C)cc(=O)oc1c2	CDFJPCDMYIJWOC-HNNXBMFYSA-N
1-phenyl-2-aminopropane	1-PHENYL-2-AMINOPROPANE	1-phenyl-2-aminopropane	(2R)-1-phenylpropan-2-amine	C-term cap	c_cap	X	135.20999999999998	1.5762999999999998	26.02	21.2	FALSE	N[C@H](C)Cc1ccccc1	KWTSXDURSIMDCE-MRVPVSSYSA-N
Lys_3SOH_Amidino	(3S)-N~6~-carbamimidoyl-3-hydroxy-L-lysine	Lys(3S-OH,Amidino)	(2S,3S)-2-amino-6-(((1Z)-(amino)(imino)methyl)amino)-3-hydroxyhexanoic acid	N-term cap	n_cap	X	204.23000000000002	-1.9775299999999998	145.45	3.1	FALSE	N[C@@H]([C@@H](O)CCCN/C(/N)=N\[H])C(=O)O	ZMNNJGSTNCXCMN-WHFBIAKZSA-N
Gly-SH	THIOGLYCIN	Gly-SH	2-amino-1-sulfanylethan-1-one	C-term cap	c_cap	X	91.13499999999999	-0.5985	43.09	23.7	FALSE	NCC(=O)S	CYFJIBWZIQDUSZ-UHFFFAOYSA-N
deamino-Phe_OH	ALPHA-HYDROXY-BETA-PHENYL-PROPIONIC ACID	deamino-Phe(OH)	(2S)-2-hydroxy-3-phenylpropanoic acid	N-term cap	n_cap	X	166.17599999999996	0.6745999999999999	57.53	18.7	FALSE	c1ccc(cc1)C[C@H](O)C(=O)O	VOXXWSYKYCBWHO-QMMMGPOBSA-N
3OH-Phg_CONHpropylNMe2	(2S)-2-azanyl-N-[3-(dimethylamino)propyl]-2-(3-hydroxyphenyl)ethanamide	3OH-Phg(CONHpropylNMe2)	(2S)-2-amino-N-(3-(dimethylamino)propyl)-2-(3-hydroxyphenyl)acetamide	C-term cap	c_cap	X	251.32999999999993	0.4599	78.58999999999999	4	FALSE	N[C@@H](c1(cccc(O)c1))C(=O)NCCCN(C)C	KSEUOWAHQDFOCP-LBPRGKRZSA-N
His-NH2	L-HISTIDINE AMIDE	His-NH2	(2S)-2-amino-3-(1H-imidazol-4-yl)propanamide	C-term cap	c_cap	X	154.173	-1.2351999999999999	97.79	15.1	FALSE	N[C@H](C(=O)N)Cc1c[nH]cn1	UMMQVDUMUMBTAV-YFKPBYRVSA-N
amino-sulfooxypropyl-oxazolethioate	2-[(1S,2R)-1-amino-2-(sulfooxy)propyl]-5-hydroxy-1,3-oxazole-4-carbothioic O-acid	amino-sulfooxypropyl-oxazolethioate	(1S,2R)-1-amino-1-(5-hydroxy-4-((hydroxy)(thioxo)methyl)oxazol-2-yl)propan-2-yl hydrogen sulfate	C-term cap	c_cap	X	298.298	-0.17859999999999965	156.10999999999999	4.9	FALSE	N[C@@H]([C@H](OS(=O)(=O)O)C)c1nc(c(O)o1)C(O)=S	ARRKNNQNBGDPEN-GBXIJSLDSA-N
hPhe-Me	HOMOPHENYLALANINYLMETHANE	hPhe-Me	(3S)-3-amino-5-phenylpentan-2-one	C-term cap	c_cap	X	177.247	1.5354999999999999	43.09	5.7	FALSE	N[C@H](C(=O)C)CCc1ccccc1	ZDTWNRLBYDWRII-NSHDSACASA-N
Me-His-NH2	N-ALPHA-METHYL-L-HISTIDINAMIDE	Me-His-NH2	(2S)-3-(1H-imidazol-4-yl)-2-(methylamino)propanamide	C-term cap	c_cap	X	168.20000000000002	-0.9744999999999999	83.8	13.2	FALSE	N(C)[C@H](C(=O)N)Cc1c[nH]cn1	IKHTZFHDCRBHBJ-LURJTMIESA-N
Hsl	HOMOSERINE LACTONE	Hsl	(3S)-3-aminooxolan-2-one	C-term cap	c_cap	X	101.105	-0.7394000000000001	52.32000000000001	15.6	FALSE	N[C@@H]1C(=O)OCC1	QJPWUUJVYOJNMH-VKHMYHEASA-N
His-ol	L-histidinol	His-ol	(2S)-2-amino-3-(1H-imidazol-4-yl)propan-1-ol	C-term cap	c_cap	X	141.17399999999998	-0.7282000000000004	74.93	16.1	FALSE	N[C@H](CO)Cc1c[nH]cn1	ZQISRDCJNBUVMM-YFKPBYRVSA-N
aminohydroxyhexyl-iminohexanetriol	(2~{S},4~{R},5~{E})-5-[(5~{S})-5-azanyl-6-oxidanyl-hexyl]iminohexane-1,2,4-triol	aminohydroxyhexyl-iminohexanetriol	(2S,4R,5E)-5-(((5S)-5-amino-6,6-dihydroxyhexyl)imino)hexane-1,2,4-triol	C-term cap	c_cap	X	278.34900000000005	-1.6401999999999992	139.53	3.2	FALSE	N[C@H](C(O)O)CCCC/N=C(\C)[C@H](O)C[C@H](O)CO	NOGRJEXZOQDSRE-WDLDIGNLSA-N
MeOPhS-Bz_NMeiPrsulfonamido	2-[(4-methoxyphenyl)sulfanyl]-5-[methyl(propan-2-yl)sulfamoyl]benzoic acid	MeOPhS-Bz(NMeiPr-sulfonamido)	2-((4-methoxyphenyl)sulfanyl)-5-((propan-2-yl)(methyl)sulfamoyl)benzoic acid	N-term cap	n_cap	X	395.5020000000002	3.573500000000002	83.91000000000001	0.8	FALSE	COc2ccc(cc2)Sc1c(cc(cc1)S(=O)(=O)N(C)C(C)C)C(=O)O	RKJXIRNKSLSTPR-UHFFFAOYSA-N
Hyp-NH2	(2~{S},4~{R})-4-oxidanylpyrrolidine-2-carboxamide	Hyp-NH2	(2S,4R)-4-hydroxypyrrolidine-2-carboxamide	C-term cap	c_cap	X	130.14700000000002	-1.8054999999999992	75.35000000000001	10.2	FALSE	N1C[C@@H](C[C@H]1C(=O)N)O	OJSXAYGYRGXDSQ-DMTCNVIQSA-N
imidazolyl-dodecanoyl-Leu	N-[12-(1H-imidazol-1-yl)dodecanoyl]-L-leucine	imidazolyl-dodecanoyl-Leu	(2S)-2-(11-(1H-imidazol-1-yl)undecylcarbonylamino)-4-methylpentanoic acid	N-term cap	n_cap	X	379.545	4.399600000000003	84.22	3.4	FALSE	n1cn(cc1)CCCCCCCCCCCC(=O)N[C@@H](CC(C)C)C(=O)O	PSJOKLGFODYIHJ-IBGZPJMESA-N
Pro-NH2	L-PROLINAMIDE	Pro-NH2	(2S)-pyrrolidine-2-carboxamide	C-term cap	c_cap	X	114.14800000000001	-0.7763000000000002	55.12	26.6	FALSE	N1[C@@H](CCC1)C(N)=O	VLJNHYLEOZPXFW-BYPYZUCNSA-N
Ala_CON_2Mepiperidino	(2S)-2-amino-4-[(2S)-2-methylpiperidin-1-yl]-4-oxobutanoic acid	Ala(CON(2-Me-piperidino))	(2S)-2-amino-4-((2S)-2-methylpiperidin-1-yl)-4-oxobutanoic acid	N-term cap	n_cap	X	214.265	0.18939999999999974	83.63000000000001	1.7	FALSE	N[C@@H](CC(=O)N1(CCCC[C@@H]1C))C(=O)O	QRGCQWGDUNCKGH-YUMQZZPRSA-N
Ala_CON_2Phpyrrolidino	(2S)-2-amino-4-oxo-4-[(2R)-2-phenylpyrrolidin-1-yl]butanoic acid	Ala(CON(2-Ph-pyrrolidino))	(2S)-2-amino-4-oxo-4-((2R)-2-phenylpyrrolidin-1-yl)butanoic acid	N-term cap	n_cap	X	262.309	1.1520999999999992	83.63000000000001	2.3	FALSE	N[C@@H](CC(=O)N1(CCC[C@@H]1c2(ccccc2)))C(=O)O	NLDYOOGTZZVPGN-NWDGAFQWSA-N
Phg35-diOH-OMe	META, META'-DI-HYDROXY-PHENYLALANINE	Phg(3,5-diOH)-OMe	methyl (2S)-2-amino-2-(3,5-dihydroxyphenyl)acetate	C-term cap	c_cap	X	197.19	0.27059999999999995	92.78000000000002	4.1	FALSE	N[C@H](C(=O)OC)c1cc(O)cc(O)c1	RPSOEOPINVKYBT-QMMMGPOBSA-N
3OH-picolinoyl	3-HYDROXYPICOLINIC ACID	3OH-picolinoyl	3-hydroxypyridine-2-carboxylic acid	N-term cap	n_cap	X	139.10999999999999	0.48539999999999994	70.42	22.9	FALSE	c1cnc(c(O)c1)C(=O)O	BRARRAHGNDUELT-UHFFFAOYSA-N
Ser_CONMe2	(2~{S})-2-azanyl-3-(dimethylcarbamoyloxy)propanoic acid	Ser(CONMe2)	(2S)-2-amino-3-(dimethylcarbamoyloxy)propanoic acid	N-term cap	n_cap	X	176.172	-0.9035	92.86	4	FALSE	N[C@@H](COC(=O)N(C)C)C(=O)O	YZZSSACJQJKEJY-BYPYZUCNSA-N
1-amino-3-MeS-propylphosphonicacid	(1-AMINO-3-METHYLSULFANYL-PROPYL)-PHOSPHONIC ACID	1-amino-3-MeS-propylphosphonic acid	(1R)-1-(dihydroxyphosphoryl)-3-(methylsulfanyl)propan-1-amine	C-term cap	c_cap	X	185.18499999999997	0.20200000000000007	83.55000000000001	6	FALSE	N[C@H](P(=O)(O)O)CCSC	XKCSXHUCPYVQIW-SCSAIBSYSA-N
1-amino-3-MeS-propylphosphinicacid	(1-AMINO-3-METHYLSULFANYL-PROPYL)-PHOSPHINIC ACID	1-amino-3-MeS-propylphosphinic acid	[(1R)-1-amino-3-methylsulfanyl-propyl]phosphinic acid	C-term cap	c_cap	X	169.18599999999998	0.49129999999999996	63.32000000000001	6.1	FALSE	N[C@H]([P@@H](=O)O)CCSC	CZRBNMUARBZMHQ-SCSAIBSYSA-N
Met-SH	(2S)-2-amino-4-(methylsulfanyl)butane-1-thiol	Met-SH	(2S)-2-amino-4-(methylsulfanyl)-1-thioxobutan-1-ol	C-term cap	c_cap	X	165.28300000000002	0.9522000000000002	46.25	22.2	FALSE	N[C@H](C(O)=S)CCSC	IXNUCNJMRZVHDV-BYPYZUCNSA-N
Ac-Pro	1-ACETYL-L-PROLINE	Ac-Pro	(2S)-1-(acetyl)pyrrolidine-2-carboxylic acid	N-term cap	n_cap	X	157.169	0.08190000000000003	57.61	25.7	FALSE	O=C(C)N1[C@@H](CCC1)C(=O)O	GNMSLDIYJOSUSW-LURJTMIESA-N
vinyl-Pro	1-ethenyl-L-proline	vinyl-Pro	(2S)-1-ethenylpyrrolidine-2-carboxylic acid	N-term cap	n_cap	X	141.17000000000002	0.6788999999999998	40.540000000000006	11	FALSE	C=CN1[C@@H](CCC1)C(=O)O	XOTIFFOSEYHBBR-LURJTMIESA-N
Ac-D-Pro	N-ACETYL-D-PROLINE	Ac-D-Pro	(2R)-1-(acetyl)pyrrolidine-2-carboxylic acid	N-term cap	n_cap	X	157.169	0.08190000000000003	57.61	12.3	FALSE	O=C(C)N1[C@H](CCC1)C(=O)O	GNMSLDIYJOSUSW-ZCFIWIBFSA-N
AspNHOH-phosphoadenosine	5'-O-[(R)-{[(2S)-2-amino-4-(hydroxyamino)-4-oxobutanoyl]oxy}(hydroxy)phosphoryl]adenosine	Asp(NHOH)-phosphoadenosine	[[(2R,3S,4R,5R)-5-(6-aminopurin-9-yl)-3,4-dihydroxy-oxolan-2-yl]methoxy-hydroxy-phosphoryl] (2S)-2-amino-4-(hydroxyamino)-4-oxo-butanoate	C-term cap	c_cap	X	477.3270000000001	-3.089299999999998	267.49	3.2	FALSE	N[C@@H](CC(=O)NO)C(=O)O[P@](=O)(O)OC[C@H]3O[C@H]([C@H](O)[C@@H]3O)n2c1ncnc(N)c1nc2	LNQDDLRGTAFRLA-VWJPMABRSA-N
Phe-NH2	PHENYLALANINE AMIDE	Phe-NH2	(2S)-2-amino-3-phenylpropanamide	C-term cap	c_cap	X	164.208	0.04170000000000007	69.11	26.6	FALSE	N[C@H](C(=O)N)Cc1ccccc1	OBSIQMZKFXFYLV-QMMMGPOBSA-N
Nle-NH2	NORLEUCINE AMIDE	Nle-NH2	(2S)-2-aminohexanamide	C-term cap	c_cap	X	130.191	-0.010800000000000587	69.11	16.6	FALSE	N[C@H](C(=O)N)CCCC	YTIHIRCOUAPRCS-YFKPBYRVSA-N
1-amino-pentylphosphonicacid	(1-AMINO-PENTYL)-PHOSPHONIC ACID	1-amino-pentylphosphonic acid	(1R)-1-(dihydroxyphosphoryl)pentan-1-amine	C-term cap	c_cap	X	167.14499999999995	0.6391	83.55000000000001	10.8	FALSE	N[C@H](P(=O)(O)O)CCCC	NXTPDFMZKSLVRK-RXMQYKEDSA-N
Leu-NH2	L-leucinamide	Leu-NH2	(2S)-2-amino-4-methylpentanamide	C-term cap	c_cap	X	130.19099999999997	-0.15490000000000048	69.11	20.7	FALSE	N[C@H](C(=O)N)CC(C)C	FORGMRSGVSYZQR-YFKPBYRVSA-N
His1-tetrazol-5-yl-al	(2S)-2-AMINO-3-[1-(1H-TETRAAZOL-5-YL)-1H-IMIDAZOL-4-YL]PROPANAL	His(1-tetrazol-5-yl)-al	(2S)-2-amino-3-(1-(2H-tetrazol-5-yl)-1H-imidazol-4-yl)propanal	C-term cap	c_cap	X	207.197	-1.5459	115.37	3.3	FALSE	N[C@H](C=O)Cc2cn(cn2)c1n[nH]nn1	OOFNCFXOGMDAEN-YFKPBYRVSA-N
Q0001	(2~{S},3~{R})-2-[(2~{S},3~{R})-1-[(2~{R})-2-azanyl-3-oxidanylidene-propoxy]-3-oxidanyl-1-oxidanylidene-butan-2-yl]-4-[(3~{S},5~{S})-5-[(3-carboxyphenyl)carbamoyl]pyrrolidin-3-yl]sulfanyl-3-methyl-3,4-dihydro-2~{H}-pyrrole-5-carboxylic acid		(4R,5S)-5-((2S,3R)-1-(((2R)-2-amino-3-oxopropyl)oxy)-3-hydroxy-1-oxobutan-2-yl)-3-(((3S,5S)-5-((3-((hydroxy)carbonyl)phenyl)carbamoyl)pyrrolidin-3-yl)sulfanyl)-4-methyl-1-azacyclopent-1-ene-2-carboxylic acid	C-term cap	c_cap	X	564.6170000000003	-0.2340999999999938	217.70999999999998	3.2	FALSE	N[C@@H](C=O)COC(=O)[C@H]([C@H](O)C)[C@H]3[C@@H](C)C(C(=N3)C(=O)O)S[C@H]2C[C@H](NC2)C(=O)Nc1cc(ccc1)C(=O)O	PARUKYQAUVQKHU-QCPKZJAKSA-N
NMe-aThr	N-methyl-L-allothreonine	Me-aThr	(2S,3S)-3-hydroxy-2-(methylamino)butanoic acid	N-term cap	n_cap	X	133.147	-0.9602000000000004	69.56	7.6	FALSE	N(C)[C@@H]([C@@H](O)C)C(=O)O	CCAIIPMIAFGKSI-IMJSIDKUSA-N
NHBn_3CF3	[3-(trifluoromethyl)phenyl]methanamine	NHBn(3-CF3)	1-(3-(trifluoromethyl)phenyl)methanamine	C-term cap	c_cap	X	175.15299999999993	2.1641000000000004	26.02	14.5	FALSE	NCc1cc(ccc1)C(F)(F)F	YKNZTUQUXUXTLE-UHFFFAOYSA-N
Nva_imidazol2yl	5-[5-(hydroxymethyl)-1H-imidazol-2-yl]-L-norvaline	Nva(imidazol-2-yl)	(2S)-2-amino-5-(4-(hydroxymethyl)-1H-imidazol-2-yl)pentanoic acid	N-term cap	n_cap	X	213.237	-0.36340000000000044	112.23	0	FALSE	N[C@@H](CCCc1(nc(c[nH]1)CO))C(=O)O	LQZCDDAMPJTCPF-ZETCQYMHSA-N
Phe-ol	L-PHENYLALANINOL	Phe-ol	(2S)-2-amino-3-phenylpropan-1-ol	C-term cap	c_cap	X	151.209	0.5486999999999999	46.25	27.6	FALSE	N[C@H](CO)Cc1ccccc1	STVVMTBJNDTZBF-VIFPVBQESA-N
Piv	PIVALIC ACID	Piv	2,2-dimethylpropanoic acid	N-term cap	n_cap	X	102.13299999999998	1.1171	37.3	24.2	FALSE	CC(C)(C)C(=O)O	IUGYQRQAERSCNH-UHFFFAOYSA-N
CysSPr-al	S,S-PROPYLTHIOCYSTEINE	Cys(SPr)-al	(2R)-2-amino-3-(propylsulfanylsulfanyl)propanal	C-term cap	c_cap	X	179.30999999999997	1.3039999999999998	43.09	14.4	FALSE	N[C@H](C=O)CSSCCC	JOUZYBMKOXDVCY-ZCFIWIBFSA-N
D-Pro-NH2	D-PROLINAMIDE	D-Pro-NH2	(2R)-pyrrolidine-2-carboxamide	C-term cap	c_cap	X	114.14800000000001	-0.7763000000000002	55.12	17.5	FALSE	N1[C@H](CCC1)C(N)=O	VLJNHYLEOZPXFW-SCSAIBSYSA-N
22-diOH-propanoyl	2,2-bis(oxidanyl)propanoic acid	2,2-diOH-propanoyl	2,2-dihydroxypropanoic acid	N-term cap	n_cap	X	106.07699999999998	-1.2282	77.76	15.3	FALSE	OC(O)(C)C(=O)O	HPQUMJNDQVOTAZ-UHFFFAOYSA-N
4-CH2OH-Bz-bAla	N-[4-(hydroxymethyl)benzoyl]-beta-alanine	4-CH2OH-Bz-bAla	3-(4-(hydroxymethyl)phenylcarbonylamino)propanoic acid	N-term cap	n_cap	X	223.22799999999995	0.38339999999999996	86.63000000000001	8.6	FALSE	OCc1ccc(cc1)C(=O)NCCC(=O)O	CXBCVBTXSPPVAG-UHFFFAOYSA-N
S-2-aminoglutarimide	L-2-Aminoglutarimide	S-2-aminoglutarimide	(3S)-3-aminopiperidine-2,6-dione	C-term cap	c_cap	X	128.131	-1.2497	72.19	10.9	FALSE	N[C@H]1CCC(NC1=O)=O	NPWMTBZSRRLQNJ-VKHMYHEASA-N
dimethylcatechol-Cys-gemdiol	3,4-dimethylcatechol cysteine	dimethylcatechol-Cys-gemdiol	6-(((2R)-2-amino-3,3-dihydroxypropyl)sulfanyl)-3,4-dimethylbenzene-1,2-diol	C-term cap	c_cap	X	259.327	0.44474	106.94000000000001	3.2	FALSE	N[C@H](C(O)O)CSc1cc(C)c(c(O)c1O)C	XKYPIZZJDXSTGC-ZETCQYMHSA-N
D-Met-NH2	D-methioninamide	D-Met-NH2	(2R)-2-amino-4-(methylsulfanyl)butanamide	C-term cap	c_cap	X	148.231	-0.4479000000000002	69.11	11.2	FALSE	N[C@@H](C(=O)N)CCSC	GSYTVXOARWSQSV-SCSAIBSYSA-N
ProM-17	ProM-17	ProM-17	2-((1S,4R,7R)-4-(2-methylpropyl)-2-oxo-3,10-diazabicyclo[5.3.0]dec-5-en-3-yl)acetic acid	N-term cap	n_cap	X	266.3409999999999	0.8621999999999992	69.64	0.3	FALSE	N2[C@@H]1C(=O)N([C@@H](C=C[C@H]1CC2)CC(C)C)CC(=O)O	NOUQCZCUPJZTJH-GVXVVHGQSA-N
Pro_4Striazol1yl_4Ph_4F	(2S,4S)-4-[4-(4-fluorophenyl)-1,2,3-triazol-1-yl]pyrrolidine-2-carboxylic acid	Pro(4S-triazol-1-yl(4-Ph(4-F)))	(2S,4S)-4-(4-(4-fluorophenyl)-1H-1,2,3-triazol-1-yl)pyrrolidine-2-carboxylic acid	N-term cap	n_cap	X	276.271	1.0717999999999996	80.04	1.5	FALSE	N1[C@@H](C[C@@H](C1)n2(cc(nn2)c3(ccc(F)cc3)))C(=O)O	ZOARAQYNIFGSNI-QWRGUYRKSA-N
Bz-D-Ala	N-BENZOYL-D-ALANINE	Bz-D-Ala	(2R)-2-phenylcarbonylaminopropanoic acid	N-term cap	n_cap	X	193.20199999999997	0.8895	66.4	12.4	FALSE	c1ccc(cc1)C(=O)N[C@H](C)C(=O)O	UAQVHNZEONHPQG-SSDOTTSWSA-N
-Ser-ol	2-AMINO-1,3-PROPANEDIOL	Ser-ol	2-aminopropane-1,3-diol	C-term cap	c_cap	X	91.11	-1.7017	66.48	20.3	FALSE	NC(CO)CO	KJJPLEZQSCZCKE-UHFFFAOYSA-N
Ser-NH2	AMINOSERINE	Ser-NH2	(2S)-2-amino-3-hydroxypropanamide	C-term cap	c_cap	X	104.109	-2.2087	89.34	24.3	FALSE	N[C@H](C(=O)N)CO	MGOGKPMIZGEGOZ-REOHCLBHSA-N
2Thz	(2S)-1,3-thiazolidine-2-carboxylic acid	2Thz	(2S)-thiazolidine-2-carboxylic acid	N-term cap	n_cap	X	133.172	-0.2665	49.33	11	FALSE	N1[C@@H](SCC1)C(=O)O	ULSZVNJBVJWEJE-VKHMYHEASA-N
Ac-Thr	N-METHYLCARBONYLTHREONINE	Ac-Thr	(2S,3R)-3-hydroxy-2-methylcarbonylaminobutanoic acid	N-term cap	n_cap	X	161.15699999999998	-1.0434999999999999	86.63000000000001	23.9	FALSE	O=C(C)N[C@@H]([C@H](O)C)C(=O)O	PEDXUVCGOLSNLQ-WUJLRWPWSA-N
hPro3R-OH-ol	(1R)-1-[(2S)-pyrrolidin-2-yl]ethane-1,2-diol	hPro(3R-OH)-ol	(1R)-1-((2S)-pyrrolidin-2-yl)ethane-1,2-diol	C-term cap	c_cap	X	131.175	-0.9084000000000003	52.489999999999995	4	FALSE	N1[C@@H](CCC1)[C@@H](O)CO	ABWTVUOTCCJBBM-WDSKDSINSA-N
Trp-ol	TRYPTOPHANOL	Trp-ol	(2S)-2-amino-3-(1H-indol-3-yl)propan-1-ol	C-term cap	c_cap	X	190.246	1.03	62.04	11.8	FALSE	N[C@H](CO)Cc2c1ccccc1[nH]c2	UDQCRUSSQAXPJY-VIFPVBQESA-N
Trp6-NNHPh7-OH-al	TRW3-(2-AMINO-3-HYDROXY-PROPYL)-6-(N'-CYCLOHEXYL-HYDRAZINO)OCTAHYDRO-INDOL-7-OL	Trp(6-NNHPh,7-OH)-al	(2S)-2-amino-3-(7-hydroxy-6-(phenylhydrazinyl)-1H-indol-3-yl)propanal	C-term cap	c_cap	X	310.357	2.3811999999999998	103.17000000000002	5	FALSE	N[C@H](C=O)Cc3c2ccc(c(O)c2[nH]c3)NNc1ccccc1	PSUOZWHAKZSNOB-LBPRGKRZSA-N
Gly_indol2yl	(2Z)-2-amino-3-(1H-indol-3-yl)prop-2-enoic acid	Gly(indol-2-yl)	(2Z)-2-amino-3-(1H-indol-3-yl)prop-2-enoic acid	N-term cap	n_cap	X	202.213	1.5521	79.11	1.3	FALSE	N/C(=C\c1c[nH]c2ccccc12)C(=O)O	HXAJMKJPBQFASJ-UITAMQMPSA-N
Tyr-al	TYROSINAL	Tyr-al	(2S)-2-amino-3-(4-hydroxyphenyl)propanal	C-term cap	c_cap	X	165.192	0.4608999999999996	63.32000000000001	18.7	FALSE	N[C@H](C=O)Cc1ccc(cc1)O	DXGAIOIQACHYRK-QMMMGPOBSA-N
Tyr-ol	4-[(2S)-2-amino-3-hydroxypropyl]phenol	Tyr-ol	4-((2S)-2-amino-3-hydroxypropyl)benzen-1-ol	C-term cap	c_cap	X	167.208	0.2542999999999999	66.48	21.8	FALSE	N[C@H](CO)Cc1ccc(cc1)O	DBLDQZASZZMNSL-QMMMGPOBSA-N
Cyspyrimid-2-yl5-I-al	(2~{R})-2-azanyl-3-(5-iodanylpyrimidin-2-yl)sulfanyl-propanal	Cys(pyrimid-2-yl(5-I))-al	(2R)-2-amino-3-((5-iodopyrimidin-2-yl)sulfanyl)propanal	C-term cap	c_cap	X	309.132	0.6994999999999996	68.87	0.2	FALSE	N[C@H](C=O)CSc1ncc(cn1)I	MJAWREUUBHZDOO-ZCFIWIBFSA-N
deamino-D-Val_OH	DEAMINOHYDROXYVALINE	deamino-D-Val(OH)	(2R)-2-hydroxy-3-methylbutanoic acid	N-term cap	n_cap	X	118.13199999999998	0.08789999999999998	57.53	22.7	FALSE	CC(C)[C@@H](O)C(=O)O	NGEWQZIDQIYUNV-SCSAIBSYSA-N
Val-NH2	VALINYLAMINE	Val-NH2	(2S)-2-amino-3-methylbutanamide	C-term cap	c_cap	X	116.164	-0.5450000000000004	69.11	22.3	FALSE	N[C@@H](C(C)C)C(N)=O	XDEHMKQLKPZERH-BYPYZUCNSA-N
Val-sulfamoyladenosine	5'O-[N-(L-VALYL)SULPHAMOYL]ADENOSINE	Val-sulfamoyladenosine	9-((2R,3R,4S,5R)-5-(((1S)-1-amino-2-methylpropylcarbonylsulfamoyloxy)methyl)-3,4-dihydroxyoxolan-2-yl)-2,4,7,9-tetraazabicyclo[4.3.0]nona-1,3,5,7-tetraen-5-amine	C-term cap	c_cap	X	445.4580000000001	-2.611399999999998	217.8	4.2	FALSE	N[C@@H](C(C)C)C(=O)NS(=O)(=O)OC[C@H]3O[C@H]([C@H](O)[C@@H]3O)n2c1ncnc(N)c1nc2	TXCZGHBHNXNXMA-CYUGOOACSA-N
Val-ol	L-VALINOL	Val-ol	(2S)-2-amino-3-methylbutan-1-ol	C-term cap	c_cap	X	103.16499999999999	-0.0380000000000002	46.25	18.1	FALSE	N[C@@H](C(C)C)CO	NWYYWIJOWOLJNR-RXMQYKEDSA-N
Ac-Glu_OPO3H2	N-ACETYL-L-GLUTAMYL 5-PHOSPHATE	Ac-Glu(OPO3H2)	(4S)-5-hydroxy-4-methylcarbonylamino-1,5-dioxopentyl dihydrogen phosphate	N-term cap	n_cap	X	269.14599999999996	-1.0081999999999995	150.23	5.3	FALSE	OP(=O)(O)OC(=O)CC[C@H](NC(=O)C)C(=O)O	FCVIHFVSXHOPSW-YFKPBYRVSA-N
D-nTyrMe-SH	(2R)-amino(4-methoxyphenyl)ethanethioic O-acid	D-nTyr(Me)-SH	(2R)-2-amino-2-(4-methoxyphenyl)-1-thioxoethan-1-ol	C-term cap	c_cap	X	197.259	1.5804000000000002	55.480000000000004	3.1	FALSE	N[C@@H](C(O)=S)c1ccc(cc1)OC	INSVIGJTBISSTF-MRVPVSSYSA-N
Me-Ala-NH2	N^2^-methyl-L-alaninamide	Me-Ala-NH2	(2S)-2-(methylamino)propanamide	C-term cap	c_cap	X	102.137	-0.9204000000000003	55.12	17.4	FALSE	N(C)[C@@H](C)C(N)=O	QKNFFJHHPCWXTH-VKHMYHEASA-N
D-Pyr	D-Pyroglutamic acid	D-Pyr	(2R)-5-oxopyrrolidine-2-carboxylic acid	N-term cap	n_cap	X	129.115	-0.6504000000000005	66.4	15.2	FALSE	O=C1N[C@H](CC1)C(=O)O	ODHCTXKNWHHXJC-GSVOUGTGSA-N
Ala-ol	(2S)-2-aminopropan-1-ol	L-Ala-ol	(2S)-2-aminopropan-1-ol	C-term cap	c_cap	X	75.11099999999999	-0.6741000000000001	46.25	14.8	FALSE	N[C@@H](C)CO	BKMMTJMQCTUHRP-VKHMYHEASA-N
Ser-ol-	2-amino-1,3-propanediol	Ser-ol	2-aminopropane-1,3-diol	N-term cap	n_cap	X	91.11	-1.7017	66.48	15	FALSE	NC(CO)CO	KJJPLEZQSCZCKE-UHFFFAOYSA-N
D-Phg-ol	(2R)-2-amino-2-phenylethan-1-ol	D-Phg-ol	(2R)-2-amino-2-phenylethan-1-ol	C-term cap	c_cap	X	137.182	0.6787000000000001	46.25	13	FALSE	N[C@@H](CO)c1ccccc1	IJXJGQCXFSSHNL-QMMMGPOBSA-N
-Gly-ol	aminomethanol	Gly-ol	1-aminomethanol	C-term cap	c_cap	X	47.057	-1.1051000000000002	46.25	2	FALSE	NCO	XMYQHJDBLRZMLW-UHFFFAOYSA-N
Phg-ol	(2S)-2-amino-2-phenylethan-1-ol	Phg-ol	(2S)-2-amino-2-phenylethan-1-ol	C-term cap	c_cap	X	137.182	0.6787000000000001	46.25	11.7	FALSE	N[C@H](CO)c1ccccc1	IJXJGQCXFSSHNL-MRVPVSSYSA-N
Lys-ol	(2S)-2,6-diaminohexan-1-ol	Lys-ol	(2S)-2,6-diaminohexan-1-ol	C-term cap	c_cap	X	132.20700000000002	-0.5649999999999997	72.27	10.9	FALSE	NCCCC[C@H](N)CO	LTGPFZWZZNUIIK-LURJTMIESA-N
Leu-ol	(2S)-2-amino-4-methylpentan-1-ol	Leu-ol	(2S)-2-amino-4-methylpentan-1-ol	C-term cap	c_cap	X	117.192	0.35209999999999964	46.25	13.3	FALSE	N[C@H](CO)CC(C)C	VPSSPAXIFBTOHY-LURJTMIESA-N
D-Pro-ol	[(2R)-pyrrolidin-2-yl]methanol	D-Pro-ol	1-((2R)-pyrrolidin-2-yl)methanol	C-term cap	c_cap	X	101.149	-0.26930000000000004	32.26	10.1	FALSE	N1[C@H](CCC1)CO	HVVNJUAVDAZWCB-RXMQYKEDSA-N
Pro-al	(2S)-pyrrolidine-2-carbaldehyde	Pro-al	(2S)-pyrrolidine-2-carbaldehyde	C-term cap	c_cap	X	99.133	-0.0627000000000002	29.1	14.2	FALSE	N1[C@@H](CCC1)C=O	JIDDDPVQQUHACU-YFKPBYRVSA-N
Pro-ol	[(2S)-pyrrolidin-2-yl]methanol	Pro-ol	1-((2S)-pyrrolidin-2-yl)methanol	C-term cap	c_cap	X	101.149	-0.26930000000000004	32.26	12.7	FALSE	N1[C@@H](CCC1)CO	HVVNJUAVDAZWCB-YFKPBYRVSA-N
D-Thr-ol	(2S,3S)-2-aminobutane-1,3-diol	D-Thr-ol	(2S,3S)-2-aminobutane-1,3-diol	C-term cap	c_cap	X	105.13699999999999	-1.3132	66.48	12.5	FALSE	N[C@@H](CO)[C@H](C)O	MUVQIIBPDFTEKM-IMJSIDKUSA-N
Aib-ol	2-amino-2-methylpropan-1-ol	Aib-ol	2-amino-2-methylpropan-1-ol	C-term cap	c_cap	X	89.13799999999999	-0.2840000000000002	46.25	13.4	FALSE	NC(C)(C)CO	CBTVGIZVANVGBH-UHFFFAOYSA-N
NMe23Abz	3-(dimethylamino)benzoic acid	N(Me2)3Abz	3-(dimethylamino)benzoic acid	N-term cap	n_cap	X	165.19199999999995	1.4507999999999999	40.540000000000006	12.2	FALSE	CN(C)c1cc(ccc1)C(=O)O	NEGFNJRAUMCZMY-UHFFFAOYSA-N
NMe24Abz	4-(dimethylamino)benzoic acid	N(Me2)4Abz	4-(dimethylamino)benzoic acid	N-term cap	n_cap	X	165.19199999999995	1.4507999999999999	40.540000000000006	11.9	FALSE	CN(C)c1ccc(cc1)C(=O)O	YDIYEOMDOWUDTJ-UHFFFAOYSA-N
deamino-D-Ala_OH	(2R)-2-hydroxypropanoic acid	deamino-D-Ala(OH)	(2R)-2-hydroxypropanoic acid	N-term cap	n_cap	X	90.07799999999999	-0.5482	57.53	15	FALSE	O[C@H](C)C(=O)O	JVTAAEKCZFNVCJ-UWTATZPHSA-N
deamino-Ala_OH	(2S)-2-hydroxypropanoic acid	deamino-Ala(OH)	(2S)-2-hydroxypropanoic acid	N-term cap	n_cap	X	90.07799999999999	-0.5482	57.53	15	FALSE	O[C@@H](C)C(=O)O	JVTAAEKCZFNVCJ-REOHCLBHSA-N
deamino-Cys	Deamino-Cysteine	deamino-Cys	3-sulfanylpropanoic acid	N-term cap	n_cap	X	106.14599999999999	0.39089999999999997	37.3	14.9	FALSE	SCCC(=O)O	DKIDEFUBRARXTE-UHFFFAOYSA-N
deamino-hPhe	4-phenylbutanoic acid	deamino-hPhe	4-phenylbutanoic acid	N-term cap	n_cap	X	164.20399999999998	2.0939	37.3	14.5	FALSE	c1ccc(cc1)CCCC(=O)O	OBKXEAXTFZPCHS-UHFFFAOYSA-N
deamino-D-Phe_OH	(2R)-2-hydroxy-3-phenylpropanoic acid	deamino-D-Phe(OH)	(2R)-2-hydroxy-3-phenylpropanoic acid	N-term cap	n_cap	X	166.17599999999996	0.6745999999999999	57.53	12.5	FALSE	c1ccc(cc1)C[C@@H](O)C(=O)O	VOXXWSYKYCBWHO-MRVPVSSYSA-N
deamino-Phg_35diMe	2-(3,5-dimethylphenyl)acetic acid	deamino-Phg(3,5-diMe)	2-(3,5-dimethylphenyl)acetic acid	N-term cap	n_cap	X	164.20399999999998	1.93054	37.3	8.7	FALSE	c1c(C)cc(cc1C)CC(=O)O	HDNBKTWQBJJYPD-UHFFFAOYSA-N
deamino-Gly_CN	2-cyanoacetic acid	deamino-Gly(CN)	2-cyanoacetic acid	N-term cap	n_cap	X	85.06199999999998	-0.015320000000000056	61.09	11.5	FALSE	N#CCC(=O)O	MLIREBYILWEBDM-UHFFFAOYSA-N
deamino-Gly_cPent	2-cyclopentylacetic acid	deamino-Gly(cPent)	2-cyclopentylacetic acid	N-term cap	n_cap	X	128.171	1.6513	37.3	12.3	FALSE	C1CC(CC1)CC(=O)O	YVHAIVPPUIZFBA-UHFFFAOYSA-N
deamino-Gly_OH	2-hydroxyacetic acid	deamino-Gly(OH)	2-hydroxyacetic acid	C-term cap	c_cap	X	76.051	-0.9367000000000001	57.53	14.9	FALSE	O=C(O)CO	AEMRFAOFKBGASW-UHFFFAOYSA-N
deamino-Gly_tBu	3,3-dimethylbutanoic acid	deamino-Gly(tBu)	3,3-dimethylbutanoic acid	N-term cap	n_cap	X	116.15999999999998	1.5072	37.3	15	FALSE	CC(C)(C)CC(=O)O	MLMQPDHYNJCQAO-UHFFFAOYSA-N
deamino-Gly_thien2yl	2-(thiophen-2-yl)acetic acid	deamino-Gly(thien-2-yl)	2-(thiophen-2-yl)acetic acid	N-term cap	n_cap	X	142.17899999999997	1.3752	37.3	10.3	FALSE	c1sc(cc1)CC(=O)O	SMJRBWINMFUUDS-UHFFFAOYSA-N
deamino-Phg_4Cl	2-(4-chlorophenyl)acetic acid	deamino-Phg(4-Cl)	2-(4-chlorophenyl)acetic acid	N-term cap	n_cap	X	170.59499999999997	1.9670999999999996	37.3	10.4	FALSE	Clc1ccc(cc1)CC(=O)O	CDPKJZJVTHSESZ-UHFFFAOYSA-N
deamino-Leu	Deamino-Leucine	deamino-Leu	4-methylpentanoic acid	N-term cap	n_cap	X	116.15999999999998	1.5072	37.3	14.6	FALSE	CC(C)CCC(=O)O	FGKJLKRYENPLQH-UHFFFAOYSA-N
deamino-Leu_OH	(2S)-2-hydroxy-4-methylpentanoic acid	deamino-Leu(OH)	(2S)-2-hydroxy-4-methylpentanoic acid	N-term cap	n_cap	X	132.159	0.478	57.53	11	FALSE	CC(C)C[C@H](O)C(=O)O	LVRFTAZAXQPQHI-YFKPBYRVSA-N
deamino-Val_OH	(2S)-2-hydroxy-3-methylbutanoic acid	deamino-Val(OH)	(2S)-2-hydroxy-3-methylbutanoic acid	N-term cap	n_cap	X	118.13199999999998	0.08789999999999998	57.53	12.2	FALSE	CC(C)[C@H](O)C(=O)O	NGEWQZIDQIYUNV-BYPYZUCNSA-N
-Bn	C-Terminal toluene	Bn	methylbenzene	C-term cap	c_cap	X	92.14099999999999	1.99502	0	15	FALSE	Cc1ccccc1	YXFVVABEGXRONW-UHFFFAOYSA-N
-Et	C-Terminal ethyl	Et	ethane	C-term cap	c_cap	X	30.07	1.0262	0	2	FALSE	CC	OTMSDBZUPAUEDD-UHFFFAOYSA-N
-Me	C-Terminal methyl	Me	methane	C-term cap	c_cap	X	16.043	0.6361	0	2	FALSE	C	VNWKTOKETHGBQD-UHFFFAOYSA-N
-OBn	C-Terminal phenylmethanol	OBn	1-phenylmethanol	C-term cap	c_cap	X	108.13999999999997	1.1789	20.23	14.8	FALSE	OCc1ccccc1	WVDDGKGOMKODPV-UHFFFAOYSA-N
-OMe	C-Terminal methanol	OMe	methanol	C-term cap	c_cap	X	32.042	-0.3915	20.23	2	FALSE	CO	OKKJLVBELUTLKV-UHFFFAOYSA-N
Bn-	N-Terminal toluene	Bn-	1-phenylmethanol	N-term cap	n_cap	X	108.13999999999997	1.1788999999999998	20.23	15	FALSE	c1ccc(cc1)CO	WVDDGKGOMKODPV-UHFFFAOYSA-N
Cbz	Carboxybenzyl	Cbz	benzyl hydrogen carbonate	N-term cap	n_cap	X	152.14899999999997	1.8812000000000002	46.53	13.4	FALSE	c1ccc(cc1)COC(=O)O	NJAPCAIWQRPQPY-UHFFFAOYSA-N
deamino-Chg	2-cyclohexylacetic acid	deamino-Chg	2-cyclohexylacetic acid	N-term cap	n_cap	X	142.198	2.0414	37.3	15	FALSE	C1CCC(CC1)CC(=O)O	LJOODBDWMQKMFB-UHFFFAOYSA-N
deamino-Dip	3,3-diphenylpropanoic acid	deamino-Dip	3,3-diphenylpropanoic acid	N-term cap	n_cap	X	226.27499999999995	3.2932000000000015	37.3	10.3	FALSE	c2ccc(cc2)C(c1(ccccc1))CC(=O)O	BZQGAPWJKAYCHR-UHFFFAOYSA-N
deamino-Ncy	2-sulfanylacetic acid	deamino-Ncy	2-sulfanylacetic acid	N-term cap	n_cap	X	92.11899999999999	0.0007999999999999674	37.3	12.9	FALSE	SCC(=O)O	CWERGRDVMFNCDR-UHFFFAOYSA-N
Et-	N-Terminal ethyl	Et-	ethanol	N-term cap	n_cap	X	46.069	-0.0014000000000000123	20.23	2	FALSE	CCO	LFQSCWFLJHTTHZ-UHFFFAOYSA-N
deamino-Nva_OH	2-Hydroxypentanoic acid	deamino-Nva(OH)	(2S)-2-hydroxypentanoic acid	N-term cap	n_cap	X	118.13199999999998	0.23199999999999998	57.53	14.6	FALSE	CCC[C@H](O)C(=O)O	JRHWHSJDIILJAT-BYPYZUCNSA-N
Me-	N-Terminal methyl	Me-	methanol	N-term cap	n_cap	X	32.042	-0.3915	20.23	2	FALSE	CO	OKKJLVBELUTLKV-UHFFFAOYSA-N
MsO	Mesylate	MsO	methanesulfonic acid	N-term cap	n_cap	X	96.10699999999999	-0.49599999999999983	54.370000000000005	12.9	FALSE	O=S(=O)(C)O	AFVFQIVMOAPDHO-UHFFFAOYSA-N
NHBn-	N-Terminal 1-phenylmethanamine	NHBn	N-hydroxy-1-phenylmethanamine	N-term cap	n_cap	X	123.15499999999996	1.1654000000000002	32.26	14.8	FALSE	ONCc1ccccc1	LVCDXCQFSONNDO-UHFFFAOYSA-N
OBn-	N-Terminal phenylmethanol	OBn-	(hydroperoxymethyl)benzene	N-term cap	n_cap	X	124.13899999999997	1.6762	29.46	14.8	FALSE	c1ccc(cc1)COO	YVJRCWCFDJYONJ-UHFFFAOYSA-N
OEt	Ethanol	OEt	ethanol	C-term cap	c_cap	X	46.069	-0.0014000000000000123	20.23	2	FALSE	CCO	LFQSCWFLJHTTHZ-UHFFFAOYSA-N
OMe-	N-Terminal methanol	OMe-	hydroperoxymethane	N-term cap	n_cap	X	48.041000000000004	0.10580000000000006	29.46	2	FALSE	COO	MEUKEBNAABNAEX-UHFFFAOYSA-N
OtBu	O-tert-Butyl	OtBu	2-methylpropan-2-ol	C-term cap	c_cap	X	74.12299999999999	0.7771999999999999	20.23	15	FALSE	CC(C)(C)O	DKGAVHZHDRPRBM-UHFFFAOYSA-N
Ph	Phenyl	Ph	benzene	C-term cap	c_cap	X	78.11399999999999	1.6866	0	15	FALSE	c1ccccc1	UHOVQNZJYSORNB-UHFFFAOYSA-N
Tos	Tosyl	Tos	4-methylbenzene-1-sulfonic acid	N-term cap	n_cap	X	172.20499999999998	1.24172	54.370000000000005	12	FALSE	Cc1ccc(cc1)S(=O)(=O)O	JOXIMZWYDAKGHI-UHFFFAOYSA-N
deamino-Phg_4OMe	2-(4-methoxyphenyl)acetic acid	deamino-Phg(4-OMe)	2-(4-methoxyphenyl)acetic acid	N-term cap	n_cap	X	166.176	1.3223	46.53	12.2	FALSE	COc1ccc(cc1)CC(=O)O	NRPFNQUDKRYCNX-UHFFFAOYSA-N
D-Ala-ol	(2R)-2-aminopropan-1-ol	D-Ala-ol	(2R)-2-aminopropan-1-ol	C-term cap	c_cap	X	75.11099999999999	-0.6741000000000001	46.25	15	FALSE	N[C@H](C)CO	BKMMTJMQCTUHRP-GSVOUGTGSA-N
A	L-Alanine	Ala	(2S)-2-aminopropanoic acid	Backbone	alpha	Ala	89.09399999999998	-0.5818000000000003	63.32000000000001	98.6	TRUE	N[C@@H](C)C(=O)O	QNAYBMKLOCPYGJ-REOHCLBHSA-N
C	L-Cysteine	Cys	(2R)-2-amino-3-sulfanylpropanoic acid	Backbone	alpha	Cys	121.16099999999997	-0.6719000000000002	63.32000000000001	95.6	TRUE	N[C@@H](CS)C(=O)O	XUJNEKJLAYXESH-REOHCLBHSA-N
D	L-Aspartic acid	Asp	(2S)-2-aminobutanedioic acid	Backbone	alpha	Asp	133.10299999999998	-1.127	100.62000000000002	94.7	TRUE	N[C@@H](CC(=O)O)C(=O)O	CKLJMWTZIZZHCS-REOHCLBHSA-N
E	L-Glutamic acid	Glu	(2S)-2-aminopentanedioic acid	Backbone	alpha	Glu	147.13	-0.7368999999999997	100.62000000000002	94.8	TRUE	N[C@@H](CCC(=O)O)C(=O)O	WHUUTDBJXJRKMK-VKHMYHEASA-N
F	L-Phenylalanine	Phe	(2S)-2-amino-3-phenylpropanoic acid	Backbone	alpha	Phe	165.19199999999995	0.641	63.32000000000001	98.3	TRUE	N[C@@H](Cc1(ccccc1))C(=O)O	COLNVLDHVKWLRT-QMMMGPOBSA-N
G	Glycine	Gly	2-aminoacetic acid	Backbone	alpha	Gly	75.067	-0.9702999999999999	63.32000000000001	99.8	TRUE	NCC(=O)O	DHMQDGOQFOQNFH-UHFFFAOYSA-N
H	L-Histidine	His	(2S)-2-amino-3-(1H-imidazol-5-yl)propanoic acid	Backbone	alpha	His	155.15699999999998	-0.6359000000000001	92	93.4	TRUE	N[C@@H](Cc1(cnc[nH]1))C(=O)O	HNDVDQJCIGZPNO-YFKPBYRVSA-N
I	L-Isoleucine, (2S,3S)-Isoleucine	Ile	(2S,3S)-2-amino-3-methylpentanoic acid	Backbone	alpha	Ile	131.175	0.44439999999999985	63.32000000000001	94.7	TRUE	N[C@@H]([C@@H](C)CC)C(=O)O	AGPKZVBTJJNPAG-WHFBIAKZSA-N
K	L-Lysine	Lys	(2S)-2,6-diaminohexanoic acid	Backbone	alpha	Lys	146.19000000000003	-0.4727000000000004	89.34	96.9	TRUE	N[C@@H](CCCCN)C(=O)O	KDXKERNSBIXSRK-YFKPBYRVSA-N
L	L-Leucine	Leu	(2S)-2-amino-4-methylpentanoic acid	Backbone	alpha	Leu	131.175	0.44439999999999985	63.32000000000001	98.5	TRUE	N[C@@H](CC(C)C)C(=O)O	ROHFNLRQFUQHCH-YFKPBYRVSA-N
M	L-Methionine	Met	(2S)-2-amino-4-(methylsulfanyl)butanoic acid	Backbone	alpha	Met	149.215	0.1513999999999997	63.32000000000001	92	TRUE	N[C@@H](CCSC)C(=O)O	FFEARJCKVFRZRR-BYPYZUCNSA-N
N	L-Asparagine	Asn	(2S)-2-amino-3-carbamoylpropanoic acid	Backbone	alpha	Asn	132.119	-1.7263000000000002	106.41000000000001	94.3	TRUE	N[C@@H](CC(=O)N)C(=O)O	DCXYFEDJOCDNAF-REOHCLBHSA-N
P	L-Proline	Pro	(2S)-pyrrolidine-2-carboxylic acid	Backbone	alpha	Pro	115.13199999999999	-0.17700000000000032	49.33	98.1	TRUE	N1[C@@H](CCC1)C(=O)O	ONIBWKKTOPOVIA-BYPYZUCNSA-N
Q	L-Glutamine	Gln	(2S)-2-amino-4-carbamoylbutanoic acid	Backbone	alpha	Gln	146.14600000000002	-1.336199999999999	106.41000000000001	95.1	TRUE	N[C@@H](CCC(=O)N)C(=O)O	ZDXPYRJPNDTMRX-VKHMYHEASA-N
R	L-Arginine	Arg	(2S)-2-amino-5-(((amino)(imino)methyl)amino)pentanoic acid	Backbone	alpha	Arg	174.204	-1.338429999999999	125.22000000000001	96.3	TRUE	N[C@@H](CCCNC(=N)N)C(=O)O	ODKSFYDXXFIFQN-BYPYZUCNSA-N
S	L-Serine	Ser	(2S)-2-amino-3-hydroxypropanoic acid	Backbone	alpha	Ser	105.09299999999999	-1.6093999999999997	83.55	96.5	TRUE	N[C@@H](CO)C(=O)O	MTCFGRXMJLQNBG-REOHCLBHSA-N
T	L-Threonine, (2S,3R)-Threonine	Thr	(2S,3R)-2-amino-3-hydroxybutanoic acid	Backbone	alpha	Thr	119.11999999999999	-1.2209	83.55	94	TRUE	N[C@@H]([C@H](O)C)C(=O)O	AYFVYJQAPQTCCC-GBXIJSLDSA-N
V	L-Valine	Val	(2S)-2-amino-3-methylbutanoic acid	Backbone	alpha	Val	117.14799999999998	0.05429999999999996	63.32000000000001	97.7	TRUE	N[C@@H](C(C)C)C(=O)O	KZSNJWFQEVHDMF-BYPYZUCNSA-N
W	L-Tryptophan	Trp	(2S)-2-amino-3-(1H-indol-3-yl)propanoic acid	Backbone	alpha	Trp	204.22899999999998	1.1223000000000003	79.11	93.1	TRUE	N[C@@H](Cc1(c[nH]c2(ccccc12)))C(=O)O	QIVBCDIJIAJPQS-VIFPVBQESA-N
Y	L-Tyrosine	Tyr	(2S)-2-amino-3-(4-hydroxyphenyl)propanoic acid	Backbone	alpha	Tyr	181.19099999999997	0.3466	83.55	96.6	TRUE	N[C@@H](Cc1(ccc(O)cc1))C(=O)O	OUYCCCASQSFEME-QMMMGPOBSA-N
dA	D-Alanine	D-Ala	(2R)-2-aminopropanoic acid	Backbone	alpha	Ala	89.09399999999998	-0.5818000000000003	63.32000000000001	65.4	TRUE	N[C@H](C)C(=O)O	QNAYBMKLOCPYGJ-UWTATZPHSA-N
dC	D-Cysteine	D-Cys	(2S)-2-amino-3-sulfanylpropanoic acid	Backbone	alpha	Cys	121.16099999999997	-0.6719000000000002	63.32000000000001	56.3	TRUE	N[C@H](CS)C(=O)O	XUJNEKJLAYXESH-UWTATZPHSA-N
dN	D-Asparagine	D-Asn	(2R)-2-amino-3-carbamoylpropanoic acid	Backbone	alpha	Asn	132.119	-1.7263000000000002	106.41000000000001	48	TRUE	N[C@H](CC(=O)N)C(=O)O	DCXYFEDJOCDNAF-UWTATZPHSA-N
dE	D-Glutamic acid	D-Glu	(2R)-2-aminopentanedioic acid	Backbone	alpha	Glu	147.13	-0.7368999999999997	100.62000000000002	53.1	TRUE	N[C@H](CCC(=O)O)C(=O)O	WHUUTDBJXJRKMK-GSVOUGTGSA-N
dF	D-Phenylalanine	D-Phe	(2R)-2-amino-3-phenylpropanoic acid	Backbone	alpha	Phe	165.19199999999995	0.641	63.32000000000001	60.7	TRUE	N[C@H](Cc1(ccccc1))C(=O)O	COLNVLDHVKWLRT-MRVPVSSYSA-N
dH	D-Histidine	D-His	(2R)-2-amino-3-(1H-imidazol-5-yl)propanoic acid	Backbone	alpha	His	155.15699999999998	-0.6359000000000001	92	25.9	TRUE	N[C@H](Cc1(cnc[nH]1))C(=O)O	HNDVDQJCIGZPNO-RXMQYKEDSA-N
D-aIle	Allo-D-Isoleucine	D-aIle	(2R,3S)-2-amino-3-methylpentanoic acid	Backbone	alpha	Ile	131.175	0.44439999999999985	63.32000000000001	40.5	TRUE	N[C@H]([C@@H](C)CC)C(=O)O	AGPKZVBTJJNPAG-CRCLSJGQSA-N
dK	D-Lysine	D-Lys	(2R)-2,6-diaminohexanoic acid	Backbone	alpha	Lys	146.19000000000003	-0.4727000000000004	89.34	55.6	TRUE	N[C@H](CCCCN)C(=O)O	KDXKERNSBIXSRK-RXMQYKEDSA-N
dL	D-Leucine	D-Leu	(2R)-2-amino-4-methylpentanoic acid	Backbone	alpha	Leu	131.175	0.44439999999999985	63.32000000000001	57.5	TRUE	N[C@H](CC(C)C)C(=O)O	ROHFNLRQFUQHCH-RXMQYKEDSA-N
dM	D-Methionine	D-Met	(2R)-2-amino-4-(methylsulfanyl)butanoic acid	Backbone	alpha	Met	149.215	0.1513999999999997	63.32000000000001	41.4	TRUE	N[C@H](CCSC)C(=O)O	FFEARJCKVFRZRR-SCSAIBSYSA-N
dD	D-Aspartic acid	D-Asp	(2R)-2-aminobutanedioic acid	Backbone	alpha	Asp	133.10299999999998	-1.127	100.62000000000002	50.6	TRUE	N[C@H](CC(=O)O)C(=O)O	CKLJMWTZIZZHCS-UWTATZPHSA-N
dP	D-Proline	D-Pro	(2R)-pyrrolidine-2-carboxylic acid	Backbone	alpha	Pro	115.13199999999999	-0.17700000000000032	49.33	59.7	TRUE	N1[C@H](CCC1)C(=O)O	ONIBWKKTOPOVIA-SCSAIBSYSA-N
dQ	D-Glutamine	D-Gln	(2R)-2-amino-4-carbamoylbutanoic acid	Backbone	alpha	Gln	146.14600000000002	-1.336199999999999	106.41000000000001	52.1	TRUE	N[C@H](CCC(=O)N)C(=O)O	ZDXPYRJPNDTMRX-GSVOUGTGSA-N
dR	D-Arginine	D-Arg	(2R)-2-amino-5-(((amino)(imino)methyl)amino)pentanoic acid	Backbone	alpha	Arg	174.204	-1.338429999999999	125.22000000000001	31.9	TRUE	N[C@H](CCCNC(=N)N)C(=O)O	ODKSFYDXXFIFQN-SCSAIBSYSA-N
dS	D-Serine	D-Ser	(2R)-2-amino-3-hydroxypropanoic acid	Backbone	alpha	Ser	105.09299999999999	-1.6093999999999997	83.55	53.5	TRUE	N[C@H](CO)C(=O)O	MTCFGRXMJLQNBG-UWTATZPHSA-N
dT	D-Threonine, (2R,3S)-Threonine	D-Thr	(2R,3S)-2-amino-3-hydroxybutanoic acid	Backbone	alpha	Thr	119.11999999999999	-1.2209	83.55	47	TRUE	N[C@H]([C@@H](O)C)C(=O)O	AYFVYJQAPQTCCC-STHAYSLISA-N
dV	D-Valine	D-Val	(2R)-2-amino-3-methylbutanoic acid	Backbone	alpha	Val	117.14799999999998	0.05429999999999996	63.32000000000001	56.3	TRUE	N[C@H](C(C)C)C(=O)O	KZSNJWFQEVHDMF-SCSAIBSYSA-N
dW	D-Tryptophan	D-Trp	(2R)-2-amino-3-(1H-indol-3-yl)propanoic acid	Backbone	alpha	Trp	204.22899999999998	1.1223000000000003	79.11	55.7	TRUE	N[C@H](Cc1(c[nH]c2(ccccc12)))C(=O)O	QIVBCDIJIAJPQS-SECBINFHSA-N
dY	D-Tyrosine	D-Tyr	(2R)-2-amino-3-(4-hydroxyphenyl)propanoic acid	Backbone	alpha	Tyr	181.19099999999997	0.3466	83.55	53	TRUE	N[C@H](Cc1(ccc(O)cc1))C(=O)O	OUYCCCASQSFEME-MRVPVSSYSA-N
bAla_3REtO2H	L-beta-Glutamic acid	bAla(3R-EtO2H)	3-aminopentanedioic acid	Backbone	beta	Asp	147.13	-0.7369000000000001	100.62000000000002	23.8	TRUE	NC(CC(=O)O)CC(=O)O	BBJIPMIXTXKYLZ-UHFFFAOYSA-N
bAla_3SEtO2H	D-beta-Glutamic acid	bAla(3S-EtO2H)	3-aminopentanedioic acid	Backbone	beta	Asp	147.13	-0.7369000000000001	100.62000000000002	7.4	TRUE	NC(CC(=O)O)CC(=O)O	BBJIPMIXTXKYLZ-UHFFFAOYSA-N
Tyr_SO3H	O-Sulfo-L-Tyrosine	Tyr(SO3H)	4-((2S)-2-amino-3-hydroxy-3-oxopropyl)phenyl hydrogen sulfate	Backbone	alpha	Tyr	261.25499999999994	-0.17740000000000028	126.92	43	FALSE	N[C@@H](Cc1(ccc(OS(=O)(=O)O)cc1))C(=O)O	CIQHWLTYGMYQQR-QMMMGPOBSA-N
Nle	L-Norleucine	Nle	(2S)-2-aminohexanoic acid	Backbone	alpha	Leu	131.175	0.5884999999999998	63.32000000000001	60.3	TRUE	N[C@@H](CCCC)C(=O)O	LRQKBLKVPFOOQJ-YFKPBYRVSA-N
Met_O2	L-Methionine Sulfone	Met(O2)	(2S)-2-amino-4-(methylsulfonyl)butanoic acid	Backbone	alpha	X	181.213	-1.167	97.46000000000001	31.8	TRUE	N[C@@H](CCS(=O)(=O)C)C(=O)O	UCUNFLYVYCGDHP-BYPYZUCNSA-N
Abu_ethynyl	L-Homopropargylglycine	Abu(ethynyl)	(2S)-2-aminohex-5-ynoic acid	Backbone	alpha	Leu	127.14299999999997	-0.18829999999999997	63.32000000000001	7.8	TRUE	N[C@@H](CCC#C)C(=O)O	SCGJGNWMYSYORS-YFKPBYRVSA-N
NMe-D	N-Methyl-L-Aspartic acid	Me-Asp	(2S)-2-(methylamino)succinic acid	Backbone	alpha	Asp	147.13	-0.8663000000000001	86.63000000000001	23.1	TRUE	N(C)[C@@H](CC(=O)O)C(=O)O	HOKKHZGPKSLGJE-VKHMYHEASA-N
NMe-dD	N-Methyl-D-Aspartic acid	Me-D-Asp	(2R)-2-(methylamino)succinic acid	Backbone	alpha	Asp	147.13	-0.8663000000000001	86.63000000000001	20.5	TRUE	N(C)[C@H](CC(=O)O)C(=O)O	HOKKHZGPKSLGJE-GSVOUGTGSA-N
1Nal	3-(1-naphthyl)-L-Alanine	1Nal	(2S)-2-amino-3-(naphthalen-1-yl)propanoic acid	Backbone	alpha	Phe	215.25199999999998	1.7942	63.32000000000001	35.8	TRUE	N[C@@H](Cc1(cccc2(ccccc12)))C(=O)O	OFYAYGJCPXRNBL-LBPRGKRZSA-N
2Nal	3-(2-naphthyl)-L-Alanine	2Nal	(2S)-2-amino-3-(naphthalen-2-yl)propanoic acid	Backbone	alpha	Phe	215.25199999999998	1.7942	63.32000000000001	40.6	TRUE	N[C@@H](Cc2(ccc1(ccccc1c2)))C(=O)O	JPZXHKDZASGCLU-LBPRGKRZSA-N
NMe-F	N-methyl-L-Phenylalanine	Me-Phe	(2S)-2-(methylamino)-3-phenylpropanoic acid	Backbone	alpha	Phe	179.21899999999997	0.9017	49.33	51.6	TRUE	N(C)[C@@H](Cc1(ccccc1))C(=O)O	SCIFESDRCALIIM-VIFPVBQESA-N
NMe-1Nal	N-methyl-3-(1-naphthyl)-L-Alanine	Me-1Nal	(2S)-2-(methylamino)-3-(naphthalen-1-yl)propanoic acid	Backbone	alpha	Phe	229.279	2.0548999999999995	49.33	9.8	TRUE	N(C)[C@@H](Cc1(cccc2(ccccc12)))C(=O)O	BNIHASXPOKDHFH-ZDUSSCGKSA-N
NMe-2Nal	N-methyl-3-(2-naphthyl)-L-Alanine	Me-2Nal	(2S)-2-(methylamino)-3-(naphthalen-2-yl)propanoic acid	Backbone	alpha	Phe	229.279	2.0548999999999995	49.33	13.8	TRUE	N(C)[C@@H](Cc2(ccc1(ccccc1c2)))C(=O)O	XRBFRWVSTGFFCB-ZDUSSCGKSA-N
NMe-W	N-methyl-L-Tryptophan	Me-Trp	(2S)-3-(1H-indol-3-yl)-2-(methylamino)propanoic acid	Backbone	alpha	Trp	218.256	1.383	65.12	31.5	TRUE	N(C)[C@@H](Cc1(c[nH]c2(ccccc12)))C(=O)O	CZCIKBSVHDNIDH-NSHDSACASA-N
Orn	L-Ornithine	Orn	(2S)-2,5-diaminopentanoic acid	Backbone	alpha	Lys	132.163	-0.8628	89.34	58.3	TRUE	N[C@@H](CCCN)C(=O)O	AHLPHDHHMVZTML-BYPYZUCNSA-N
Cit	L-Citrulline	Cit	(2S)-2-amino-5-(carbamoylamino)pentanoic acid	Backbone	alpha	Arg	175.188	-1.1531999999999991	118.44000000000001	41.3	TRUE	N[C@@H](CCCNC(=O)N)C(=O)O	RHGKLRLOHDJJDR-BYPYZUCNSA-N
Sar	N-methyl-glycine, sarcosine	Sar	2-(methylamino)acetic acid	Backbone	alpha	Gly	89.09399999999998	-0.7096000000000002	49.33	59.1	TRUE	N(C)CC(=O)O	FSYKKLYZXJSNPZ-UHFFFAOYSA-N
Phe_4Cl	4-Chloro-L-Phenylalanine	Phe(4-Cl)	(2S)-2-amino-3-(4-chlorophenyl)propanoic acid	Backbone	alpha	Phe	199.637	1.2944000000000002	63.32000000000001	31.7	TRUE	N[C@@H](Cc1(ccc(Cl)cc1))C(=O)O	NIGWMJHCCYYCSF-QMMMGPOBSA-N
Phe_4F	4-Fluoro-L-Phenylalanine	Phe(4-F)	(2S)-2-amino-3-(4-fluorophenyl)propanoic acid	Backbone	alpha	Phe	183.182	0.7801	63.32000000000001	37.9	TRUE	N[C@@H](Cc1(ccc(F)cc1))C(=O)O	XWHHYOYVRVGJJY-QMMMGPOBSA-N
Phe_4I	4-Iodo-L-Phenylalanine	Phe(4-I)	(2S)-2-amino-3-(4-iodophenyl)propanoic acid	Backbone	alpha	Phe	291.088	1.2456	63.32000000000001	37.9	TRUE	N[C@@H](Cc1(ccc(I)cc1))C(=O)O	PZNQZSRPDOEBMS-QMMMGPOBSA-N
Phe_4Me	4-Methyl-L-Phenylalanine	Phe(4-Me)	(2S)-2-amino-3-(4-methylphenyl)propanoic acid	Backbone	alpha	Phe	179.21899999999997	0.9494199999999999	63.32000000000001	30.7	TRUE	N[C@@H](Cc1(ccc(C)cc1))C(=O)O	DQLHSFUMICQIMB-VIFPVBQESA-N
Hyp	trans-4-Hydroxy-L-proline	Hyp	(2S,4R)-4-hydroxypyrrolidine-2-carboxylic acid	Backbone	alpha	Pro	131.131	-1.2062000000000004	69.56	56	TRUE	N1[C@@H](C[C@@H](O)C1)C(=O)O	PMMYEEVYMWASQN-DMTCNVIQSA-N
Bip	4-Phenyl-L-Phenylalanine (4'4-L-Biphenylalanine)	Bip	(2S)-2-amino-3-(4-phenylphenyl)propanoic acid	Backbone	alpha	Phe	241.29	2.308	63.32000000000001	33.3	TRUE	N[C@@H](Cc1(ccc(cc1)c2(ccccc2)))C(=O)O	JCZLABDVDPYLRZ-AWEZNQCLSA-N
Tic	L-Porretine	Tic	(4S)-3-azabicyclo[4.4.0]deca-1(10),6,8-triene-4-carboxylic acid	Backbone	alpha	Pro	177.20299999999995	0.7855000000000001	49.33	39.2	TRUE	N2[C@@H](Cc1(ccccc1C2))C(=O)O	BWKMGYQJPOAASG-VIFPVBQESA-N
NBn-G	N-Benzyl-Glycine	Bn-Gly	2-(benzylamino)acetic acid	Backbone	alpha	Gly	165.19199999999998	0.8608	49.33	33.7	TRUE	N(Cc1(ccccc1))CC(=O)O	KGSVNOLLROCJQM-UHFFFAOYSA-N
Lys_Bz	N-Epsilon-Benzoyl-L-Lysine	Lys(Bz)	(2S)-2-amino-6-phenylcarbonylaminohexanoic acid	Backbone	alpha	Lys	250.29800000000003	0.9985999999999993	92.42	17.2	TRUE	N[C@@H](CCCCNC(=O)c1(ccccc1))C(=O)O	KODLJWKGAKBGOB-NSHDSACASA-N
Phg	L-Phenylglycine	Phg	(2S)-2-amino-2-phenylacetic acid	Backbone	alpha	X	151.16499999999996	0.7710000000000001	63.32000000000001	41.6	TRUE	N[C@@H](c1(ccccc1))C(=O)O	ZGUNAGUHMKGQNY-ZETCQYMHSA-N
Phg_3OMe	3-Methoxy-L-Phenylglycine	Phg(3-OMe)	(2S)-2-amino-2-(3-methoxyphenyl)acetic acid	Backbone	alpha	X	181.19099999999997	0.7796000000000001	72.55	6.4	TRUE	N[C@@H](c1(cccc(OC)c1))C(=O)O	UMKVNPOZWRHJPM-QMMMGPOBSA-N
Gly_allyl	L-Allylglycine	Gly(allyl)	(2S)-2-aminopent-4-enoic acid	Backbone	alpha	Val	115.13199999999999	-0.025600000000000345	63.32000000000001	26.3	TRUE	N[C@@H](CC=C)C(=O)O	WNNNWFKQCKFSDK-BYPYZUCNSA-N
Phe_3CN	3-Cyano-L-Phenylalanine	Phe(3-CN)	(2S)-2-amino-3-(3-(nitrilomethyl)phenyl)propanoic acid	Backbone	alpha	Phe	190.20199999999997	0.5126800000000002	87.11	14.6	TRUE	N[C@@H](Cc1(cccc(C#N)c1))C(=O)O	ZHUOMTMPTNZOJE-VIFPVBQESA-N
Phg_3OH	(S)-3-Hydroxyphenylglycine	Phg(3-OH)	(2S)-2-amino-2-(3-hydroxyphenyl)acetic acid	Backbone	alpha	X	167.16399999999996	0.4766	83.55	7.5	TRUE	N[C@@H](c1(cccc(O)c1))C(=O)O	DQLYTFPAEVJTFM-ZETCQYMHSA-N
Phe_4CN	4-Cyano-L-Phenylalanine	Phe(4-CN)	(2S)-2-amino-3-(4-(nitrilomethyl)phenyl)propanoic acid	Backbone	alpha	Phe	190.202	0.5126800000000002	87.11	26.1	TRUE	N[C@@H](Cc1(ccc(C#N)cc1))C(=O)O	KWIPUXXIFQQMKN-VIFPVBQESA-N
hTyr	Homo-L-Tyrosine	hTyr	(2S)-2-amino-4-(4-hydroxyphenyl)butanoic acid	Backbone	alpha	Tyr	195.218	0.7366999999999999	83.55	22.8	TRUE	N[C@@H](CCc1(ccc(O)cc1))C(=O)O	LOOZZTFGSTZNRX-VIFPVBQESA-N
Nva_OH	Pentahomo-L-Serine	Nva(OH)	(2S)-2-amino-5-hydroxypentanoic acid	Backbone	alpha	X	133.147	-0.8292000000000004	83.55	19.5	TRUE	N[C@@H](CCCO)C(=O)O	CZWARROQQFCFJB-BYPYZUCNSA-N
Abu	L-2-Aminobutyric acid	Abu	(2S)-2-aminobutanoic acid	Backbone	alpha	Ala	103.12099999999998	-0.19170000000000004	63.32000000000001	68.3	TRUE	N[C@@H](CC)C(=O)O	QWCKQJZIFLGMSD-VKHMYHEASA-N
Nle_Me	(2S)-2-Aminoheptanoic acid	Nle(Me)	(2S)-2-aminoheptanoic acid	Backbone	alpha	Leu	145.202	0.9785999999999997	63.32000000000001	29.5	TRUE	N[C@@H](CCCCC)C(=O)O	RDFMDVXONNIGBC-LURJTMIESA-N
Cha	3-Cyclohexyl-L-Alanine	Cha	(2S)-2-amino-3-cyclohexylpropanoic acid	Backbone	alpha	Ala	171.24	1.3687	63.32000000000001	48	TRUE	N[C@@H](CC1(CCCCC1))C(=O)O	ORQXBVXKBGUSBA-QMMMGPOBSA-N
aThr	Allo-L-Threonine, (2S,3S)-Allothreonine	aThr	(2S,3S)-2-amino-3-hydroxybutanoic acid	Backbone	alpha	Thr	119.11999999999999	-1.2209	83.55	42.2	TRUE	N[C@@H]([C@@H](O)C)C(=O)O	AYFVYJQAPQTCCC-HRFVKAFMSA-N
Ala_naphth1yl	3-(9-anthryl)l-L-Alanine	Ala(naphth-1-yl)	(2S)-2-amino-3-(anthracen-9-yl)propanoic acid	Backbone	alpha	Phe	265.31199999999995	2.947400000000001	63.32000000000001	5.3	TRUE	N[C@@H](Cc3(c1(ccccc1cc2(ccccc23))))C(=O)O	MRVJUNXMEDRMRO-INIZCTEOSA-N
Phe_3Me	3-Methyl-L-Phenylalanine	Phe(3-Me)	(2S)-2-amino-3-(3-methylphenyl)propanoic acid	Backbone	alpha	Phe	179.21899999999997	0.9494199999999999	63.32000000000001	14.4	TRUE	N[C@@H](Cc1(cccc(C)c1))C(=O)O	JZRBSTONIYRNRI-VIFPVBQESA-N
Gly_CO2H	L-Aminomalonic acid	Gly(CO2H)	2-aminopropanedioic acid	Backbone	alpha	X	119.07599999999998	-1.5171000000000001	100.62000000000002	20.5	FALSE	NC(C(=O)O)C(=O)O	JINBYESILADKFW-UHFFFAOYSA-N
Cys_Bn	S-Benzyl-L-Cysteine	Cys(Bn)	(2R)-2-amino-3-(benzylsulfanyl)propanoic acid	Backbone	alpha	Cys	211.286	1.3317	63.32000000000001	19.8	TRUE	N[C@@H](CSCc1(ccccc1))C(=O)O	GHBAYRBVXCRIHT-VIFPVBQESA-N
Asp_3ROH	(2S,3R)-Hydroxy-L-Aspartic acid	Asp(3R-OH)	(2S,3R)-2-amino-3-hydroxybutanedioic acid	Backbone	alpha	Asp	149.102	-2.1561999999999997	120.85000000000001	15.3	TRUE	N[C@@H]([C@@H](O)C(=O)O)C(=O)O	YYLQUHNPNCGKJQ-NHYDCYSISA-N
Ala_benzothiophen3yl	3-(1-Benzothiophen-3-Yl)-L-Alanine	Ala(benzothiophen-3-yl)	(2S)-2-amino-3-(1-benzothiophen-3-yl)propanoic acid	Backbone	alpha	Phe	221.281	1.8557000000000001	63.32000000000001	24.3	TRUE	N[C@@H](Cc1(csc2(ccccc12)))C(=O)O	GAUUPDQWKHTCAX-VIFPVBQESA-N
Gly_tBu	3-Methyl-L-Valine	Gly(tBu)	(2S)-2-amino-3,3-dimethylbutanoic acid	Backbone	alpha	Val	131.17499999999998	0.44439999999999985	63.32000000000001	41.5	TRUE	N[C@@H](C(C)(C)C)C(=O)O	NPDBDJFLKKQMCM-SCSAIBSYSA-N
Cys_EtO2H	S-Carboxymethyl-L-Cysteine	Cys(EtO2H)	(2R)-2-amino-3-((2-hydroxy-2-oxoethyl)sulfanyl)propanoic acid	Backbone	alpha	Cys	179.197	-0.7838999999999998	100.62000000000002	22.4	TRUE	N[C@@H](CSCC(=O)O)C(=O)O	GBFLZEXEOZUWRN-VKHMYHEASA-N
Chg	L-Cyclohexylglycine	Chg	(2S)-2-amino-2-cyclohexylacetic acid	Backbone	alpha	X	157.21300000000002	0.9785999999999997	63.32000000000001	37.1	TRUE	N[C@@H](C1(CCCCC1))C(=O)O	WAMWSIDTKSNDCU-ZETCQYMHSA-N
Phe_2CN	2-Cyano-L-Phenylalanine	Phe(2-CN)	(2S)-2-amino-3-(2-(nitrilomethyl)phenyl)propanoic acid	Backbone	alpha	Phe	190.20199999999997	0.5126799999999998	87.11	7	TRUE	N[C@@H](Cc1(ccccc1C#N))C(=O)O	OCDHPLVCNWBKJN-VIFPVBQESA-N
Ala_cPent	3-Cyclopentane-L-Alanine	Ala(cPent)	(2S)-2-amino-3-cyclopentylpropanoic acid	Backbone	alpha	Ala	157.21300000000002	0.9785999999999997	63.32000000000001	22.6	TRUE	N[C@@H](CC1(CCCC1))C(=O)O	KDYAKYRBGLKMAK-ZETCQYMHSA-N
nTyr	4-Hydroxyphenylglycine, Oxfenicine	nTyr	(2S)-2-amino-2-(4-hydroxyphenyl)acetic acid	Backbone	alpha	X	167.16399999999996	0.4766	83.55	25.1	TRUE	N[C@@H](c1(ccc(O)cc1))C(=O)O	LJCWONGJFPCTTL-ZETCQYMHSA-N
Dab	L-2,4-Diaminobutanoic acid	Dab	(2S)-2,4-diaminobutanoic acid	Backbone	alpha	X	118.13599999999998	-1.2528999999999997	89.34	49.4	TRUE	N[C@@H](CCN)C(=O)O	OGNSCSPNOLGXSM-VKHMYHEASA-N
Tyr_3OH	3-Hydroxy-L-Tyrosine, L-Levodopa	Tyr(3-OH)	(2S)-2-amino-3-(3,4-dihydroxyphenyl)propanoic acid	Backbone	alpha	Tyr	197.18999999999997	0.052200000000000135	103.78000000000002	30.9	TRUE	N[C@@H](Cc1(ccc(O)c(O)c1))C(=O)O	WTDRDQBEARUVNC-LURJTMIESA-N
Nva_3Et	3-Ethyl-L-Norvaline	Nva(3-Et)	(2S)-2-amino-3-ethylpentanoic acid	Backbone	alpha	Leu	145.202	0.8344999999999998	63.32000000000001	12.8	TRUE	N[C@@H](C(CC)CC)C(=O)O	IXLUUORVBOXZGB-LURJTMIESA-N
Asp_33diMe	3,3-Dimethyl-L-Aspartic acid	Asp(3,3-diMe)	(2S)-2-amino-3,3-dimethylbutanedioic acid	Backbone	alpha	Asp	161.15699999999998	-0.4908999999999997	100.62000000000002	10.4	TRUE	N[C@@H](C(C)(C)C(=O)O)C(=O)O	NWZACHOBRMGGPL-GSVOUGTGSA-N
Phe_3Et	3-Ethyl-L-Phenylalanine	Phe(3-Et)	(2S)-2-amino-3-(3-ethylphenyl)propanoic acid	Backbone	alpha	Phe	193.24599999999995	1.2034000000000002	63.32000000000001	7.3	TRUE	N[C@@H](Cc1(cccc(c1)CC))C(=O)O	VBHQPSVGLVGLLD-JTQLQIEISA-N
Dap	3-Amino-L-Alanine	Dap	(2S)-2,3-diaminopropanoic acid	Backbone	alpha	X	104.10899999999998	-1.6429999999999998	89.34	52.7	TRUE	N[C@@H](CN)C(=O)O	PECYZEOJVXMISF-REOHCLBHSA-N
Ala_2furyl	3-(2-Furyl)-L-Alanine	Ala(2-furyl)	(2S)-2-amino-3-(furan-2-yl)propanoic acid	Backbone	alpha	Phe	155.15299999999996	0.23399999999999993	76.46	13.6	TRUE	N[C@@H](Cc1(ccco1))C(=O)O	RXZQHZDTHUUJQJ-LURJTMIESA-N
Nar	L-Norarginine	Nar	(2S)-2-amino-4-(((amino)(imino)methyl)amino)butanoic acid	Backbone	alpha	Arg	160.177	-1.7285299999999992	125.22000000000001	13.7	TRUE	N[C@@H](CCNC(=N)N)C(=O)O	IFPQOXNWLSRZKX-VKHMYHEASA-N
Ala_guanidino	3-Carbamimidamido-L-Alanine	Ala(guanidino)	(2S)-2-amino-3-(((amino)(imino)methyl)amino)propanoic acid	Backbone	alpha	Arg	146.15	-2.1186299999999996	125.22000000000001	10.1	TRUE	N[C@@H](CNC(=N)N)C(=O)O	XNBJHKABANTVCP-REOHCLBHSA-N
Glu_OMe	5-Methylester-L-Glutamate	Glu(OMe)	(2S)-2-amino-4-(methoxycarbonyl)butanoic acid	Backbone	alpha	Glu	161.15699999999998	-0.6484999999999999	89.62000000000002	18.9	TRUE	N[C@@H](CCC(=O)OC)C(=O)O	ZGEYCCHDTIDZAE-BYPYZUCNSA-N
Hcy	Homo-L-Cysteine	Hcy	(2S)-2-amino-4-sulfanylbutanoic acid	Backbone	alpha	Cys	135.188	-0.28180000000000033	63.32000000000001	43.1	TRUE	N[C@@H](CCS)C(=O)O	FFFHZYDWPBMWHY-VKHMYHEASA-N
Nle_EtNH2	(2S)-2,8-Diaminooctanoic Acid	Nle(EtNH2)	(2S)-2,8-diaminooctanoic acid	Backbone	alpha	X	174.244	0.30749999999999994	89.34	12	TRUE	N[C@@H](CCCCCCN)C(=O)O	KMPBBRFCAYFTMR-ZETCQYMHSA-N
hLeu	Homo-L-Leucine	hLeu	(2S)-2-amino-5-methylhexanoic acid	Backbone	alpha	Leu	145.202	0.8344999999999998	63.32000000000001	35.2	TRUE	N[C@@H](CCC(C)C)C(=O)O	FMUMEWVNYMUECA-LURJTMIESA-N
Phe_4NH2	4-Amino-L-Phenylalanine	Phe(4-NH2)	(2S)-2-amino-3-(4-aminophenyl)propanoic acid	Backbone	alpha	Phe	180.207	0.22319999999999962	89.34	36.6	TRUE	N[C@@H](Cc1(ccc(N)cc1))C(=O)O	CMUHFUGDYMFHEI-QMMMGPOBSA-N
hArg	Homo-L-Arginine	hArg	(2S)-2-amino-6-(((amino)(imino)methyl)amino)hexanoic acid	Backbone	alpha	Arg	188.231	-0.9483299999999986	125.22000000000001	36	TRUE	N[C@@H](CCCCNC(=N)N)C(=O)O	QUOGESRFPZDMMT-YFKPBYRVSA-N
Trp_5OH	5-Hydroxy-L-Tryptophan	Trp(5-OH)	(2S)-2-amino-3-(5-hydroxy-1H-indol-3-yl)propanoic acid	Backbone	alpha	Trp	220.22799999999998	0.8279000000000003	99.34000000000002	19.5	TRUE	N[C@@H](Cc1(c[nH]c2(ccc(O)cc12)))C(=O)O	LDCYZAJDBXYCGN-VIFPVBQESA-N
Hse	Homo-L-serine	Hse	(2S)-2-amino-4-hydroxybutanoic acid	Backbone	alpha	Ser	119.11999999999998	-1.2192999999999998	83.55	39.9	TRUE	N[C@@H](CCO)C(=O)O	UKAUYVFTDYCKQA-VKHMYHEASA-N
Val_3OH	3-Hydroxy-L-Valine	Val(3-OH)	(2S)-2-amino-3-hydroxy-3-methylbutanoic acid	Backbone	alpha	Val	133.147	-0.8308000000000006	83.55	16	TRUE	N[C@@H](C(O)(C)C)C(=O)O	LDRFQSZFVGJGGP-GSVOUGTGSA-N
Gly_pent2yl_2R	3-Methyl-L-Alloisoleucine	Gly(pent-2-yl(2R))	(2S)-2-amino-3,3-dimethylpentanoic acid	Backbone	alpha	Val	145.202	0.8344999999999998	63.32000000000001	16.4	TRUE	N[C@@H](C(C)(C)CC)C(=O)O	AQIFZAKDNFZWND-RXMQYKEDSA-N
Gly_indan2yl	L-2-Indanylglycine	Gly(indan-2-yl)	(2S)-2-amino-2-(indan-2-yl)acetic acid	Backbone	alpha	Phe	191.22999999999996	0.8132999999999999	63.32000000000001	13.9	TRUE	N[C@@H](C2(Cc1(ccccc1C2)))C(=O)O	GUDHMDVRURNAHL-JTQLQIEISA-N
Asp_Ph_2NH2	L-Kynurenine	Asp(Ph(2-NH2))	(2S)-2-amino-4-(2-aminophenyl)-4-oxobutanoic acid	Backbone	alpha	Phe	208.21699999999996	0.2535000000000001	106.41000000000001	19.3	TRUE	N[C@@H](CC(=O)c1(ccccc1N))C(=O)O	YGPSJZOEDVAXAB-QMMMGPOBSA-N
Nle_OH	6-Hydroxy-L-Norleucine	Nle(OH)	(2S)-2-amino-6-hydroxyhexanoic acid	Backbone	alpha	X	147.174	-0.43910000000000055	83.55	13.5	TRUE	N[C@@H](CCCCO)C(=O)O	OLUWXTFAPJJWPL-YFKPBYRVSA-N
Pen	L-Penicillamine	Pen	(2R)-2-amino-3-methyl-3-sulfanylbutanoic acid	Backbone	alpha	Val	149.215	0.1066999999999998	63.32000000000001	38.1	TRUE	N[C@@H](C(C)(C)S)C(=O)O	VVNCNSJFMMFHPL-GSVOUGTGSA-N
Gly_CF3_CO2H	2-Alpha-Carboxy-(3,3,3-Trifluoro)-L-Alanine	Gly(CF3,CO2H)	2-amino-2-(trifluoromethyl)malonic acid	Backbone	alpha	X	187.073	-0.5846	100.62000000000002	0.6	FALSE	NC(C(=O)O)(C(F)(F)F)C(=O)O	CNSZRAUOSJANBF-UHFFFAOYSA-N
D-Gly_CF3_CO2H	2-Alpha-Carboxy-(3,3,3-Trifluoro)-D-Alanine	D-Gly(CF3,CO2H)	2-amino-2-(trifluoromethyl)malonic acid	Backbone	alpha	X	187.073	-0.5846	100.62000000000002	0.6	FALSE	NC(C(=O)O)(C(F)(F)F)C(=O)O	CNSZRAUOSJANBF-UHFFFAOYSA-N
Met_S3F	Trifluoro-L-Methionine	Met(S-3F)	(2S)-2-amino-4-((trifluoromethyl)sulfanyl)butanoic acid	Backbone	alpha	Met	203.18499999999997	1.0414	63.32000000000001	8.3	TRUE	N[C@@H](CCSC(F)(F)F)C(=O)O	YLJLTSVBCXYTQK-VKHMYHEASA-N
Trp_5F	5-Fluoro-L-Tryptophan	Trp(5-F)	(2S)-2-amino-3-(5-fluoro-1H-indol-3-yl)propanoic acid	Backbone	alpha	Trp	222.21899999999997	1.2614000000000003	79.11	29.7	TRUE	N[C@@H](Cc1(c[nH]c2(ccc(F)cc12)))C(=O)O	INPQIVHQSQUEAJ-VIFPVBQESA-N
Trp_2Me	2-Methyl-L-Tryptophan	Trp(2-Me)	(2S)-2-amino-3-(2-methyl-1H-indol-3-yl)propanoic acid	Backbone	alpha	Trp	218.256	1.4307200000000002	79.11	14.3	TRUE	N[C@@H](Cc1(c(C)[nH]c2(ccccc12)))C(=O)O	BXJSOEWOQDVGJW-JTQLQIEISA-N
Gly_vinyl	L-Vinylglycine	Gly(vinyl)	(2S)-2-aminobut-3-enoic acid	Backbone	alpha	Ala	101.10499999999999	-0.41570000000000024	63.32000000000001	13.9	TRUE	N[C@@H](C=C)C(=O)O	RQVLGLPAZTUBKX-VKHMYHEASA-N
Gln_Me	N5-Methyl-L-Glutamine	Gln(Me)	(2S)-2-amino-4-(methylcarbamoyl)butanoic acid	Backbone	alpha	Gln	160.173	-1.0755	92.42	35.8	TRUE	N[C@@H](CCC(=O)NC)C(=O)O	ONXPDKGXOOORHB-BYPYZUCNSA-N
Met_O	L-Methionine Sulfoxide	Met(O)	(2S)-2-amino-4-(methylsulfinyl)butanoic acid	Backbone	alpha	Met	165.214	-0.8331000000000004	80.39	20.3	TRUE	N[C@@H](CCS(=O)C)C(=O)O	QEFRNWWLZKMPFJ-YGVKFDHGSA-N
Trp_5OMe	5-Methoxy-L-Tryptophan	Trp(5-OMe)	(2S)-2-amino-3-(5-methoxy-1H-indol-3-yl)propanoic acid	Backbone	alpha	Trp	234.25499999999997	1.1309	88.34000000000002	7.9	TRUE	N[C@@H](Cc2(c[nH]c1(ccc(OC)cc12)))C(=O)O	KVNPSKDDJARYKK-JTQLQIEISA-N
Phe_34diMe	3,4-Dimethyl-L-Phenylalanine	Phe(3,4-diMe)	(2S)-2-amino-3-(3,4-dimethylphenyl)propanoic acid	Backbone	alpha	Phe	193.24599999999998	1.25784	63.32000000000001	7.3	TRUE	N[C@@H](Cc1(ccc(C)c(C)c1))C(=O)O	PHTDECHKNDJYMG-JTQLQIEISA-N
Phe_2Me	2-Methyl-L-Phenylalanine	Phe(2-Me)	(2S)-2-amino-3-(2-methylphenyl)propanoic acid	Backbone	alpha	Phe	179.21899999999997	0.9494199999999999	63.32000000000001	22	TRUE	N[C@@H](Cc1(ccccc1C))C(=O)O	NHBKDLSKDKUGSB-VIFPVBQESA-N
Trp_5Me	5-Methyl-L-Tryptophan	Trp(5-Me)	(2S)-2-amino-3-(5-methyl-1H-indol-3-yl)propanoic acid	Backbone	alpha	Trp	218.25599999999997	1.4307200000000002	79.11	11.3	TRUE	N[C@@H](Cc1(c[nH]c2(ccc(C)cc12)))C(=O)O	HUNCSWANZMJLPM-JTQLQIEISA-N
Trp_6Me	6-Methyl-L-Tryptophan	Trp(6-Me)	(2S)-2-amino-3-(6-methyl-1H-indol-3-yl)propanoic acid	Backbone	alpha	Trp	218.25599999999997	1.4307200000000002	79.11	7.9	TRUE	N[C@@H](Cc1(c[nH]c2(cc(C)ccc12)))C(=O)O	GDMRVYIFGPMUCG-JTQLQIEISA-N
Phe_3OH	3-Hydroxy-L-Phenylalanine	Phe(3-OH)	(2S)-2-amino-3-(3-hydroxyphenyl)propanoic acid	Backbone	alpha	Tyr	181.19099999999997	0.3466	83.55	28.8	TRUE	N[C@@H](Cc1(cccc(O)c1))C(=O)O	JZKXXXDKRQWDET-QMMMGPOBSA-N
Tyr_3NO2	3-Nitro-L-Tyrosine	Tyr(3-NO2)	(2S)-2-amino-3-(4-hydroxy-3-nitrophenyl)propanoic acid	Backbone	alpha	Tyr	226.18799999999996	0.2547999999999999	126.69000000000001	18.2	TRUE	N[C@@H](Cc1(ccc(O)c(c1)[N+](=O)[O-]))C(=O)O	FBTSQILOGYXGMD-LURJTMIESA-N
Nva	L-Norvaline	Nva	(2S)-2-aminopentanoic acid	Backbone	alpha	Val	117.14799999999998	0.19839999999999985	63.32000000000001	48.4	TRUE	N[C@@H](CCC)C(=O)O	SNDPXSYFESPGGJ-BYPYZUCNSA-N
Ser_Ac	O-Acetyl-L-Serine	Ser(Ac)	(2S)-2-amino-3-(acetoxy)propanoic acid	Backbone	alpha	Ser	147.13	-1.0385999999999997	89.62	28.5	TRUE	N[C@@H](COC(=O)C)C(=O)O	VZXPDPZARILFQX-BYPYZUCNSA-N
Thr_Me	(2S,3R)-2-Amino-3-methoxybutanoic acid, O-Methyl-L-Threonine	Thr(Me)	(2S,3R)-2-amino-3-methoxybutanoic acid	Backbone	alpha	Thr	133.147	-0.5668000000000002	72.55	20.6	TRUE	N[C@@H]([C@H](OC)C)C(=O)O	FYCWLJLGIAUCCL-DMTCNVIQSA-N
Phe_2OH	2-Hydroxy-L-Phenylalanine	Phe(2-OH)	(2S)-2-amino-3-(2-hydroxyphenyl)propanoic acid	Backbone	alpha	Tyr	181.19099999999997	0.3466	83.55	7.5	TRUE	N[C@@H](Cc1(ccccc1O))C(=O)O	WRFPVMFCRNYQNR-ZETCQYMHSA-N
Phe_4NO2	4-Nitro-L-Phenylalanine	Phe(4-NO2)	(2S)-2-amino-3-(4-nitrophenyl)propanoic acid	Backbone	alpha	Phe	210.18899999999994	0.5492000000000001	106.46	21.1	TRUE	N[C@@H](Cc1(ccc(cc1)[N+](=O)[O-]))C(=O)O	GTVVZTAFGPQSPC-QMMMGPOBSA-N
Tyr_PO3H2	O-Phospho-L-Tyrosine	Tyr(PO3H2)	4-((2S)-2-amino-3-hydroxy-3-oxopropyl)phenyl dihydrogen phosphate	Backbone	alpha	Tyr	261.16999999999996	0.1125000000000001	130.07999999999998	56.1	TRUE	N[C@@H](Cc1(ccc(OP(=O)(O)O)cc1))C(=O)O	DCWXELXMIBXGTH-QMMMGPOBSA-N
2Pal	3-(2-Pyridyl)-L-Alanine	2Pal	(2S)-2-amino-3-(pyridin-2-yl)propanoic acid	Backbone	alpha	Phe	166.17999999999998	0.035999999999999754	76.21	16.2	TRUE	N[C@@H](Cc1(ccccn1))C(=O)O	PDRJLZDUOULRHE-ZETCQYMHSA-N
Ala_pyrazol1yl	3-(1-Pyrazolyl)-L-Alanine	Ala(pyrazol-1-yl)	(2S)-2-amino-3-(1H-pyrazol-1-yl)propanoic acid	Backbone	alpha	Phe	155.15699999999998	-0.7050000000000005	81.14	7.5	TRUE	N[C@@H](Cn1(cccn1))C(=O)O	PIGOPELHGLPKLL-YFKPBYRVSA-N
Ala_quinolin2yl	3-(2-Quinolyl)-L-Alanine	Ala(quinolin-2-yl)	(2S)-2-amino-3-(2-azabicyclo[4.4.0]deca-1,3,5,7,9-pentaen-3-yl)propanoic acid	Backbone	alpha	Phe	216.23999999999998	1.1892	76.21	6.9	TRUE	N[C@@H](Cc2(ccc1(ccccc1n2)))C(=O)O	CRSSRGSNAKKNNI-JTQLQIEISA-N
Ala_quinolin3yl	3-(3-quinolyl)-L-Alanine	Ala(quinolin-3-yl)	(2S)-2-amino-3-(2-azabicyclo[4.4.0]deca-1,3,5,7,9-pentaen-4-yl)propanoic acid	Backbone	alpha	Phe	216.23999999999998	1.1892000000000003	76.21	5.5	TRUE	N[C@@H](Cc2(cnc1(ccccc1c2)))C(=O)O	KWWSORXERGAEGJ-JTQLQIEISA-N
Ser_PO3H2	O-Phospho-L-Serine	Ser(PO3H2)	(2S)-2-amino-3-hydroxy-3-oxopropyl dihydrogen phosphate	Backbone	alpha	Ser	185.072	-1.4924000000000002	130.07999999999998	54.3	TRUE	N[C@@H](COP(=O)(O)O)C(=O)O	BZQFBWGGLXLEPQ-REOHCLBHSA-N
Nva_45dehydro_5Ph	3-Styryl-L-Alanine	Nva(4,5-dehydro,5-Ph)	(2S)-2-amino-5-phenylpent-4-enoic acid	Backbone	alpha	X	191.23	1.5018	63.32000000000001	13.1	TRUE	N[C@@H](CC=Cc1(ccccc1))C(=O)O	MCGSKGBMVBECNS-JTQLQIEISA-N
Phe_4tBu	4-tert-Butyl-L-Phenylalanine	Phe(4-tBu)	(2S)-2-amino-3-(4-(tert-butyl)phenyl)propanoic acid	Backbone	alpha	Phe	221.29999999999995	1.9385000000000001	63.32000000000001	12.4	TRUE	N[C@@H](Cc1(ccc(cc1)C(C)(C)C))C(=O)O	CSJZKSXYLTYFPU-NSHDSACASA-N
Gly_thien3yl	L-alpha-(3-Thienyl)glycine	Gly(thien-3-yl)	(2S)-2-amino-2-(thiophen-3-yl)acetic acid	Backbone	alpha	X	157.194	0.8325000000000002	63.32000000000001	5.2	TRUE	N[C@@H](c1(ccsc1))C(=O)O	BVGBBSAQOQTNGF-YFKPBYRVSA-N
3Thi	3-(3-thienyl)-L-Alanine	3Thi	(2S)-2-amino-3-(thiophen-3-yl)propanoic acid	Backbone	alpha	Phe	171.22099999999998	0.7025000000000001	63.32000000000001	17.9	TRUE	N[C@@H](Cc1(ccsc1))C(=O)O	VOIZSAUUYAGTMS-LURJTMIESA-N
2Thi	3-(2-thienyl)-L-Alanine	2Thi	(2S)-2-amino-3-(thiophen-2-yl)propanoic acid	Backbone	alpha	Phe	171.22099999999998	0.7025000000000001	63.32000000000001	30.6	TRUE	N[C@@H](Cc1(cccs1))C(=O)O	WTOFYLAWDLQMBZ-LURJTMIESA-N
Thr_PO3H2	O-Phospho-L-Threonine, (2S,3R)-O-Phosphothreonine	Thr(PO3H2)	(2R,3S)-3-amino-4-hydroxy-4-oxobutan-2-yl dihydrogen phosphate	Backbone	alpha	Thr	199.099	-1.1039000000000005	130.07999999999998	49.5	TRUE	N[C@@H]([C@H](OP(=O)(O)O)C)C(=O)O	USRGIUJOYOXOQJ-GBXIJSLDSA-N
Trp_6OH	6-Hydroxy-L-Tryptophan	Trp(6-OH)	(2S)-2-amino-3-(6-hydroxy-1H-indol-3-yl)propanoic acid	Backbone	alpha	Trp	220.22799999999998	0.8279000000000003	99.34000000000002	21.8	TRUE	N[C@@H](Cc2(c[nH]c1(cc(O)ccc12)))C(=O)O	NXANGIZFHQQBCC-VIFPVBQESA-N
Tyr_3NH2	3-Amino-L-Tyrosine	Tyr(3-NH2)	(2S)-2-amino-3-(3-amino-4-hydroxyphenyl)propanoic acid	Backbone	alpha	Tyr	196.20599999999996	-0.07120000000000015	109.57000000000001	23.2	TRUE	N[C@@H](Cc1(ccc(O)c(N)c1))C(=O)O	POGSZHUEECCEAP-ZETCQYMHSA-N
Tza	3-(4-Thiazolyl)-L-Alanine	Tza	(2S)-2-amino-3-(thiazol-4-yl)propanoic acid	Backbone	alpha	Phe	172.209	0.09749999999999986	76.21	21	TRUE	N[C@@H](Cc1(cscn1))C(=O)O	WBZIGVCQRXJYQD-YFKPBYRVSA-N
Aad	(2S)-2-Aminohexanedioic acid	Aad	(2S)-2-aminohexanedioic acid	Backbone	alpha	X	161.15699999999998	-0.3468000000000003	100.62000000000002	32.8	TRUE	N[C@@H](CCCC(=O)O)C(=O)O	OYIFNHCXNCRBQI-BYPYZUCNSA-N
D-Phg	D-2-Phenylglycine	D-Phg	(2R)-2-amino-2-phenylacetic acid	Backbone	alpha	X	151.16499999999996	0.7710000000000001	63.32000000000001	32.4	TRUE	N[C@H](c1(ccccc1))C(=O)O	ZGUNAGUHMKGQNY-SSDOTTSWSA-N
D-Tyr_Me	O-Methyl-D-Tyrosine	D-Tyr(Me)	(2R)-2-amino-3-(4-methoxyphenyl)propanoic acid	Backbone	alpha	Tyr	195.218	0.6496	72.55	21	TRUE	N[C@H](Cc1(ccc(OC)cc1))C(=O)O	GEYBMYRBIABFTA-SECBINFHSA-N
D-Gly_allyl	D-Allylglycine	D-Gly(allyl)	(2R)-2-aminopent-4-enoic acid	Backbone	alpha	Val	115.13199999999999	-0.025600000000000345	63.32000000000001	20.2	TRUE	N[C@H](CC=C)C(=O)O	WNNNWFKQCKFSDK-SCSAIBSYSA-N
D-Phe_2CN	2-Cyano-D-Phenylalanine	D-Phe(2-CN)	(2R)-2-amino-3-(2-(nitrilomethyl)phenyl)propanoic acid	Backbone	alpha	Phe	190.20199999999997	0.5126799999999998	87.11	7.3	TRUE	N[C@H](Cc1(ccccc1C#N))C(=O)O	OCDHPLVCNWBKJN-SECBINFHSA-N
D-Dip	3,3-Diphenyl-D-Alanine	D-Dip	(2R)-2-amino-3,3-diphenylpropanoic acid	Backbone	alpha	Phe	241.29	2.2304	63.32000000000001	19	TRUE	N[C@H](C(c1(ccccc1))c2(ccccc2))C(=O)O	PECGVEGMRUZOML-CQSZACIVSA-N
D-Phe_2Me	2-Methyl-D-Phenylalanine	D-Phe(2-Me)	(2R)-2-amino-3-(2-methylphenyl)propanoic acid	Backbone	alpha	Phe	179.21899999999997	0.9494199999999999	63.32000000000001	16.6	TRUE	N[C@H](Cc1(ccccc1C))C(=O)O	NHBKDLSKDKUGSB-SECBINFHSA-N
D-Gly_thien2yl	D-alpha-(2-Thienyl)glycine	D-Gly(thien-2-yl)	(2S)-2-amino-2-(thiophen-2-yl)acetic acid	Backbone	alpha	X	157.194	0.8325000000000002	63.32000000000001	7.2	TRUE	N[C@H](c1(cccs1))C(=O)O	XLMSKXASROPJNG-RXMQYKEDSA-N
D-Phe_2OH	2-Hydroxy-D-Phenylalanine	D-Phe(2-OH)	(2R)-2-amino-3-(2-hydroxyphenyl)propanoic acid	Backbone	alpha	Tyr	181.19099999999997	0.3466	83.55	7.9	TRUE	N[C@H](Cc1(ccccc1O))C(=O)O	WRFPVMFCRNYQNR-SSDOTTSWSA-N
D-Phe_3CN	3-Cyano-D-Phenylalanine	D-Phe(3-CN)	(2R)-2-amino-3-(3-(nitrilomethyl)phenyl)propanoic acid	Backbone	alpha	Phe	190.20199999999997	0.5126800000000002	87.11	7.5	TRUE	N[C@H](Cc1(cccc(C#N)c1))C(=O)O	ZHUOMTMPTNZOJE-SECBINFHSA-N
D-3Thi	3-(3-Thienyl)-D-Alanine	D-3Thi	(2R)-2-amino-3-(thiophen-3-yl)propanoic acid	Backbone	alpha	Phe	171.22099999999998	0.7025000000000001	63.32000000000001	10.5	TRUE	N[C@H](Cc1(ccsc1))C(=O)O	VOIZSAUUYAGTMS-ZCFIWIBFSA-N
D-Gly_thien3yl	D-alpha-(3-Thienyl)glycine	D-Gly(thien-3-yl)	(2R)-2-amino-2-(thiophen-3-yl)acetic acid	Backbone	alpha	X	157.194	0.8325000000000002	63.32000000000001	5.4	TRUE	N[C@H](c1(ccsc1))C(=O)O	BVGBBSAQOQTNGF-RXMQYKEDSA-N
D-Phe_4CN	4-Cyano-D-Phenylalanine	D-Phe(4-CN)	(2R)-2-amino-3-(4-(nitrilomethyl)phenyl)propanoic acid	Backbone	alpha	Phe	190.202	0.5126800000000002	87.11	15.9	TRUE	N[C@H](Cc1(ccc(C#N)cc1))C(=O)O	KWIPUXXIFQQMKN-SECBINFHSA-N
D-Phe_4Me	4-Methyl-D-Phenylalanine	D-Phe(4-Me)	(2R)-2-amino-3-(4-methylphenyl)propanoic acid	Backbone	alpha	Phe	179.21899999999997	0.9494199999999999	63.32000000000001	14.8	TRUE	N[C@H](Cc1(ccc(C)cc1))C(=O)O	DQLHSFUMICQIMB-SECBINFHSA-N
D-Phe_4tBu	4-tert-Butyl-D-Phenylalanine	D-Phe(4-tBu)	(2R)-2-amino-3-(4-(tert-butyl)phenyl)propanoic acid	Backbone	alpha	Phe	221.29999999999995	1.9385000000000001	63.32000000000001	9.5	TRUE	N[C@H](Cc1(ccc(cc1)C(C)(C)C))C(=O)O	CSJZKSXYLTYFPU-LLVKDONJSA-N
D-Tza	3-(4-Thiazoyl)-D-Alanine	D-Tza	(2R)-2-amino-3-(thiazol-4-yl)propanoic acid	Backbone	alpha	Phe	172.209	0.09749999999999986	76.21	7.7	TRUE	N[C@H](Cc1(cscn1))C(=O)O	WBZIGVCQRXJYQD-RXMQYKEDSA-N
D-Trp_5OMe	5-Methoxy-D-Tryptophan	D-Trp(5-OMe)	(2R)-2-amino-3-(5-methoxy-1H-indol-3-yl)propanoic acid	Backbone	alpha	Trp	234.25499999999997	1.1309	88.34000000000002	5.3	TRUE	N[C@H](Cc2(c[nH]c1(ccc(OC)cc12)))C(=O)O	KVNPSKDDJARYKK-SNVBAGLBSA-N
D-Abu	D-2-Aminobutyric acid	D-Abu	(2R)-2-aminobutanoic acid	Backbone	alpha	Ala	103.12099999999998	-0.19170000000000004	63.32000000000001	45.1	TRUE	N[C@H](CC)C(=O)O	QWCKQJZIFLGMSD-GSVOUGTGSA-N
D-Nle_Me	(R)-2-Aminoheptanoic acid	D-Nle(Me)	(2R)-2-aminoheptanoic acid	Backbone	alpha	Leu	145.202	0.9785999999999997	63.32000000000001	14.8	TRUE	N[C@H](CCCCC)C(=O)O	RDFMDVXONNIGBC-ZCFIWIBFSA-N
D-Cha	3-Cyclohexyl-D-Alanine, D-Cyclohexanealanine, D-Ace	D-Cha	(2R)-2-amino-3-cyclohexylpropanoic acid	Backbone	alpha	Ala	171.24	1.3687	63.32000000000001	35.9	TRUE	N[C@H](CC1(CCCCC1))C(=O)O	ORQXBVXKBGUSBA-MRVPVSSYSA-N
D-1Nal	3-(1-Naphthyl)-D-Alanine	D-1Nal	(2R)-2-amino-3-(naphthalen-1-yl)propanoic acid	Backbone	alpha	Phe	215.25199999999998	1.7942	63.32000000000001	17.8	TRUE	N[C@H](Cc1(cccc2(ccccc12)))C(=O)O	OFYAYGJCPXRNBL-GFCCVEGCSA-N
D-aThr	D-Allothreonine, (2R,3R)-Allothreonine	D-aThr	(2R,3R)-2-amino-3-hydroxybutanoic acid	Backbone	alpha	Thr	119.11999999999999	-1.2209	83.55	41.9	TRUE	N[C@H]([C@H](O)C)C(=O)O	AYFVYJQAPQTCCC-PWNYCUMCSA-N
D-Phe_3Me	3-Methyl-D-Phenylalanine	D-Phe(3-Me)	(2R)-2-amino-3-(3-methylphenyl)propanoic acid	Backbone	alpha	Phe	179.21899999999997	0.9494199999999999	63.32000000000001	11.3	TRUE	N[C@H](Cc1(cccc(C)c1))C(=O)O	JZRBSTONIYRNRI-SECBINFHSA-N
D-Phe_bSOH	D-Threo-3-Phenylserine	D-Phe(bS-OH)	(2R,3S)-2-amino-3-hydroxy-3-phenylpropanoic acid	Backbone	alpha	Phe	181.19099999999997	0.13190000000000007	83.55	13.9	TRUE	N[C@H]([C@@H](O)c1(ccccc1))C(=O)O	VHVGNTVUSQUXPS-SFYZADRCSA-N
D-Cys_Bn	S-Benzyl-D-Cysteine	D-Cys(Bn)	(2S)-2-amino-3-(benzylsulfanyl)propanoic acid	Backbone	alpha	Cys	211.286	1.3317	63.32000000000001	12.1	TRUE	N[C@H](CSCc1(ccccc1))C(=O)O	GHBAYRBVXCRIHT-SECBINFHSA-N
D-Bip	4-Phenyl-D-Phenylalanine	D-Bip	(2R)-2-amino-3-(4-phenylphenyl)propanoic acid	Backbone	alpha	Phe	241.29	2.308	63.32000000000001	17.3	TRUE	N[C@H](Cc1(ccc(cc1)c2(ccccc2)))C(=O)O	JCZLABDVDPYLRZ-CQSZACIVSA-N
D-Val_3Me	3-Methyl-D-Valine	D-Val(3-Me)	(2R)-2-amino-3,3-dimethylbutanoic acid	Backbone	alpha	Val	131.17499999999998	0.44439999999999985	63.32000000000001	19.4	TRUE	N[C@H](C(C)(C)C)C(=O)O	NPDBDJFLKKQMCM-BYPYZUCNSA-N
D-Chg	D-Cyclohexylglycine	D-Chg	(2R)-2-amino-2-cyclohexylacetic acid	Backbone	alpha	X	157.21300000000002	0.9785999999999997	63.32000000000001	20.1	TRUE	N[C@H](C1(CCCCC1))C(=O)O	WAMWSIDTKSNDCU-SSDOTTSWSA-N
D-Cit	D-Citrulline	D-Cit	(2R)-2-amino-5-(carbamoylamino)pentanoic acid	Backbone	alpha	Arg	175.188	-1.1531999999999991	118.44000000000001	16.2	TRUE	N[C@H](CCCNC(=O)N)C(=O)O	RHGKLRLOHDJJDR-SCSAIBSYSA-N
D-Ala_cPent	3-Cyclopentane-D-Alanine	D-Ala(cPent)	(2R)-2-amino-3-cyclopentylpropanoic acid	Backbone	alpha	Ala	157.21300000000002	0.9785999999999997	63.32000000000001	8.2	TRUE	N[C@H](CC1(CCCC1))C(=O)O	KDYAKYRBGLKMAK-SSDOTTSWSA-N
D-Sec	3-Selenyl-D-Alanine	D-Sec	(2S)-2-amino-3-selanylpropanoic acid	Backbone	alpha	Cys	168.054	-1.2826000000000002	63.32000000000001	2.1	FALSE	N[C@H](C[SeH])C(=O)O	ZKZBPNGNEQAJSX-UWTATZPHSA-N
D-nTyr	4-Hydroxy-D-Phenylglycine	D-nTyr	(2R)-2-amino-2-(4-hydroxyphenyl)acetic acid	Backbone	alpha	X	167.16399999999996	0.4766	83.55	34.5	TRUE	N[C@H](c1(ccc(O)cc1))C(=O)O	LJCWONGJFPCTTL-SSDOTTSWSA-N
D-Dab	(R)-2,4-Diaminobutanoic acid	D-Dab	(2R)-2,4-diaminobutanoic acid	Backbone	alpha	X	118.13599999999998	-1.2528999999999997	89.34	36.8	TRUE	N[C@H](CCN)C(=O)O	OGNSCSPNOLGXSM-GSVOUGTGSA-N
D-Dap	3-Amino-D-Alanine, (R)-2,3-Diaminopropionic acid	D-Dap	(2R)-2,3-diaminopropanoic acid	Backbone	alpha	X	104.10899999999998	-1.6429999999999998	89.34	35.6	TRUE	N[C@H](CN)C(=O)O	PECYZEOJVXMISF-UWTATZPHSA-N
D-Ala_2furyl	3-(2-Furyl)-D-Alanine	D-Ala(2-furyl)	(2R)-2-amino-3-(furan-2-yl)propanoic acid	Backbone	alpha	Phe	155.15299999999996	0.23399999999999993	76.46	6.9	TRUE	N[C@H](Cc1(ccco1))C(=O)O	RXZQHZDTHUUJQJ-ZCFIWIBFSA-N
D-Nar	D-Norarginine	D-Nar	(2R)-2-amino-4-(((amino)(imino)methyl)amino)butanoic acid	Backbone	alpha	Arg	160.177	-1.7285299999999992	125.22000000000001	14.9	TRUE	N[C@H](CCNC(=N)N)C(=O)O	IFPQOXNWLSRZKX-GSVOUGTGSA-N
D-Glu_OMe	5-Methyl D-glutamate	D-Glu(OMe)	(2R)-2-amino-4-(methoxycarbonyl)butanoic acid	Backbone	alpha	Glu	161.15699999999998	-0.6484999999999999	89.62000000000002	9.6	TRUE	N[C@H](CCC(=O)OC)C(=O)O	ZGEYCCHDTIDZAE-SCSAIBSYSA-N
D-Ala_guanidino	3-Carbamimidamido-D-Alanine	D-Ala(guanidino)	(2R)-2-amino-3-(((amino)(imino)methyl)amino)propanoic acid	Backbone	alpha	Arg	146.15	-2.1186299999999996	125.22000000000001	6	TRUE	N[C@H](CNC(=N)N)C(=O)O	XNBJHKABANTVCP-UWTATZPHSA-N
D-Hcy	Homo-D-Cysteine	D-Hcy	(2R)-2-amino-4-sulfanylbutanoic acid	Backbone	alpha	Cys	135.188	-0.28180000000000033	63.32000000000001	24.6	TRUE	N[C@H](CCS)C(=O)O	FFFHZYDWPBMWHY-GSVOUGTGSA-N
D-hLeu	5-Methyl-D-Norleucine	D-hLeu	(2R)-2-amino-5-methylhexanoic acid	Backbone	alpha	Leu	145.202	0.8344999999999998	63.32000000000001	19.7	TRUE	N[C@H](CCC(C)C)C(=O)O	FMUMEWVNYMUECA-ZCFIWIBFSA-N
D-Phe_4NH2	4-Amino-D-Phenylalanine	D-Phe(4-NH2)	(2R)-2-amino-3-(4-aminophenyl)propanoic acid	Backbone	alpha	Phe	180.207	0.22319999999999962	89.34	16.2	TRUE	N[C@H](Cc1(ccc(N)cc1))C(=O)O	CMUHFUGDYMFHEI-MRVPVSSYSA-N
D-hPhe	Homo-D-Phenylalanine	D-hPhe	(2R)-2-amino-4-phenylbutanoic acid	Backbone	alpha	Phe	179.21899999999997	1.0311	63.32000000000001	27.3	TRUE	N[C@H](CCc1(ccccc1))C(=O)O	JTTHKOPSMAVJFE-SECBINFHSA-N
D-hArg	Homo-D-Arginine	D-hArg	(2R)-2-amino-6-(((amino)(imino)methyl)amino)hexanoic acid	Backbone	alpha	Arg	188.231	-0.9483299999999986	125.22000000000001	13.9	TRUE	N[C@H](CCCCNC(=N)N)C(=O)O	QUOGESRFPZDMMT-RXMQYKEDSA-N
D-Trp_5OH	5-Hydroxy-D-Tryptophan	D-Trp(5-OH)	(2R)-2-amino-3-(5-hydroxy-1H-indol-3-yl)propanoic acid	Backbone	alpha	Trp	220.22799999999998	0.8279000000000003	99.34000000000002	9	TRUE	N[C@H](Cc2(c[nH]c1(ccc(O)cc12)))C(=O)O	LDCYZAJDBXYCGN-SECBINFHSA-N
D-Hse	Homo-D-Serine	D-Hse	(2R)-2-amino-4-hydroxybutanoic acid	Backbone	alpha	Ser	119.11999999999998	-1.2192999999999998	83.55	13.1	TRUE	N[C@H](CCO)C(=O)O	UKAUYVFTDYCKQA-GSVOUGTGSA-N
D-Gly_indan2yl	D-2-Indanylglycine	D-Gly(indan-2-yl)	(2R)-2-amino-2-(indan-2-yl)acetic acid	Backbone	alpha	Phe	191.22999999999996	0.8132999999999999	63.32000000000001	16.4	TRUE	N[C@H](C2(Cc1(ccccc1C2)))C(=O)O	GUDHMDVRURNAHL-SNVBAGLBSA-N
dI	D-Isoleucine, (2R,3S)-Isoleucine	D-Ile	(2R,3R)-2-amino-3-methylpentanoic acid	Backbone	alpha	Ile	131.175	0.44439999999999985	63.32000000000001	45.2	TRUE	N[C@H]([C@H](C)CC)C(=O)O	AGPKZVBTJJNPAG-RFZPGFLSSA-N
D-Pen	D-Penicillamine	D-Pen	(2S)-2-amino-3-methyl-3-sulfanylbutanoic acid	Backbone	alpha	Val	149.215	0.1066999999999998	63.32000000000001	33.6	TRUE	N[C@H](C(C)(C)S)C(=O)O	VVNCNSJFMMFHPL-VKHMYHEASA-N
D-Phe_34diMe	3,4-Dimethyl-D-Phenylalanine	D-Phe(3,4-diMe)	(2R)-2-amino-3-(3,4-dimethylphenyl)propanoic acid	Backbone	alpha	Phe	193.24599999999998	1.25784	63.32000000000001	6.1	TRUE	N[C@H](Cc1(ccc(C)c(C)c1))C(=O)O	PHTDECHKNDJYMG-SNVBAGLBSA-N
D-Phe_3OH	3-Hydroxy-D-Phenylalanine	D-Phe(3-OH)	(2R)-2-amino-3-(3-hydroxyphenyl)propanoic acid	Backbone	alpha	Tyr	181.19099999999997	0.3466	83.55	10.7	TRUE	N[C@H](Cc1(cccc(O)c1))C(=O)O	JZKXXXDKRQWDET-MRVPVSSYSA-N
D-2Nal	3-(2-Naphthyl)-D-Alanine	D-2Nal	(2R)-2-amino-3-(naphthalen-2-yl)propanoic acid	Backbone	alpha	Phe	215.25199999999998	1.7942	63.32000000000001	39.1	TRUE	N[C@H](Cc2(ccc1(ccccc1c2)))C(=O)O	JPZXHKDZASGCLU-GFCCVEGCSA-N
D-Tyr_3NO2	3-Nitro-D-Tyrosine	D-Tyr(3-NO2)	(2R)-2-amino-3-(4-hydroxy-3-nitrophenyl)propanoic acid	Backbone	alpha	Tyr	226.18799999999996	0.2547999999999999	126.69000000000001	6.6	TRUE	N[C@H](Cc1(ccc(O)c(c1)[N+](=O)[O-]))C(=O)O	FBTSQILOGYXGMD-ZCFIWIBFSA-N
D-Nle	D-Norleucine	D-Nle	(2R)-2-aminohexanoic acid	Backbone	alpha	Leu	131.175	0.5884999999999998	63.32000000000001	42.2	TRUE	N[C@H](CCCC)C(=O)O	LRQKBLKVPFOOQJ-RXMQYKEDSA-N
D-Ala_naphth1yl	3-Anthracen-9-yl-D-Alanine	D-Ala(naphth-1-yl)	(2R)-2-amino-3-(anthracen-9-yl)propanoic acid	Backbone	alpha	Phe	265.31199999999995	2.947400000000001	63.32000000000001	6.8	TRUE	N[C@H](Cc2(c1(ccccc1cc3(ccccc23))))C(=O)O	MRVJUNXMEDRMRO-MRXNPFEDSA-N
D-Nva	D-Norvaline	D-Nva	(2R)-2-aminopentanoic acid	Backbone	alpha	Val	117.14799999999998	0.19839999999999985	63.32000000000001	25	TRUE	N[C@H](CCC)C(=O)O	SNDPXSYFESPGGJ-SCSAIBSYSA-N
D-Ser_Ac	O-Acetyl-D-Serine	D-Ser(Ac)	(2R)-2-amino-3-(acetoxy)propanoic acid	Backbone	alpha	Ser	147.13	-1.0385999999999997	89.62	6.9	TRUE	N[C@H](COC(=O)C)C(=O)O	VZXPDPZARILFQX-SCSAIBSYSA-N
D-Met_O2	D-Methionine Sulfone	D-Met(O2)	(2R)-2-amino-4-(methylsulfonyl)butanoic acid	Backbone	alpha	X	181.213	-1.167	97.46000000000001	5.6	TRUE	N[C@H](CCS(=O)(=O)C)C(=O)O	UCUNFLYVYCGDHP-SCSAIBSYSA-N
D-Nle_carbonyl	5-Oxo-D-Norleucine	D-Nle(carbonyl)	(2R)-2-amino-5-oxohexanoic acid	Backbone	alpha	X	145.158	-0.23250000000000043	80.39	7.4	TRUE	N[C@H](CCC(=O)C)C(=O)O	KSIJECNNZVKMJG-RXMQYKEDSA-N
D-Orn	D-Ornithine	D-Orn	(2R)-2,5-diaminopentanoic acid	Backbone	alpha	Lys	132.163	-0.8628	89.34	39.1	TRUE	N[C@H](CCCN)C(=O)O	AHLPHDHHMVZTML-SCSAIBSYSA-N
D-Bpa	4-Benzoyl-D-Phenylalanine	D-Bpa	(2R)-2-amino-3-(4-((phenyl)carbonyl)phenyl)propanoic acid	Backbone	alpha	Phe	269.29999999999995	1.872	80.39	20.5	TRUE	N[C@H](Cc1(ccc(cc1)C(=O)c2(ccccc2)))C(=O)O	TVIDEEHSOPHZBR-CQSZACIVSA-N
D-Phe_4NO2	4-Nitro-D-Phenylalanine	D-Phe(4-NO2)	(2R)-2-amino-3-(4-nitrophenyl)propanoic acid	Backbone	alpha	Phe	210.18899999999994	0.5492000000000001	106.46	16.1	TRUE	N[C@H](Cc1(ccc(cc1)[N+](=O)[O-]))C(=O)O	GTVVZTAFGPQSPC-MRVPVSSYSA-N
D-Tyr_PO3H2	O-Phospho-D-Tyrosine	D-Tyr(PO3H2)	4-((2R)-2-amino-3-hydroxy-3-oxopropyl)phenyl dihydrogen phosphate	Backbone	alpha	Tyr	261.16999999999996	0.1125000000000001	130.07999999999998	16.4	TRUE	N[C@H](Cc1(ccc(OP(=O)(O)O)cc1))C(=O)O	DCWXELXMIBXGTH-MRVPVSSYSA-N
D-Ala_pyrazol1yl	3-(1H-Pyrazole-1-yl)-D-Alanine	D-Ala(pyrazol-1-yl)	(2R)-2-amino-3-(1H-pyrazol-1-yl)propanoic acid	Backbone	alpha	Phe	155.15699999999998	-0.7050000000000005	81.14	5.1	TRUE	N[C@H](Cn1(cccn1))C(=O)O	PIGOPELHGLPKLL-RXMQYKEDSA-N
D-Ala_quinolin2yl	(R)-2-(2-Quinolinylmethyl)glycine	D-Ala(quinolin-2-yl)	(2R)-2-amino-3-(2-azabicyclo[4.4.0]deca-1,3,5,7,9-pentaen-3-yl)propanoic acid	Backbone	alpha	Phe	216.23999999999998	1.1892	76.21	7.2	TRUE	N[C@H](Cc2(ccc1(ccccc1n2)))C(=O)O	CRSSRGSNAKKNNI-SNVBAGLBSA-N
D-Ser_PO3H2	O-Phospho-D-Serine	D-Ser(PO3H2)	(2R)-2-amino-3-hydroxy-3-oxopropyl dihydrogen phosphate	Backbone	alpha	Ser	185.072	-1.4924000000000002	130.07999999999998	11.2	TRUE	N[C@H](COP(=O)(O)O)C(=O)O	BZQFBWGGLXLEPQ-UWTATZPHSA-N
D-Abu_Bn	3-Styryl-D-Alanine	D-Abu(Bn)	(2R)-2-amino-5-phenylpent-4-enoic acid	Backbone	alpha	X	191.23	1.5018	63.32000000000001	7.2	TRUE	N[C@H](CC=Cc1(ccccc1))C(=O)O	MCGSKGBMVBECNS-SNVBAGLBSA-N
D-Ala_benzothiophen3yl	3-(3-Benzothienyl)-D-Alanine	D-Ala(benzothiophen-3-yl)	(2R)-2-amino-3-(1-benzothiophen-3-yl)propanoic acid	Backbone	alpha	Phe	221.281	1.8557000000000001	63.32000000000001	15.2	TRUE	N[C@H](Cc1(csc2(ccccc12)))C(=O)O	GAUUPDQWKHTCAX-SECBINFHSA-N
D-2Thi	3-(2-Thienyl)-D-Alanine	D-2Thi	(2R)-2-amino-3-(thiophen-2-yl)propanoic acid	Backbone	alpha	Phe	171.22099999999998	0.7025000000000001	63.32000000000001	12.6	TRUE	N[C@H](Cc1(cccs1))C(=O)O	WTOFYLAWDLQMBZ-ZCFIWIBFSA-N
D-Aad	D-2-Aminoadipic acid	D-Aad	(2R)-2-aminohexanedioic acid	Backbone	alpha	X	161.15699999999998	-0.3468000000000003	100.62000000000002	12.1	TRUE	N[C@H](CCCC(=O)O)C(=O)O	OYIFNHCXNCRBQI-SCSAIBSYSA-N
D-2Pal	3-(2-Pyridyl)-D-Alanine	D-2Pal	(2R)-2-amino-3-(pyridin-2-yl)propanoic acid	Backbone	alpha	Phe	166.17999999999998	0.035999999999999754	76.21	18	TRUE	N[C@H](Cc1(ccccn1))C(=O)O	PDRJLZDUOULRHE-SSDOTTSWSA-N
D-3Pal	3-(3-Pyridyl)-D-Alanine	D-3Pal	(2R)-2-amino-3-(pyridin-3-yl)propanoic acid	Backbone	alpha	Phe	166.17999999999998	0.0360000000000002	76.21	21.3	TRUE	N[C@H](Cc1(cccnc1))C(=O)O	DFZVZEMNPGABKO-SSDOTTSWSA-N
D-4Pal	3-(4-Pyridyl)-D-Alanine	D-4Pal	(2R)-2-amino-3-(pyridin-4-yl)propanoic acid	Backbone	alpha	Phe	166.17999999999998	0.035999999999999754	76.21	13	TRUE	N[C@H](Cc1(ccncc1))C(=O)O	FQFVANSXYKWQOT-SSDOTTSWSA-N
NMe-M	N-Methyl-L-Methionine	Me-Met	(2S)-2-(methylamino)-4-(methylsulfanyl)butanoic acid	Backbone	alpha	Met	163.242	0.41209999999999986	49.33	30	TRUE	N(C)[C@@H](CCSC)C(=O)O	YAXAFCHJCYILRU-YFKPBYRVSA-N
hPhe	Homo-L-Phenylalanine	hPhe	(2S)-2-amino-4-phenylbutanoic acid	Backbone	alpha	Phe	179.21899999999997	1.0311	63.32000000000001	37.5	TRUE	N[C@@H](CCc1(ccccc1))C(=O)O	JTTHKOPSMAVJFE-VIFPVBQESA-N
NMe-Nle	N-Methyl-L-Norleucine	Me-Nle	(2S)-2-(methylamino)hexanoic acid	Backbone	alpha	Leu	145.202	0.8492	49.33	37.8	TRUE	N(C)[C@@H](CCCC)C(=O)O	FPDYKABXINADKS-LURJTMIESA-N
Bpa	4-Benzoyl-L-Phenylalanine	Bpa	(2S)-2-amino-3-(4-((phenyl)carbonyl)phenyl)propanoic acid	Backbone	alpha	Phe	269.29999999999995	1.872	80.39	30.7	TRUE	N[C@@H](Cc1(ccc(cc1)C(=O)c2(ccccc2)))C(=O)O	TVIDEEHSOPHZBR-AWEZNQCLSA-N
NMe-A	N-Methyl-L-Alanine	Me-Ala	(2S)-2-(methylamino)propanoic acid	Backbone	alpha	Ala	103.12099999999998	-0.3211000000000002	49.33	50.5	TRUE	N(C)[C@@H](C)C(=O)O	GDFAOVXKHJXLEI-VKHMYHEASA-N
Pyr	L-Pyroglutamic acid	Pyr	(2S)-5-oxopyrrolidine-2-carboxylic acid	Backbone	alpha	X	129.115	-0.6504000000000001	66.4	58.8	TRUE	N1[C@@H](CCC1=O)C(=O)O	ODHCTXKNWHHXJC-VKHMYHEASA-N
D-Nle_Et	(R)-2-Aminooctanoic acid, R-Capryline	D-Nle(Et)	(2R)-2-aminooctanoic acid	Backbone	alpha	Leu	159.229	1.3687	63.32000000000001	16.5	TRUE	N[C@H](CCCCCC)C(=O)O	AKVBCGQVQXPRLD-SSDOTTSWSA-N
NMe-dM	N-Methyl-D-Methionine	Me-D-Met	(2R)-2-(methylamino)-4-(methylsulfanyl)butanoic acid	Backbone	alpha	Met	163.242	0.41209999999999986	49.33	8.9	TRUE	N(C)[C@H](CCSC)C(=O)O	YAXAFCHJCYILRU-RXMQYKEDSA-N
NMe-E	N-Methyl-L-Glutamic acid	Me-Glu	(2S)-2-(methylamino)glutaric acid	Backbone	alpha	Glu	161.15699999999998	-0.47620000000000046	86.63000000000001	29.3	TRUE	N(C)[C@@H](CCC(=O)O)C(=O)O	XLBVNMSMFQMKEY-BYPYZUCNSA-N
NMe-dE	N-Methyl-D-Glutamic acid	Me-D-Glu	(2R)-2-(methylamino)glutaric acid	Backbone	alpha	Glu	161.15699999999998	-0.47620000000000046	86.63000000000001	16	TRUE	N(C)[C@H](CCC(=O)O)C(=O)O	XLBVNMSMFQMKEY-SCSAIBSYSA-N
NMe-D-Nle	N-Methyl-D-Norleucine	Me-D-Nle	(2R)-2-(methylamino)hexanoic acid	Backbone	alpha	Leu	145.202	0.8492	49.33	21	TRUE	N(C)[C@H](CCCC)C(=O)O	FPDYKABXINADKS-ZCFIWIBFSA-N
Lys_acetyl	N6-Acetyl-L-Lysine	Lys(Ac)	(2S)-2-amino-6-methylcarbonylaminohexanoic acid	Backbone	alpha	Lys	188.227	-0.2953000000000006	92.42	40.3	TRUE	N[C@@H](CCCCNC(=O)C)C(=O)O	DTERQYGMUDWYAZ-ZETCQYMHSA-N
D-Agl	D-Diaminoacetic acid	D-Agl	2,2-diaminoacetic acid	Backbone	alpha	X	90.08199999999998	-1.6855000000000002	89.34	14.9	TRUE	NC(N)C(=O)O	MAEDLSNGVQYGPK-UHFFFAOYSA-N
Agl	L-Diaminoacetic acid	Agl	2,2-diaminoacetic acid	Backbone	alpha	X	90.08199999999998	-1.6855000000000002	89.34	9.7	FALSE	NC(N)C(=O)O	MAEDLSNGVQYGPK-UHFFFAOYSA-N
4Pal	3-(4-Pyridyl)-L-Alanine	4Pal	(2S)-2-amino-3-(pyridin-4-yl)propanoic acid	Backbone	alpha	Phe	166.17999999999998	0.035999999999999754	76.21	24.4	TRUE	N[C@@H](Cc1(ccncc1))C(=O)O	FQFVANSXYKWQOT-ZETCQYMHSA-N
3Pal	3-(3-Pyridyl)-L-Alanine, 3-Pya	3Pal	(2S)-2-amino-3-(pyridin-3-yl)propanoic acid	Backbone	alpha	Phe	166.17999999999998	0.0360000000000002	76.21	31.3	TRUE	N[C@@H](Cc1(cccnc1))C(=O)O	DFZVZEMNPGABKO-ZETCQYMHSA-N
D-Phe_4Cl	4-Chloro-D-Phenylalanine	D-Phe(4-Cl)	(2R)-2-amino-3-(4-chlorophenyl)propanoic acid	Backbone	alpha	Phe	199.637	1.2944000000000002	63.32000000000001	29.8	TRUE	N[C@H](Cc1(ccc(Cl)cc1))C(=O)O	NIGWMJHCCYYCSF-MRVPVSSYSA-N
D-Phe_3Cl	3-Chloro-D-Phenylalanine	D-Phe(3-Cl)	(2R)-2-amino-3-(3-chlorophenyl)propanoic acid	Backbone	alpha	Phe	199.63699999999997	1.2944000000000002	63.32000000000001	21.5	TRUE	N[C@H](Cc1(cccc(Cl)c1))C(=O)O	JJDJLFDGCUYZMN-MRVPVSSYSA-N
Aib	2-Aminoisobutyric Acid, 2-Methyl-Alanine	Aib	2-amino-2-methylpropanoic acid	Backbone	alpha	Ala	103.12099999999998	-0.19170000000000004	63.32000000000001	57.5	TRUE	NC(C)(C)C(=O)O	FUOOLUPWFVMBKG-UHFFFAOYSA-N
Abu_cHex	Cyclohexyl-Homo-L-Alanine	Abu(cHex)	(2S)-2-amino-4-cyclohexylbutanoic acid	Backbone	alpha	Ala	185.267	1.7588	63.32000000000001	18.5	TRUE	N[C@@H](CCC1(CCCCC1))C(=O)O	MXHKOHWUQAULOV-VIFPVBQESA-N
NMe-R	N2-Methyl-L-Arginine	Me-Arg	(2S)-5-(((amino)(imino)methyl)amino)-2-(methylamino)pentanoic acid	Backbone	alpha	Arg	188.231	-1.077729999999998	111.23	35.6	TRUE	N(C)[C@@H](CCCNC(=N)N)C(=O)O	NTWVQPHTOUKMDI-YFKPBYRVSA-N
bAla_3SiBu	L-Beta-Homoleucine	bAla(3S-iBu)	(3S)-3-amino-5-methylhexanoic acid	Backbone	beta	Leu	145.202	0.8344999999999998	63.32000000000001	26.8	TRUE	N[C@@H](CC(C)C)CC(=O)O	MLYMSIKVLAPCAK-LURJTMIESA-N
bhThr	L-beta-Homothreonine	bhThr	(3R,4R)-3-amino-4-hydroxypentanoic acid	Backbone	beta	Thr	133.14700000000002	-0.8308000000000006	83.55	20	TRUE	N[C@@H]([C@H](O)C)CC(=O)O	NIVRJEWVLMOZNV-QWWZWVQMSA-N
bAla_3SBn_4OH	L-Beta-Homotyrosine	bAla(3S-Bn(4-OH))	(3S)-3-amino-4-(4-hydroxyphenyl)butanoic acid	Backbone	beta	Tyr	195.21799999999996	0.7367000000000001	83.55	15.6	TRUE	N[C@@H](Cc1(ccc(O)cc1))CC(=O)O	VUNPIAMEJXBAFP-QMMMGPOBSA-N
Dip	3,3-Diphenyl-L-Alanine	Dip	(2S)-2-amino-3,3-diphenylpropanoic acid	Backbone	alpha	Phe	241.29	2.2304	63.32000000000001	31.9	TRUE	N[C@@H](C(c1(ccccc1))c2(ccccc2))C(=O)O	PECGVEGMRUZOML-AWEZNQCLSA-N
NMe-S	N-Methyl-L-Serine	Me-Ser	(2S)-3-hydroxy-2-(methylamino)propanoic acid	Backbone	alpha	Ser	119.11999999999998	-1.3487	69.56	25	TRUE	N(C)[C@@H](CO)C(=O)O	PSFABYLDRXJYID-VKHMYHEASA-N
4-aza-Ac6c	4-PipAmCx, 4-Amino-4-piperidinecarboxylic acid	4-aza-Ac6c	4-aminopiperidine-4-carboxylic acid	Backbone	alpha	X	144.174	-0.8481000000000001	75.35	25.9	TRUE	NC1(CCNCC1)C(=O)O	KHABBYNLBYZCKP-UHFFFAOYSA-N
Phe_34diCl	3,4-Dichloro-L-Phenylalanine	Phe(3,4-diCl)	(2S)-2-amino-3-(3,4-dichlorophenyl)propanoic acid	Backbone	alpha	Phe	234.082	1.9478	63.32000000000001	24.6	TRUE	N[C@@H](Cc1(ccc(Cl)c(Cl)c1))C(=O)O	NRCSJHVDTAAISV-QMMMGPOBSA-N
Arg_Me	N-Monomethyl-L-Arginine, Tilarginine	Arg(Me)	(2S)-2-amino-5-(((imino)(methylamino)methyl)amino)pentanoic acid	Backbone	alpha	Arg	188.231	-1.0777299999999987	111.23	33.2	TRUE	N[C@@H](CCCNC(=N)NC)C(=O)O	NTNWOCRCBQPEKQ-YFKPBYRVSA-N
bAla_3SMe	L-Beta-Homo-Alanine	bAla(3S-Me)	(3S)-3-aminobutanoic acid	Backbone	beta	Ala	103.12099999999998	-0.19170000000000004	63.32000000000001	30.5	TRUE	N[C@@H](C)CC(=O)O	OQEBBZSWEGYTPG-VKHMYHEASA-N
bLeu_R	L-Beta-Leucine, L-Beta-Homo-Valine	bLeu(R)	(3R)-3-amino-4-methylpentanoic acid	Backbone	beta	Val	131.175	0.44439999999999985	63.32000000000001	21.9	TRUE	N[C@@H](C(C)C)CC(=O)O	GLUJNGJDHCTUJY-RXMQYKEDSA-N
bAla_3SMeNH2	(R)-3,4-Diaminobutyric acid	bAla(3S-MeNH2)	(3R)-3,4-diaminobutanoic acid	Backbone	beta	X	118.13599999999998	-1.2529	89.34	12	TRUE	N[C@@H](CN)CC(=O)O	XQKAYTBBWLDCBB-GSVOUGTGSA-N
Phe_2Cl	2-Chloro-L-Phenylalanine	Phe(2-Cl)	(2S)-2-amino-3-(2-chlorophenyl)propanoic acid	Backbone	alpha	Phe	199.63699999999994	1.2944000000000002	63.32000000000001	25.5	TRUE	N[C@@H](Cc1(ccccc1Cl))C(=O)O	CVZZNRXMDCOHBG-QMMMGPOBSA-N
Phe_3Cl	3-Chloro-L-Phenylalanine	Phe(3-Cl)	(2S)-2-amino-3-(3-chlorophenyl)propanoic acid	Backbone	alpha	Phe	199.63699999999997	1.2944000000000002	63.32000000000001	22.4	TRUE	N[C@@H](Cc1(cccc(Cl)c1))C(=O)O	JJDJLFDGCUYZMN-QMMMGPOBSA-N
Phe_2CF3	2-Trifluoromethyl-L-Phenylalanine	Phe(2-CF3)	(2S)-2-amino-3-(2-(trifluoromethyl)phenyl)propanoic acid	Backbone	alpha	Phe	233.18899999999994	1.6598000000000002	63.32000000000001	6.9	TRUE	N[C@@H](Cc1(ccccc1C(F)(F)F))C(=O)O	IOABLDGLYOGEHY-QMMMGPOBSA-N
Phe_3CF3	3-Trifluoromethyl-L-Phenylalanine	Phe(3-CF3)	(2S)-2-amino-3-(3-(trifluoromethyl)phenyl)propanoic acid	Backbone	alpha	Phe	233.18899999999994	1.6598000000000002	63.32000000000001	12.5	TRUE	N[C@@H](Cc1(cccc(c1)C(F)(F)F))C(=O)O	BURBNIPKSRJAIQ-QMMMGPOBSA-N
Phe_4CF3	4-Trifluoromethyl-L-Phenylalanine	Phe(4-CF3)	(2S)-2-amino-3-(4-(trifluoromethyl)phenyl)propanoic acid	Backbone	alpha	Phe	233.18899999999994	1.6598000000000002	63.32000000000001	19	TRUE	N[C@@H](Cc1(ccc(cc1)C(F)(F)F))C(=O)O	CRFFPDBJLGAGQL-QMMMGPOBSA-N
Arg_Me2	NG,NG-Dimethyl-L-Arginine	Arg(Me2)	(2S)-2-amino-5-(((dimethylamino)(imino)methyl)amino)pentanoic acid	Backbone	alpha	Arg	202.258	-0.7355299999999985	102.44000000000001	24.3	TRUE	N[C@@H](CCCNC(=N)N(C)C)C(=O)O	YDGMGEXADBMOMJ-LURJTMIESA-N
Phe_4MeNH2	4-(Aminomethyl)-L-Phenylalanine	Phe(4-MeNH2)	(2S)-2-amino-3-(4-(aminomethyl)phenyl)propanoic acid	Backbone	alpha	Phe	194.23399999999995	0.09970000000000018	89.34	13.7	TRUE	N[C@@H](Cc1(ccc(cc1)CN))C(=O)O	GNVNKFUEUXUWDV-VIFPVBQESA-N
Idc	L-Indoline-2-carboxylic acid	Idc	(2S)-indoline-2-carboxylic acid	Backbone	alpha	Pro	163.17599999999996	1.1078000000000001	49.33	20.6	TRUE	N1[C@@H](Cc2(ccccc12))C(=O)O	QNRXNRGSOJZINA-QMMMGPOBSA-N
aMePro	2-Methyl-L-Proline	aMePro	(2S)-2-methylpyrrolidine-2-carboxylic acid	Backbone	alpha	Pro	129.15900000000002	0.2131	49.33	19.7	TRUE	N1[C@@](C)(CCC1)C(=O)O	LWHHAVWYGIBIEU-LURJTMIESA-N
aMeLeu	2-Methyl-L-Leucine	aMeLeu	(2S)-2-amino-2,4-dimethylpentanoic acid	Backbone	alpha	Leu	145.202	0.8344999999999998	63.32000000000001	31.5	TRUE	N[C@@](C)(CC(C)C)C(=O)O	ARSWQPLPYROOBG-ZETCQYMHSA-N
NMe-L	N-Methyl-L-Leucine	Me-Leu	(2S)-4-methyl-2-(methylamino)pentanoic acid	Backbone	alpha	Leu	145.202	0.7051000000000001	49.33	55.4	TRUE	N(C)[C@@H](CC(C)C)C(=O)O	XJODGRWDFZVTKW-LURJTMIESA-N
Lys_nicotinoyl	N6-(3-Pyridinylcarbonyl)-L-Lysine	Lys(nicotinoyl)	(2S)-2-amino-6-(pyridin-3-ylcarbonylamino)hexanoic acid	Backbone	alpha	Lys	251.28600000000003	0.39359999999999906	105.30999999999999	7.8	TRUE	N[C@@H](CCCCNC(=O)c1(cccnc1))C(=O)O	GPGQRQZBZHOSJY-JTQLQIEISA-N
bAla_3SBn	L-beta-Homophenylalanine	bAla(3S-Bn)	(3S)-3-amino-4-phenylbutanoic acid	Backbone	beta	Phe	179.21899999999994	1.0311000000000001	63.32000000000001	11.7	TRUE	N[C@@H](Cc1(ccccc1))CC(=O)O	OFVBLKINTLPEGH-VIFPVBQESA-N
Phe_4OBn	O-Benzyl-L-Tyrosine	Tyr(Bn)	(2S)-2-amino-3-(4-benzyloxyphenyl)propanoic acid	Backbone	alpha	Tyr	271.316	2.22	72.55	26.2	TRUE	N[C@@H](Cc2(ccc(OCc1(ccccc1))cc2))C(=O)O	KAFHLONDOVSENM-HNNXBMFYSA-N
Phe_4guanidino	4-Guanidino-L-Phenylalanine	Phe(4-guanidino)	(2S)-2-amino-3-(4-(((amino)(imino)methyl)amino)phenyl)propanoic acid	Backbone	alpha	Phe	222.24799999999996	-0.05363000000000029	125.22000000000001	17	TRUE	N[C@@H](Cc1(ccc(cc1)NC(=N)N))C(=O)O	FYMNTAQFDTZISY-QMMMGPOBSA-N
Lys_iPr	N6-Isopropyl-L-Lysine	Lys(iPr)	(2S)-2-amino-6-((propan-2-yl)amino)hexanoic acid	Backbone	alpha	Lys	188.271	0.5665999999999998	75.35	21	TRUE	N[C@@H](CCCCNC(C)C)C(=O)O	CBAWNLIZBXJSFS-QMMMGPOBSA-N
Nva_Ph	5-Phenyl-L-Norvaline	Nva(Ph)	(2S)-2-amino-5-phenylpentanoic acid	Backbone	alpha	X	193.24599999999998	1.4212	63.32000000000001	31.4	TRUE	N[C@@H](CCCc1(ccccc1))C(=O)O	XOQZTHUXZWQXOK-JTQLQIEISA-N
Ala_cPr	3-Cyclopropyl-L-Alanine	Ala(cPr)	(2S)-2-amino-3-cyclopropylpropanoic acid	Backbone	alpha	Ala	129.15900000000002	0.19839999999999985	63.32000000000001	16.8	TRUE	N[C@@H](CC1(CC1))C(=O)O	XGUXJMWPVJQIHI-YFKPBYRVSA-N
Ala_tBu	4-Methyl-L-Leucine	Ala(tBu)	(2S)-2-amino-4,4-dimethylpentanoic acid	Backbone	alpha	Leu	145.202	0.8344999999999998	63.32000000000001	22	TRUE	N[C@@H](CC(C)(C)C)C(=O)O	LPBSHGLDBQBSPI-YFKPBYRVSA-N
aMePhe	alpha-Methyl-L-Phenylalanine	aMePhe	(2S)-2-amino-2-benzylpropanoic acid	Backbone	alpha	Phe	179.21899999999997	1.0311	63.32000000000001	21.1	TRUE	N[C@@](C)(Cc1(ccccc1))C(=O)O	HYOWVAAEQCNGLE-JTQLQIEISA-N
NMe-N	N-Methyl-L-Asparagine	Me-Asn	(2S)-3-carbamoyl-2-(methylamino)propanoic acid	Backbone	alpha	Asn	146.14600000000002	-1.4655999999999993	92.42	13	TRUE	N(C)[C@@H](CC(=O)N)C(=O)O	LNSMPSPTFDIWRQ-VKHMYHEASA-N
Dap_acetyl	(2S)-3-Acetamido-2-aminopropanoic acid	Dap(Ac)	(2S)-2-amino-3-methylcarbonylaminopropanoic acid	Backbone	alpha	X	146.146	-1.4655999999999998	92.42	16.2	TRUE	N[C@@H](CNC(=O)C)C(=O)O	YSPAKPPINKSOKX-BYPYZUCNSA-N
D-Pro_4SF	trans-4-Fluoro-D-Proline	D-Pro(4S-F)	(2R,4S)-4-fluoropyrrolidine-2-carboxylic acid	Backbone	alpha	Pro	133.122	-0.22900000000000015	49.33	7.5	TRUE	N1[C@H](C[C@H](F)C1)C(=O)O	ZIWHMENIDGOELV-IUYQGCFVSA-N
Pro_4SPh	(4S)-4-Phenyl-L-Proline	Pro(4S-Ph)	(2S,4S)-4-phenylpyrrolidine-2-carboxylic acid	Backbone	alpha	Pro	191.23	1.2167	49.33	12.3	TRUE	N1[C@@H](C[C@H](C1)c2(ccccc2))C(=O)O	JHHOFXBPLJDHOR-ZJUUUORDSA-N
Hyp_Bn	(4R)-4-(Phenylmethoxy)-L-Proline	Hyp(Bn)	(2S,4R)-4-benzyloxypyrrolidine-2-carboxylic acid	Backbone	alpha	Pro	221.256	1.0182999999999998	58.56	14	TRUE	N2[C@@H](C[C@@H](OCc1(ccccc1))C2)C(=O)O	RJFJRYVMVNICCP-MNOVXSKESA-N
hPro	L-(+)-homoproline	hPro	2-((2S)-pyrrolidin-2-yl)acetic acid	Backbone	beta	Pro	129.15900000000002	0.2131	49.33	20.8	TRUE	N1[C@@H](CCC1)CC(=O)O	ADSALMJPJUKESW-YFKPBYRVSA-N
Trp_Me	1-Methyl-L-Tryptophan	Trp(Me)	(2S)-2-amino-3-(1-methyl-1H-indol-3-yl)propanoic acid	Backbone	alpha	Trp	218.256	1.1327000000000003	68.25	22.1	TRUE	N[C@@H](Cc1(cn(C)c2(ccccc12)))C(=O)O	ZADWXFSZEAPBJS-JTQLQIEISA-N
Trp_5Cl	5-Chloro-L-Tryptophan	Trp(5-Cl)	(2S)-2-amino-3-(5-chloro-1H-indol-3-yl)propanoic acid	Backbone	alpha	Trp	238.67399999999998	1.7757000000000003	79.11	12.8	TRUE	N[C@@H](Cc1(c[nH]c2(ccc(Cl)cc12)))C(=O)O	TUKKZLIDCNWKIN-VIFPVBQESA-N
Trp_6Cl	6-Chloro-L-Tryptophan	Trp(6-Cl)	(2S)-2-amino-3-(6-chloro-1H-indol-3-yl)propanoic acid	Backbone	alpha	Trp	238.67399999999998	1.7757	79.11	19.3	TRUE	N[C@@H](Cc1(c[nH]c2(cc(Cl)ccc12)))C(=O)O	FICLVQOYKYBXFN-VIFPVBQESA-N
D-Trp_7Aza	7-Aza-D-Tryptophan	D-Trp(7-Aza)	(2R)-2-amino-3-(2,9-diazabicyclo[4.3.0]nona-1,3,5,7-tetraen-7-yl)propanoic acid	Backbone	alpha	Phe	205.21699999999998	0.5172999999999999	92.00000000000001	4.9	TRUE	N[C@H](Cc1(c[nH]c2(ncccc12)))C(=O)O	SNLOIIPRZGMRAB-MRVPVSSYSA-N
Phe_2MeNH2	2-(Aminomethyl)-L-Phenylalanine	Phe(2-MeNH2)	(2S)-2-amino-3-(2-(aminomethyl)phenyl)propanoic acid	Backbone	alpha	Phe	194.23399999999995	0.09970000000000018	89.34	10.5	TRUE	N[C@@H](Cc1(ccccc1CN))C(=O)O	RDAKEAJYLGZEEA-VIFPVBQESA-N
Phe_2CONH2	2-Carbamoyl-L-Phenylalanine	Phe(2-CONH2)	(2S)-2-amino-3-(2-carbamoylphenyl)propanoic acid	Backbone	alpha	Phe	208.21699999999996	-0.2601000000000003	106.41000000000001	3.7	TRUE	N[C@@H](Cc1(ccccc1C(=O)N))C(=O)O	QDQWGGPXZQIUPR-QMMMGPOBSA-N
Phe_2Br	2-Bromo-L-Phenylalanine	Phe(2-Br)	(2S)-2-amino-3-(2-bromophenyl)propanoic acid	Backbone	alpha	Phe	244.08799999999997	1.4035000000000002	63.32000000000001	15.5	TRUE	N[C@@H](Cc1(ccccc1Br))C(=O)O	JFVLNTLXEZDFHW-QMMMGPOBSA-N
Tyr_26diMe	2,6-Dimethyl-L-Tyrosine	Tyr(2,6-diMe)	(2S)-2-amino-3-(4-hydroxy-2,6-dimethylphenyl)propanoic acid	Backbone	alpha	Tyr	209.24499999999998	0.9634400000000001	83.55	29.4	TRUE	N[C@@H](Cc1(c(C)cc(O)cc1C))C(=O)O	LSNDLIKCFHLFKO-JTQLQIEISA-N
Phe_24diCl	2,4-Dichloro-L-Phenylalanine	Phe(2,4-diCl)	(2S)-2-amino-3-(2,4-dichlorophenyl)propanoic acid	Backbone	alpha	Phe	234.082	1.9478000000000002	63.32000000000001	7.4	TRUE	N[C@@H](Cc1(ccc(Cl)cc1Cl))C(=O)O	GWHQTNKPTXDNRM-QMMMGPOBSA-N
Phe_24diMe	2,4-Dimethyl-L-Phenylalanine	Phe(2,4-diMe)	(2S)-2-amino-3-(2,4-dimethylphenyl)propanoic acid	Backbone	alpha	Phe	193.24599999999995	1.25784	63.32000000000001	9.7	TRUE	N[C@@H](Cc1(ccc(C)cc1C))C(=O)O	ZEWXVRJSLTXWON-JTQLQIEISA-N
Pro_4Ramino	(4R)-4-Amino-L-Proline	Pro(4R-amino)	(2S,4R)-4-aminopyrrolidine-2-carboxylic acid	Backbone	alpha	Pro	130.14700000000002	-1.2397999999999993	75.35	14.8	TRUE	N1[C@@H](C[C@@H](N)C1)C(=O)O	SHINASQYHDCLEU-DMTCNVIQSA-N
bAla	beta-Alanine	bAla	3-aminopropanoic acid	Backbone	beta	Gly	89.09399999999998	-0.5802	63.32000000000001	19.3	TRUE	NCCC(=O)O	UCMIRNVEIXFBKS-UHFFFAOYSA-N
Dap_Me	Beta-N-Methylamino-L-Alanine	Dap(Me)	(2S)-2-amino-3-(methylamino)propanoic acid	Backbone	alpha	X	118.13599999999998	-1.3822999999999996	75.35	22.2	TRUE	N[C@@H](CNC)C(=O)O	UJVHVMNGOZXSOZ-VKHMYHEASA-N
Aze	L-Azetidine-2-carboxylic acid	Aze	(2S)azetidine-2-carboxylic acid	Backbone	alpha	Pro	101.10499999999999	-0.5671000000000002	49.33	31.1	TRUE	N1[C@@H](CC1)C(=O)O	IADUEWIQBXOCDZ-VKHMYHEASA-N
Ac4c	1-Aminocyclobutanecarboxylic acid	Ac4c	1-aminocyclobutanecarboxylic acid	Backbone	alpha	X	115.13199999999999	-0.04760000000000014	63.32000000000001	23.6	TRUE	NC1(CCC1)C(=O)O	FVTVMQPGKVHSEY-UHFFFAOYSA-N
Thz	L-Thioproline	Thz	(4R)-thiazolidine-4-carboxylic acid	Backbone	alpha	Pro	133.172	-0.2665	49.33	30.5	TRUE	N1[C@@H](CSC1)C(=O)O	DZLNHFMRPBPULJ-VKHMYHEASA-N
D-Pip	D-Pipecolic acid, D-Homoproline	D-Pip	(2R)-piperidine-2-carboxylic acid	Backbone	alpha	Pro	129.15900000000002	0.2131	49.33	34.8	TRUE	N1[C@H](CCCC1)C(=O)O	HXEACLLIILLPRG-RXMQYKEDSA-N
Phe_4BO2	4-Borono-L-Phenylalanine	Phe(4-BO2)	(2S)-2-amino-3-(4-(dihydroxyboryl)phenyl)propanoic acid	Backbone	alpha	Phe	209.00999999999996	-1.6792	103.78000000000002	16.7	TRUE	N[C@@H](Cc1(ccc(cc1)B(O)O))C(=O)O	NFIVJOSXJDORSP-QMMMGPOBSA-N
Lys_Me3	Epsilon-Trimethyl-L-Lysine	Lys(Me3)	(2S)-2-amino-6-(trimethylammonio)hexanoic acid	Backbone	alpha	Lys	189.279	0.27479999999999966	63.32000000000001	18.6	TRUE	N[C@@H](CCCC[N+](C)(C)C)C(=O)O	MXNRLFUSFKVQSK-QMMMGPOBSA-O
Lys_Me2	Epsilon-Dimethyl-L-Lysine	Lys(Me2)	(2S)-2-amino-6-(dimethylamino)hexanoic acid	Backbone	alpha	Lys	174.244	0.13020000000000004	66.56	44.9	TRUE	N[C@@H](CCCCN(C)C)C(=O)O	XXEWFEBMSGLYBY-ZETCQYMHSA-N
His_1Me	1-Methyl-L-Histidine	His(1-Me)	(2S)-2-amino-3-(1-methyl-1H-imidazol-4-yl)propanoic acid	Backbone	alpha	His	169.184	-0.6255000000000002	81.14	41	TRUE	N[C@@H](Cc1(cn(C)cn1))C(=O)O	BRMWTNUJHUMWMS-LURJTMIESA-N
Trp_7F	7-Fluoro-L-Tryptophan	Trp(7-F)	(2S)-2-amino-3-(7-fluoro-1H-indol-3-yl)propanoic acid	Backbone	alpha	Trp	222.219	1.2614000000000003	79.11	9.3	TRUE	N[C@@H](Cc2(c[nH]c1(c(F)cccc12)))C(=O)O	ADMHYWIKJSPIGJ-VIFPVBQESA-N
Dap_Me2	3-(Dimethylamino)-L-Alanine	Dap(Me2)	(2S)-2-amino-3-(dimethylamino)propanoic acid	Backbone	alpha	X	132.16299999999998	-1.0400999999999994	66.56	13.5	TRUE	N[C@@H](CN(C)C)C(=O)O	KEZRWUUMKVVUPT-BYPYZUCNSA-N
NMe-D-Abu	(2R)-2-(Methylamino)butanoic acid	Me-D-Abu	(2R)-2-(methylamino)butanoic acid	Backbone	alpha	Ala	117.14799999999998	0.06899999999999967	49.33	19.1	TRUE	N(C)[C@H](CC)C(=O)O	CQJAWZCYNRBZDL-SCSAIBSYSA-N
Nip	(R)-Nipecotic acid	Nip	(3R)-piperidine-3-carboxylic acid	Backbone	beta	Pro	129.15900000000002	0.07059999999999994	49.33	15	TRUE	N1C[C@@H](CCC1)C(=O)O	XJLSEXAGTJCILF-RXMQYKEDSA-N
D-Gly_cPr	D-Cyclopropylglycine	D-Gly(cPr)	(2R)-2-amino-2-cyclopropylacetic acid	Backbone	alpha	X	115.13199999999999	-0.19170000000000004	63.32000000000001	10.7	TRUE	N[C@H](C1(CC1))C(=O)O	BUSBCPMSNBMUMT-SCSAIBSYSA-N
2-azaBCH221-3-CO2H	2-Azabicyclo[2.2.1]heptane-3alpha-carboxylic acid	2-azaBCH[2.2.1]-3-CO2H	(3S)-2-azabicyclo[2.2.1]heptane-3-carboxylic acid	Backbone	alpha	Pro	141.17000000000002	0.21149999999999974	49.33	7.4	TRUE	N1[C@@H](C2(CCC1C2))C(=O)O	BMVVXSIHLQYXJJ-WRVKLSGPSA-N
Phe_4Br	4-Bromo-L-Phenylalanine	Phe(4-Br)	(2S)-2-amino-3-(4-bromophenyl)propanoic acid	Backbone	alpha	Phe	244.08799999999997	1.4035000000000002	63.32000000000001	32.3	TRUE	N[C@@H](Cc1(ccc(Br)cc1))C(=O)O	PEMUHKUIQHFMTH-QMMMGPOBSA-N
bAla_3SCH2CONH2	Beta-L-Glutamine, Beta-L-Homoasparagine	bAla(3S-CH2CONH2)	(3S)-3-amino-4-carbamoylbutanoic acid	Backbone	beta	Asn	146.14600000000002	-1.3362000000000003	106.41000000000001	17	TRUE	N[C@@H](CC(=O)N)CC(=O)O	XOYSDPUJMJWCBH-VKHMYHEASA-N
Phe_35diF	3,5-Difluoro-L-Phenylalanine	Phe(3,5-diF)	(2S)-2-amino-3-(3,5-difluorophenyl)propanoic acid	Backbone	alpha	Phe	201.17199999999997	0.9192	63.32000000000001	19.8	TRUE	N[C@@H](Cc1(cc(F)cc(F)c1))C(=O)O	QFGMPXZFCIHYIR-QMMMGPOBSA-N
His_3Me	3-Methyl-L-Histidine	His(3-Me)	(2S)-2-amino-3-(1-methyl-1H-imidazol-5-yl)propanoic acid	Backbone	alpha	His	169.184	-0.6255000000000002	81.14	33.7	TRUE	N[C@@H](Cc1(cncn1C))C(=O)O	JDHILDINMRGULE-LURJTMIESA-N
D-Ser_Me	O-Methyl-D-Serine	D-Ser(Me)	(2R)-2-amino-3-methoxypropanoic acid	Backbone	alpha	Ser	119.11999999999998	-0.9552999999999998	72.55	14.3	TRUE	N[C@H](COC)C(=O)O	KNTFCRCCPLEUQZ-GSVOUGTGSA-N
Phe_35diCl	3,5-Dichloro-L-Phenylalanine	Phe(3,5-diCl)	(2S)-2-amino-3-(3,5-dichlorophenyl)propanoic acid	Backbone	alpha	Phe	234.082	1.9478	63.32000000000001	6.8	TRUE	N[C@@H](Cc1(cc(Cl)cc(Cl)c1))C(=O)O	UAODYKLBUMXKDC-QMMMGPOBSA-N
D-bhaThr	D-Beta-Homoallothreonine, (3S,4S)-Beta-Homoallothreonine	D-bhaThr	(3S,4S)-3-amino-4-hydroxypentanoic acid	Backbone	beta	Thr	133.14700000000002	-0.8308000000000006	83.55	8.7	TRUE	N[C@H]([C@@H](O)C)CC(=O)O	NIVRJEWVLMOZNV-IMJSIDKUSA-N
D-Thr_PO3H2	O-Phospho-D-Threonine, (2R,3S)-O-Phosphono-Threonine	D-Thr(PO3H2)	(2S,3R)-3-amino-4-hydroxy-4-oxobutan-2-yl dihydrogen phosphate	Backbone	alpha	Thr	199.099	-1.1039000000000005	130.07999999999998	10.6	TRUE	N[C@H]([C@@H](OP(=O)(O)O)C)C(=O)O	USRGIUJOYOXOQJ-STHAYSLISA-N
Pro_4Samino	(4S)-4-Amino-L-Proline	Pro(4S-amino)	(2S,4S)-4-aminopyrrolidine-2-carboxylic acid	Backbone	alpha	Pro	130.14700000000002	-1.2397999999999993	75.35	23.5	TRUE	N1[C@@H](C[C@H](N)C1)C(=O)O	SHINASQYHDCLEU-IMJSIDKUSA-N
Asn_Me	N4-Methyl-L-Asparagine	Asn(Me)	(2S)-2-amino-3-(methylcarbamoyl)propanoic acid	Backbone	alpha	Asn	146.146	-1.4655999999999998	92.42	33.4	TRUE	N[C@@H](CC(=O)NC)C(=O)O	CFRMVEKWKKDNAH-VKHMYHEASA-N
Tyr_Me	O-Methyl-L-Tyrosine	Tyr(Me)	(2S)-2-amino-3-(4-methoxyphenyl)propanoic acid	Backbone	alpha	Tyr	195.218	0.6496	72.55	39.4	TRUE	N[C@@H](Cc1(ccc(OC)cc1))C(=O)O	GEYBMYRBIABFTA-VIFPVBQESA-N
D-Trp_6F	6-Fluoro-D-Tryptophan	D-Trp(6-F)	(2R)-2-amino-3-(6-fluoro-1H-indol-3-yl)propanoic acid	Backbone	alpha	Trp	222.21899999999997	1.2614000000000003	79.11	12.3	TRUE	N[C@H](Cc1(c[nH]c2(cc(F)ccc12)))C(=O)O	YMEXGEAJNZRQEH-SECBINFHSA-N
Phe_34diF	3,4-Difluoro-L-Phenylalanine	Phe(3,4-diF)	(2S)-2-amino-3-(3,4-difluorophenyl)propanoic acid	Backbone	alpha	Phe	201.17199999999997	0.9192	63.32000000000001	13.3	TRUE	N[C@@H](Cc1(ccc(F)c(F)c1))C(=O)O	PRAWYXDDKCVZTL-QMMMGPOBSA-N
D-Phe_34diF	3,4-Difluoro-D-Phenylalanine	D-Phe(3,4-diF)	(2R)-2-amino-3-(3,4-difluorophenyl)propanoic acid	Backbone	alpha	Phe	201.17199999999997	0.9192	63.32000000000001	11.9	TRUE	N[C@H](Cc1(ccc(F)c(F)c1))C(=O)O	PRAWYXDDKCVZTL-MRVPVSSYSA-N
Ala_N3	3-Azido-L-Alanine	Ala(N3)	(2S)-2-amino-3-azidopropanoic acid	Backbone	alpha	X	130.107	-0.29140000000000016	112.08	7.5	TRUE	N[C@@H](CN=[N+]=[N-])C(=O)O	CIFCKCQAKQRJFC-REOHCLBHSA-N
bhArg	Beta-Homoarginine, (S)-3-amino-6-Guanidinohexanoic acid	bhArg	(3S)-3-amino-6-(((amino)(imino)methyl)amino)hexanoic acid	Backbone	beta	Arg	188.231	-0.948329999999999	125.22000000000001	21.8	TRUE	N[C@@H](CCCNC(=N)N)CC(=O)O	VNWXCGKMEWXYBP-YFKPBYRVSA-N
hGln	Homo-L-Glutamine	hGln	(2S)-2-amino-5-carbamoylpentanoic acid	Backbone	alpha	Lys	160.173	-0.9460999999999993	106.41000000000001	9.1	TRUE	N[C@@H](CCCC(=O)N)C(=O)O	YZJSUQQZGCHHNQ-BYPYZUCNSA-N
bAla_3SEtCONH2	Beta-L-Homoglutamine	bAla(3S-EtCONH2)	(3S)-3-amino-5-carbamoylpentanoic acid	Backbone	beta	Gln	160.173	-0.9460999999999993	106.41000000000001	20.4	TRUE	N[C@@H](CCC(=O)N)CC(=O)O	IDNSGZOFDGAHTI-BYPYZUCNSA-N
D-Thr_Me	O-Methyl-D-Threonine	D-Thr(Me)	(2R,3S)-2-amino-3-methoxybutanoic acid	Backbone	alpha	Thr	133.147	-0.5668000000000002	72.55	6.6	TRUE	N[C@H]([C@@H](OC)C)C(=O)O	FYCWLJLGIAUCCL-IUYQGCFVSA-N
aIle	Allo-L-Isoleucine, (2S,3R)-Isoleucine	aIle	(2S,3R)-2-amino-3-methylpentanoic acid	Backbone	alpha	Ile	131.175	0.44439999999999985	63.32000000000001	43.7	TRUE	N[C@@H]([C@H](C)CC)C(=O)O	AGPKZVBTJJNPAG-UHNVWZDZSA-N
Pro_4SF	cis-4-Fluoro-L-Proline	Pro(4S-F)	(2S,4S)-4-fluoropyrrolidine-2-carboxylic acid	Backbone	alpha	Pro	133.122	-0.22900000000000015	49.33	16.8	TRUE	N1[C@@H](C[C@H](F)C1)C(=O)O	ZIWHMENIDGOELV-IMJSIDKUSA-N
Pro_4RF	trans-4-Fluoro-L-Proline	Pro(4R-F)	(2S,4R)-4-fluoropyrrolidine-2-carboxylic acid	Backbone	alpha	Pro	133.122	-0.22900000000000015	49.33	23.5	TRUE	N1[C@@H](C[C@@H](F)C1)C(=O)O	ZIWHMENIDGOELV-DMTCNVIQSA-N
D-Pro_4RF	cis-4-Fluoro-D-Proline	D-Pro(4R-F)	(2R,4R)-4-fluoropyrrolidine-2-carboxylic acid	Backbone	alpha	Pro	133.122	-0.22900000000000015	49.33	6.9	TRUE	N1[C@H](C[C@@H](F)C1)C(=O)O	ZIWHMENIDGOELV-QWWZWVQMSA-N
Pip	L-Pipecolic acid, L-Homoproline	Pip	(2S)-piperidine-2-carboxylic acid	Backbone	alpha	Pro	129.15900000000002	0.2131	49.33	45.2	TRUE	N1[C@@H](CCCC1)C(=O)O	HXEACLLIILLPRG-YFKPBYRVSA-N
NMe-Abu	(2S)-2-(Methylamino)butanoic acid	Me-Abu	(2S)-2-(methylamino)butanoic acid	Backbone	alpha	Ala	117.14799999999998	0.06899999999999967	49.33	22.4	TRUE	N(C)[C@@H](CC)C(=O)O	CQJAWZCYNRBZDL-BYPYZUCNSA-N
Ser_Me	O-Methyl-L-Serine	Ser(Me)	(2S)-2-amino-3-methoxypropanoic acid	Backbone	alpha	Ser	119.11999999999998	-0.9552999999999998	72.55	22.5	TRUE	N[C@@H](COC)C(=O)O	KNTFCRCCPLEUQZ-VKHMYHEASA-N
2-aminoindan-2-CO2H	2-amino-2-indancarboxylic acid	2-aminoindan-2-CO2H	2-aminoindane-2-carboxylic acid	Backbone	alpha	Phe	177.20299999999995	0.5672999999999999	63.32000000000001	18.9	TRUE	NC2(Cc1(ccccc1C2))C(=O)O	UHQFXIWMAQOCAN-UHFFFAOYSA-N
bAla_2SiBu	(S)-2-(aminomethyl)-4-methylpentanoic acid, L-Beta2-Homoleucine	bAla(2S-iBu)	(2S)-2-(aminomethyl)-4-methylpentanoic acid	Backbone	beta	Leu	145.202	0.6920000000000002	63.32000000000001	13.9	TRUE	NC[C@H](CC(C)C)C(=O)O	IAXQYBCPMFDMOJ-LURJTMIESA-N
Ala_cBu	Beta-cyclobutyl-L-alanine	Ala(cBu)	(2S)-2-amino-3-cyclobutylpropanoic acid	Backbone	alpha	Ala	143.186	0.5884999999999998	63.32000000000001	14	TRUE	N[C@@H](CC1(CCC1))C(=O)O	SRGOJUDAJKUDAZ-LURJTMIESA-N
NBuNH2-G	N-(4-aminobutyl)-Glycine	NH2Bu-Gly	2-((4-aminobutyl)amino)acetic acid	Backbone	alpha	Gly	146.19000000000003	-0.6004999999999998	75.35	34.7	TRUE	N(CCCCN)CC(=O)O	OGAULEBSQQMUKP-UHFFFAOYSA-N
NPrNH2-G	N-(3-aminopropyl)-Glycine	H2NPr-Gly	2-((3-aminopropyl)amino)acetic acid	Backbone	alpha	Gly	132.163	-0.9905999999999995	75.35	21.8	TRUE	N(CCCN)CC(=O)O	DHGYLUFLENKZHH-UHFFFAOYSA-N
NEtNH2-G	N-(2-aminoethyl)-Glycine	H2NEt-Gly	2-((2-aminoethyl)amino)acetic acid	Backbone	alpha	Gly	118.13599999999998	-1.3806999999999996	75.35	26.7	TRUE	N(CCN)CC(=O)O	PIINGYXNCHTJTF-UHFFFAOYSA-N
Ac3c	1-aminocyclopropane-1-carboxylic acid	Ac3c	1-aminocyclopropanecarboxylic acid	Backbone	alpha	X	101.10499999999999	-0.43770000000000003	63.32000000000001	34.8	TRUE	NC1(CC1)C(=O)O	PAJPWUMXBYXFCZ-UHFFFAOYSA-N
NEt-G	N-ethylglycine	Et-Gly	2-(ethylamino)acetic acid	Backbone	alpha	Gly	103.12099999999998	-0.31949999999999995	49.33	23.3	TRUE	N(CC)CC(=O)O	YPIGGYHFMKJNKV-UHFFFAOYSA-N
Ala_Cl	Beta-chloro-L-alanine	Ala(Cl)	(2R)-2-amino-3-chloropropanoic acid	Backbone	alpha	X	123.53899999999997	-0.36290000000000006	63.32000000000001	11.9	TRUE	N[C@@H](CCl)C(=O)O	ASBJGPTTYPEMLP-REOHCLBHSA-N
morpholine-3-CO2H_S	(S)-3-carboxymorpholine	morpholine-3-CO2H(S)	(3S)-morpholine-3-carboxylic acid	Backbone	alpha	Pro	131.131	-0.9406000000000001	58.56	11.4	TRUE	N1[C@@H](COCC1)C(=O)O	JUNOWSHJELIDQP-BYPYZUCNSA-N
Pro_44diF	4,4-difluoro-L-Proline	Pro(4,4-diF)	(2S)-4,4-difluoropyrrolidine-2-carboxylic acid	Backbone	alpha	Pro	151.11200000000002	0.06819999999999976	49.33	8.5	TRUE	N1[C@@H](CC(F)(F)C1)C(=O)O	ZPBIYZHGBPBZCK-VKHMYHEASA-N
Ala_CF3	(S)-2-amino-4,4,4-trifluoro-butyric acid	Ala(CF3)	(2S)-2-amino-4,4,4-trifluorobutanoic acid	Backbone	alpha	X	157.091	0.3506999999999998	63.32000000000001	15.5	TRUE	N[C@@H](CC(F)(F)F)C(=O)O	AQPCXCOPDSEKQT-REOHCLBHSA-N
Gaba	gamma-aminobutyric-acid	Gaba	4-aminobutanoic acid	Backbone	gamma	Gly	103.12099999999998	-0.19009999999999977	63.32000000000001	19	TRUE	NCCCC(=O)O	BTCSSZJGUNDROE-UHFFFAOYSA-N
EtOH-Gaba	2-Morpholineacetic acid	EtOH-Gaba	2-(morpholin-2-yl)acetic acid	Backbone	gamma	Pro	145.15800000000002	-0.5505000000000002	58.56	10.6	TRUE	N1CC(OCC1)CC(=O)O	TWCXRVFSIAWFMA-UHFFFAOYSA-N
acHexGaba	3-aminoadamantane-1-carboxylic acid	acHexGaba	3-aminoadamantane-1-carboxylic acid	Backbone	gamma	X	195.26199999999997	1.3687	63.32000000000001	8.3	TRUE	NC31CC2(CC(CC(C1)C2)C3)C(=O)O	ZBPOKYGSYKBAAW-UHFFFAOYSA-N
4-aminomethyl-cHex-1-CO2H	Tranexamic acid	4-aminomethyl-cHex-1-CO2H	4-(aminomethyl)cyclohexanecarboxylic acid	Backbone	epsilon	Ala	157.213	0.8361000000000001	63.32000000000001	13.9	TRUE	NCC1CCC(CC1)C(=O)O	GYDJEQRTZSCIOI-UHFFFAOYSA-N
bAla_3SCH2OH	L-beta-Homoserine	bAla(3S-CH2OH)	(3R)-3-amino-4-hydroxybutanoic acid	Backbone	beta	Ser	119.11999999999999	-1.2192999999999998	83.55	24.8	TRUE	N[C@@H](CO)CC(=O)O	BUZICZZQJDLXJN-GSVOUGTGSA-N
Tyr_Et	O-Ethyl-L-Tyrosine	Tyr(Et)	(2S)-2-amino-3-(4-ethoxyphenyl)propanoic acid	Backbone	alpha	Tyr	209.24499999999998	1.0396999999999998	72.55	17.6	TRUE	N[C@@H](Cc1(ccc(OCC)cc1))C(=O)O	RMYPEYHEPIZYDJ-JTQLQIEISA-N
Phe_34diOMe	(3,4)-Dimethoxy-L-Phenylalanine	Phe(3,4-diOMe)	(2S)-2-amino-3-(3,4-dimethoxyphenyl)propanoic acid	Backbone	alpha	Tyr	225.24399999999997	0.6581999999999999	81.78	13.2	TRUE	N[C@@H](Cc1(ccc(OC)c(OC)c1))C(=O)O	VWTFNYVAFGYEKI-QMMMGPOBSA-N
Tic_7OH	(S)-7-Hydroxy-1,2,3,4-Tetrahydroisoquinoline-3-Carboxylic acid	Tic(7-OH)	(4S)-9-hydroxy-3-azabicyclo[4.4.0]deca-1(10),6,8-triene-4-carboxylic acid	Backbone	alpha	Pro	193.20199999999994	0.49109999999999987	69.56	11.4	TRUE	N2[C@@H](Cc1(ccc(O)cc1C2))C(=O)O	HIKCRLDSCSWXML-VIFPVBQESA-N
Phg_4Cl	L-4-Chlorophenylglycine	Phg(4-Cl)	(2S)-2-amino-2-(4-chlorophenyl)acetic acid	Backbone	alpha	X	185.60999999999999	1.4244	63.32000000000001	12.9	TRUE	N[C@@H](c1(ccc(Cl)cc1))C(=O)O	QGJGBYXRJVIYGA-ZETCQYMHSA-N
N_4piperidyl-G	N-4-Piperidinyl-Glycine	4-piperidyl-Gly	2-((piperidin-4-yl)amino)acetic acid	Backbone	alpha	Gly	158.201	-0.5873999999999997	61.36	10.8	TRUE	N(C1(CCNCC1))CC(=O)O	GMYSPKJLZSKGSC-UHFFFAOYSA-N
Pro_34dehydro	(3,4)-Dehydro-L-Proline	Pro(3,4-dehydro)	(2S)-2,5-dihydro-1H-pyrrole-2-carboxylic acid	Backbone	alpha	Pro	113.116	-0.4010000000000001	49.33	15.7	TRUE	N1[C@@H](C=CC1)C(=O)O	OMGHIGVFLOPEHJ-BYPYZUCNSA-N
NEt-A	N-Ethylalanine	Et-Ala	(2S)-2-(ethylamino)propanoic acid	Backbone	alpha	Ala	117.14799999999998	0.06900000000000012	49.33	17.9	TRUE	N(CC)[C@@H](C)C(=O)O	DATPFTPVGIHCCM-BYPYZUCNSA-N
5-Ava	5-aminovaleric acid	5-Ava	5-aminopentanoic acid	Backbone	delta	Gly	117.14799999999998	0.20000000000000012	63.32000000000001	18.7	TRUE	NCCCCC(=O)O	JJMDCOVWQOJGCB-UHFFFAOYSA-N
6-Ahx	6-aminohexanoic acid	6-Ahx	6-aminohexanoic acid	Backbone	epsilon	Gly	131.175	0.5901000000000001	63.32000000000001	37.4	TRUE	NCCCCCC(=O)O	SLXKOJJOQWFEFD-UHFFFAOYSA-N
Gaba_33diMe	4-amino-3,3-dimethyl-butyric acid	Gaba(3,3-diMe)	4-amino-3,3-dimethylbutanoic acid	Backbone	gamma	Ala	131.17499999999998	0.4460000000000001	63.32000000000001	14	TRUE	NCC(C)(C)CC(=O)O	BDEGNHSSXDSZRQ-UHFFFAOYSA-N
bAla_b_bdiMe	3-amino-2,2-dimethyl-propionic acid	bAla(b,b-diMe)	3-amino-2,2-dimethylpropanoic acid	Backbone	beta	Ala	117.14799999999997	0.05590000000000023	63.32000000000001	17.6	TRUE	NCC(C)(C)C(=O)O	DGNHGRLDBKAPEH-UHFFFAOYSA-N
Gamma4-Leu	(4R)-4-amino-6-methylheptanoic acid	Gamma4-Leu	(4R)-4-amino-6-methylheptanoic acid	Backbone	gamma	Leu	159.229	1.2245999999999997	63.32000000000001	10.4	TRUE	N[C@@H](CC(C)C)CCC(=O)O	NXIZZVSUSXUIEX-SSDOTTSWSA-N
bAla_3SMbzl	(3S)-3-amino-4-(4-methylphenyl)butanoic Acid	bAla(3S-Mbzl)	(3S)-3-amino-4-(4-methylphenyl)butanoic acid	Backbone	beta	Phe	193.24599999999995	1.3395200000000003	63.32000000000001	8	TRUE	N[C@@H](Cc1(ccc(C)cc1))CC(=O)O	OCNPVFDANAYUCR-JTQLQIEISA-N
bAla_3Snaphth2yl	(R)-3-Amino-3-(2-naphthyl)-propionic acid	bAla(3S-naphth-2-yl)	(3R)-3-amino-3-(naphthalen-2-yl)propanoic acid	Backbone	beta	X	215.25199999999995	2.3143000000000002	63.32000000000001	6.9	TRUE	N[C@@H](c2(ccc1(ccccc1c2)))CC(=O)O	JASNXOXPNZWQRV-GFCCVEGCSA-N
bAla_3Snaphth2ylmethyl	(3S)-3-amino-4-naphthalen-2-ylbutanoic acid	bAla(3S-naphth-2-ylmethyl)	(3S)-3-amino-4-(naphthalen-2-yl)butanoic acid	Backbone	beta	Phe	229.27899999999997	2.1843	63.32000000000001	4.7	TRUE	N[C@@H](Cc2(ccc1(ccccc1c2)))CC(=O)O	WSVMIVFELRCSPA-ZDUSSCGKSA-N
bAad_S	beta-L-homoglutamic acid	bAad(S)	(3S)-3-aminohexanedioic acid	Backbone	beta	Glu	161.15699999999998	-0.3468000000000003	100.62000000000002	23.9	TRUE	N[C@@H](CCC(=O)O)CC(=O)O	XABCFXXGZPWJQP-BYPYZUCNSA-N
D-a2-carboxyethylGaba	D-4-Aminoheptanedioic acid	D-a2-carboxyethylGaba	4-aminoheptanedioic acid	Backbone	gamma	Glu	175.18399999999997	0.04329999999999962	100.62000000000002	4.7	FALSE	NC(CCC(=O)O)CCC(=O)O	DMAJAXIBHLWSQM-UHFFFAOYSA-N
ghGlu	L-4-Aminoheptanedioic acid	ghGlu	4-aminoheptanedioic acid	Backbone	gamma	Glu	175.18399999999997	0.04329999999999962	100.62000000000002	6.9	TRUE	NC(CCC(=O)O)CCC(=O)O	DMAJAXIBHLWSQM-UHFFFAOYSA-N
Oic	L-octahydroindole-2-carboxylic acid	Oic	(1S,6S,8S)-7-azabicyclo[4.3.0]nonane-8-carboxylic acid	Backbone	alpha	Pro	169.22400000000002	0.9917	49.33	28.6	TRUE	N1[C@@H](C[C@@H]2(CCCC[C@H]12))C(=O)O	CQYBNXGHMBNGCG-FXQIFTODSA-N
Arg_NO2	N-Omega-Nitro-L-Arginine	Arg(NO2)	(2S)-2-amino-5-(((imino)(((oxido)(oxo)ammonio)amino)methyl)amino)pentanoic acid	Backbone	alpha	Arg	219.201	-1.5158299999999985	154.36999999999998	12.1	TRUE	N[C@@H](CCCNC(=N)N[N+](=O)[O-])C(=O)O	MRAUNPAHJZDYCK-BYPYZUCNSA-N
NMe-dW	N-methyl-D-Tryptophan	Me-D-Trp	(2R)-3-(1H-indol-3-yl)-2-(methylamino)propanoic acid	Backbone	alpha	Trp	218.256	1.383	65.12	18.5	TRUE	N(C)[C@H](Cc1(c[nH]c2(ccccc12)))C(=O)O	CZCIKBSVHDNIDH-LLVKDONJSA-N
NMe-K	N(2)-methyl-L-Lysine	Me-Lys	(2S)-6-amino-2-(methylamino)hexanoic acid	Backbone	alpha	Lys	160.217	-0.21200000000000002	75.35	25.7	TRUE	N(C)[C@@H](CCCCN)C(=O)O	OLYPWXRMOFUVGH-LURJTMIESA-N
NMe-dA	N-Methyl-D-Alanine	Me-D-Ala	(2R)-2-(methylamino)propanoic acid	Backbone	alpha	Ala	103.12099999999998	-0.3211000000000002	49.33	33.4	TRUE	N(C)[C@H](C)C(=O)O	GDFAOVXKHJXLEI-GSVOUGTGSA-N
NMe-dN	N-Methyl-D-Asparagine	Me-D-Asn	(2R)-3-carbamoyl-2-(methylamino)propanoic acid	Backbone	alpha	Asn	146.14600000000002	-1.4655999999999993	92.42	10.5	TRUE	N(C)[C@H](CC(=O)N)C(=O)O	LNSMPSPTFDIWRQ-GSVOUGTGSA-N
NMe-dL	N-Methyl-D-Leucine	Me-D-Leu	(2R)-4-methyl-2-(methylamino)pentanoic acid	Backbone	alpha	Leu	145.202	0.7051000000000001	49.33	44.3	TRUE	N(C)[C@H](CC(C)C)C(=O)O	XJODGRWDFZVTKW-ZCFIWIBFSA-N
NMe-dS	N-Methyl-D-Serine	Me-D-Ser	(2R)-3-hydroxy-2-(methylamino)propanoic acid	Backbone	alpha	Ser	119.11999999999998	-1.3487	69.56	22	TRUE	N(C)[C@H](CO)C(=O)O	PSFABYLDRXJYID-GSVOUGTGSA-N
NMe-dF	N-methyl-D-Phenylalanine	Me-D-Phe	(2R)-2-(methylamino)-3-phenylpropanoic acid	Backbone	alpha	Phe	179.21899999999997	0.9017	49.33	39.7	TRUE	N(C)[C@H](Cc1(ccccc1))C(=O)O	SCIFESDRCALIIM-SECBINFHSA-N
NMe-V	N-methyl-L-Valine	Me-Val	(2S)-3-methyl-2-(methylamino)butanoic acid	Backbone	alpha	Val	131.175	0.31499999999999967	49.33	54.9	TRUE	N(C)[C@@H](C(C)C)C(=O)O	AKCRVYNORCOYQT-YFKPBYRVSA-N
NMe-dV	N-methyl-D-Valine	Me-D-Val	(2R)-3-methyl-2-(methylamino)butanoic acid	Backbone	alpha	Val	131.175	0.31499999999999967	49.33	30.5	TRUE	N(C)[C@H](C(C)C)C(=O)O	AKCRVYNORCOYQT-RXMQYKEDSA-N
NMe-T	N-Methyl-L-Threonine	Me-Thr	(2S,3R)-3-hydroxy-2-(methylamino)butanoic acid	Backbone	alpha	Thr	133.147	-0.9602000000000004	69.56	36.7	TRUE	N(C)[C@@H]([C@H](O)C)C(=O)O	CCAIIPMIAFGKSI-DMTCNVIQSA-N
NMe-dT	N-Methyl-D-Threonine	Me-D-Thr	(2R,3S)-3-hydroxy-2-(methylamino)butanoic acid	Backbone	alpha	Thr	133.147	-0.9602000000000004	69.56	12.2	TRUE	N(C)[C@H]([C@@H](O)C)C(=O)O	CCAIIPMIAFGKSI-IUYQGCFVSA-N
NMe-dR	N2-Methyl-D-Arginine	Me-D-Arg	(2R)-5-(((amino)(imino)methyl)amino)-2-(methylamino)pentanoic acid	Backbone	alpha	Arg	188.231	-1.077729999999998	111.23	17.4	TRUE	N(C)[C@H](CCCNC(=N)N)C(=O)O	NTWVQPHTOUKMDI-RXMQYKEDSA-N
NMe-Q	N2-Methyl-L-Glutamine	Me-Gln	(2S)-4-carbamoyl-2-(methylamino)butanoic acid	Backbone	alpha	Gln	160.173	-1.0754999999999995	92.42	20.6	TRUE	N(C)[C@@H](CCC(=O)N)C(=O)O	KSZFSNZOGAXEGH-BYPYZUCNSA-N
NMe-dQ	N2-Methyl-D-Glutamine	Me-D-Gln	(2R)-4-carbamoyl-2-(methylamino)butanoic acid	Backbone	alpha	Gln	160.173	-1.0754999999999995	92.42	18.2	TRUE	N(C)[C@H](CCC(=O)N)C(=O)O	KSZFSNZOGAXEGH-SCSAIBSYSA-N
NMe-H	N-Methyl-L-Histidine	Me-His	(2S)-3-(1H-imidazol-5-yl)-2-(methylamino)propanoic acid	Backbone	alpha	His	169.184	-0.3752000000000005	78.01	24.3	TRUE	N(C)[C@@H](Cc1(cnc[nH]1))C(=O)O	CYZKJBZEIFWZSR-LURJTMIESA-N
NMe-dH	N-Methyl-D-Histidine	Me-D-His	(2R)-3-(1H-imidazol-5-yl)-2-(methylamino)propanoic acid	Backbone	alpha	His	169.184	-0.3752000000000005	78.01	10.2	TRUE	N(C)[C@H](Cc1(cnc[nH]1))C(=O)O	CYZKJBZEIFWZSR-ZCFIWIBFSA-N
NMe-dK	N(2)-Methyl-D-Lysine	Me-D-Lys	(2R)-6-amino-2-(methylamino)hexanoic acid	Backbone	alpha	Lys	160.217	-0.21200000000000002	75.35	15.1	TRUE	N(C)[C@H](CCCCN)C(=O)O	OLYPWXRMOFUVGH-ZCFIWIBFSA-N
NMe-Y	N-Methyl-L-Tyrosine	Me-Tyr	(2S)-3-(4-hydroxyphenyl)-2-(methylamino)propanoic acid	Backbone	alpha	Tyr	195.218	0.6072999999999997	69.56	38.2	TRUE	N(C)[C@@H](Cc1(ccc(O)cc1))C(=O)O	AXDLCFOOGCNDST-VIFPVBQESA-N
NMe-dY	N-Methyl-D-Tyrosine	Me-D-Tyr	(2R)-3-(4-hydroxyphenyl)-2-(methylamino)propanoic acid	Backbone	alpha	Tyr	195.218	0.6072999999999997	69.56	16.9	TRUE	N(C)[C@H](Cc1(ccc(O)cc1))C(=O)O	AXDLCFOOGCNDST-SECBINFHSA-N
NMe-C	N-Methyl-L-Cysteine	Me-Cys	(2R)-2-(methylamino)-3-sulfanylpropanoic acid	Backbone	alpha	Cys	135.188	-0.41120000000000007	49.33	38.4	TRUE	N(C)[C@@H](CS)C(=O)O	DVOOXRTYGGLORL-VKHMYHEASA-N
NMe-dC	N-Methyl-D-Cysteine	Me-D-Cys	(2S)-2-(methylamino)-3-sulfanylpropanoic acid	Backbone	alpha	Cys	135.188	-0.41120000000000007	49.33	19.5	TRUE	N(C)[C@H](CS)C(=O)O	DVOOXRTYGGLORL-GSVOUGTGSA-N
NMe-I	N-Methyl-L-Isoleucine	Me-Ile	(2S,3S)-3-methyl-2-(methylamino)pentanoic acid	Backbone	alpha	Ile	145.202	0.7051000000000001	49.33	41.5	TRUE	N(C)[C@@H]([C@@H](C)CC)C(=O)O	KSPIYJQBLVDRRI-WDSKDSINSA-N
NMe-dI	N-Methyl-D-Isoleucine	Me-D-Ile	(2R,3R)-3-methyl-2-(methylamino)pentanoic acid	Backbone	alpha	Ile	145.202	0.7051000000000001	49.33	13.5	TRUE	N(C)[C@H]([C@H](C)CC)C(=O)O	KSPIYJQBLVDRRI-PHDIDXHHSA-N
NMe-Nva	N-Methyl-L-Norvaline	Me-Nva	(2S)-2-(methylamino)pentanoic acid	Backbone	alpha	Val	131.175	0.4591	49.33	24.9	TRUE	N(C)[C@@H](CCC)C(=O)O	HCPKYUNZBPVCHC-YFKPBYRVSA-N
NMe-D-Nva	N-Methyl-D-Norvaline	Me-D-Nva	(2R)-2-(methylamino)pentanoic acid	Backbone	alpha	Val	131.175	0.4591	49.33	15.2	TRUE	N(C)[C@H](CCC)C(=O)O	HCPKYUNZBPVCHC-RXMQYKEDSA-N
Nle_N3	6-Azido-L-Norleucine (azido-L-Lysine)	Nle(N3)	(2S)-2-amino-6-azidohexanoic acid	Backbone	alpha	Lys	172.18800000000002	0.8788999999999998	112.08	12	TRUE	N[C@@H](CCCCN=[N+]=[N-])C(=O)O	HTFFMYRVHHNNBE-YFKPBYRVSA-N
D-Nle_N3	6-Azido-D-Norleucine (azido-D-Lysine)	D-Nle(N3)	(2R)-2-amino-6-azidohexanoic acid	Backbone	alpha	Lys	172.18800000000002	0.8788999999999998	112.08	5	TRUE	N[C@H](CCCCN=[N+]=[N-])C(=O)O	HTFFMYRVHHNNBE-RXMQYKEDSA-N
aMeNva_vinyl	(2S)-2-amino-2-methylhept-6-enoic acid	aMeNva(vinyl)	(2S)-2-amino-2-methylhept-6-enoic acid	Backbone	alpha	Leu	157.213	1.1446999999999998	63.32000000000001	23.6	TRUE	N[C@@](C)(CCCC=C)C(=O)O	AERCCJGORROTKW-QMMMGPOBSA-N
Phe_24_5triF	(S)-2-Amino-3-(2,4,5-trifluorophenyl)propanoic acid	Phe(2,4,5-triF)	(2S)-2-amino-3-(2,4,5-trifluorophenyl)propanoic acid	Backbone	alpha	Phe	219.16199999999998	1.0583000000000002	63.32000000000001	6.5	TRUE	N[C@@H](Cc1(cc(F)c(F)cc1F))C(=O)O	SWJFYJHCOWRRLR-QMMMGPOBSA-N
Gly_2bromoallyl	(S)-2-Amino-4-bromopent-4-enoic acid	Gly(2-bromoallyl)	(2S)-2-amino-4-bromopent-4-enoic acid	Backbone	alpha	X	194.028	0.6969999999999998	63.32000000000001	11.8	TRUE	N[C@@H](CC(=C)Br)C(=O)O	YTCSGBSYHNQHFD-BYPYZUCNSA-N
D-Gly_2bromoallyl	(R)-2-Amino-4-bromopent-4-enoic acid	D-Gly(2-bromoallyl)	(2R)-2-amino-4-bromopent-4-enoic acid	Backbone	alpha	X	194.028	0.6969999999999998	63.32000000000001	3.9	TRUE	N[C@H](CC(=C)Br)C(=O)O	YTCSGBSYHNQHFD-SCSAIBSYSA-N
Ac5c	1-Aminocyclopentanecarboxylic acid	Ac5c	1-aminocyclopentanecarboxylic acid	Backbone	alpha	X	129.15900000000002	0.34249999999999975	63.32000000000001	34.9	TRUE	NC1(CCCC1)C(=O)O	NILQLFBWTXNUOE-UHFFFAOYSA-N
D-Phe_3CF3	3-Trifluoromethyl-D-Phenylalanine	D-Phe(3-CF3)	(2R)-2-amino-3-(3-(trifluoromethyl)phenyl)propanoic acid	Backbone	alpha	Phe	233.18899999999994	1.6598000000000002	63.32000000000001	12.4	TRUE	N[C@H](Cc1(cccc(c1)C(F)(F)F))C(=O)O	BURBNIPKSRJAIQ-MRVPVSSYSA-N
D-Phe_34diCl	3,4-Dichloro-D-Phenylalanine	D-Phe(3,4-diCl)	(2R)-2-amino-3-(3,4-dichlorophenyl)propanoic acid	Backbone	alpha	Phe	234.082	1.9478	63.32000000000001	11.3	TRUE	N[C@H](Cc1(ccc(Cl)c(Cl)c1))C(=O)O	NRCSJHVDTAAISV-MRVPVSSYSA-N
Sta	Statine	Sta	(3S,4S)-4-amino-3-hydroxy-6-methylheptanoic acid	Backbone	gamma	Leu	175.22799999999998	0.19539999999999957	83.55	8.2	TRUE	N[C@@H](CC(C)C)[C@@H](O)CC(=O)O	DFVFTMTWCUHJBL-BQBZGAKWSA-N
Ac6c	1-aminocyclohexane-1-carboxylic acid	Ac6c	1-aminocyclohexanecarboxylic acid	Backbone	alpha	X	143.186	0.7325999999999997	63.32000000000001	32.7	TRUE	NC1(CCCCC1)C(=O)O	WOXWUZCRWJWTRT-UHFFFAOYSA-N
Phe_F5	2,3,4,5,6-pentafluoro-L-phenylalanine	Phe(F5)	(2S)-2-amino-3-(2,3,4,5,6-pentafluorophenyl)propanoic acid	Backbone	alpha	Phe	255.14199999999997	1.3365000000000002	63.32000000000001	26.4	TRUE	N[C@@H](Cc1(c(F)c(F)c(F)c(F)c1F))C(=O)O	YYTDJPUFAVPHQA-VKHMYHEASA-N
D-Tyr_Et	O4-ethyl-D-tyrosine	D-Tyr(Et)	(2R)-2-amino-3-(4-ethoxyphenyl)propanoic acid	Backbone	alpha	Tyr	209.24499999999998	1.0396999999999998	72.55	13.6	TRUE	N[C@H](Cc1(ccc(OCC)cc1))C(=O)O	RMYPEYHEPIZYDJ-SNVBAGLBSA-N
Pra	propargylglycine	Pra	(2S)-2-aminopent-4-ynoic acid	Backbone	alpha	Val	113.11599999999997	-0.5784000000000002	63.32000000000001	22.9	TRUE	N[C@@H](CC#C)C(=O)O	DGYHPLMPMRKMPD-BYPYZUCNSA-N
Pro_4RPh	(4R)-4-Phenyl-L-proline	Pro(4R-Ph)	(2S,4R)-4-phenylpyrrolidine-2-carboxylic acid	Backbone	alpha	Pro	191.23	1.2167	49.33	9	TRUE	N1[C@@H](C[C@@H](C1)c2(ccccc2))C(=O)O	JHHOFXBPLJDHOR-UWVGGRQHSA-N
D-Phe_3Ph	3-phenyl-D-phenylalanine	D-Phe(3-Ph)	(2R)-2-amino-3-(3-phenylphenyl)propanoic acid	Backbone	alpha	Phe	241.29	2.308	63.32000000000001	5.3	TRUE	N[C@H](Cc1(cccc(c1)c2(ccccc2)))C(=O)O	XXPHIHDDXCFWMS-CQSZACIVSA-N
D-Phe_4I	4-iodo-D-phenylalanine	D-Phe(4-I)	(2R)-2-amino-3-(4-iodophenyl)propanoic acid	Backbone	alpha	Phe	291.088	1.2456	63.32000000000001	20.5	TRUE	N[C@H](Cc1(ccc(I)cc1))C(=O)O	PZNQZSRPDOEBMS-MRVPVSSYSA-N
NPhEt-G	N-(2-phenylethyl)-glycine	PhEt-Gly	2-((2-phenylethyl)amino)acetic acid	Backbone	alpha	Gly	179.21899999999994	0.9033000000000002	49.33	26.6	TRUE	N(CCc1(ccccc1))CC(=O)O	UHNMIDKSDRGICN-UHFFFAOYSA-N
Phe_4MeOH	4-(hydroxymethyl)-L-phenylalanine	Phe(4-MeOH)	(2S)-2-amino-3-(4-(hydroxymethyl)phenyl)propanoic acid	Backbone	alpha	Phe	195.21799999999996	0.13329999999999997	83.55	5.9	TRUE	N[C@@H](Cc1(ccc(cc1)CO))C(=O)O	OXNUZCWFCJRJSU-VIFPVBQESA-N
Phe_2F	2-fluoro-L-phenylalanine	Phe(2-F)	(2S)-2-amino-3-(2-fluorophenyl)propanoic acid	Backbone	alpha	Phe	183.18199999999996	0.7801000000000002	63.32000000000001	16.3	TRUE	N[C@@H](Cc1(ccccc1F))C(=O)O	NYCRCTMDYITATC-QMMMGPOBSA-N
Phe_3F	3-fluoro-L-phenylalanine	Phe(3-F)	(2S)-2-amino-3-(3-fluorophenyl)propanoic acid	Backbone	alpha	Phe	183.182	0.7801000000000002	63.32000000000001	20.3	TRUE	N[C@@H](Cc1(cccc(F)c1))C(=O)O	VWHRYODZTDMVSS-QMMMGPOBSA-N
Cys_Me	S-methyl-L-cysteine	Cys(Me)	(2R)-2-amino-3-(methylsulfanyl)propanoic acid	Backbone	alpha	Cys	135.188	-0.2387000000000002	63.32000000000001	43.6	TRUE	N[C@@H](CSC)C(=O)O	IDIDJDIHTAOVLG-VKHMYHEASA-N
D-Phe_2CF3	2-(trifluoromethyl)-D-phenylalanine	D-Phe(2-CF3)	(2R)-2-amino-3-(2-(trifluoromethyl)phenyl)propanoic acid	Backbone	alpha	Phe	233.18899999999994	1.6598000000000002	63.32000000000001	12.6	TRUE	N[C@H](Cc1(ccccc1C(F)(F)F))C(=O)O	IOABLDGLYOGEHY-MRVPVSSYSA-N
D-Phe_4F	4-fluoro-D-phenylalanine	D-Phe(4-F)	(2R)-2-amino-3-(4-fluorophenyl)propanoic acid	Backbone	alpha	Phe	183.182	0.7801	63.32000000000001	21.8	TRUE	N[C@H](Cc1(ccc(F)cc1))C(=O)O	XWHHYOYVRVGJJY-MRVPVSSYSA-N
D-Phe_24diCl	2,4-dichloro-D-phenylalanine	D-Phe(2,4-diCl)	(2R)-2-amino-3-(2,4-dichlorophenyl)propanoic acid	Backbone	alpha	Phe	234.082	1.9478000000000002	63.32000000000001	10.9	TRUE	N[C@H](Cc1(ccc(Cl)cc1Cl))C(=O)O	GWHQTNKPTXDNRM-MRVPVSSYSA-N
D-Phe_3F	3-fluoro-D-phenylalanine	D-Phe(3-F)	(2R)-2-amino-3-(3-fluorophenyl)propanoic acid	Backbone	alpha	Phe	183.182	0.7801000000000002	63.32000000000001	13.3	TRUE	N[C@H](Cc1(cccc(F)c1))C(=O)O	VWHRYODZTDMVSS-MRVPVSSYSA-N
D-Phe_4CF3	4-(trifluoromethyl)-D-phenylalanine	D-Phe(4-CF3)	(2R)-2-amino-3-(4-(trifluoromethyl)phenyl)propanoic acid	Backbone	alpha	Phe	233.18899999999994	1.6598000000000002	63.32000000000001	17.4	TRUE	N[C@H](Cc1(ccc(cc1)C(F)(F)F))C(=O)O	CRFFPDBJLGAGQL-MRVPVSSYSA-N
D-Phe_34_5triF	3,4,5-trifluoro-D-phenylalanine	D-Phe(3,4,5-triF)	(2R)-2-amino-3-(3,4,5-trifluorophenyl)propanoic acid	Backbone	alpha	Phe	219.16199999999998	1.0583000000000002	63.32000000000001	11.6	TRUE	N[C@H](Cc1(cc(F)c(F)c(F)c1))C(=O)O	SFKCVRLOYOHGFK-SSDOTTSWSA-N
NMe-indolGly	N-(1H-indol-3-ylmethyl)-glycine	N(Me-indol)Gly	2-(((1H-indol-3-yl)methyl)amino)acetic acid	Backbone	alpha	Gly	204.22899999999996	1.3421	65.12	13.2	TRUE	N(Cc1(c[nH]c2(ccccc12)))CC(=O)O	WIRBGPCBAWTAJW-UHFFFAOYSA-N
NEt-indolGly	N-[2-(1H-indol-3-yl)ethyl]glycine	N(Et-indol)Gly	2-((2-(1H-indol-3-yl)ethyl)amino)acetic acid	Backbone	alpha	Gly	218.25599999999997	1.3846000000000003	65.12	18	TRUE	N(CCc1(c[nH]c2(ccccc12)))CC(=O)O	DPSHLVRITCJXMK-UHFFFAOYSA-N
NBu-G	N-butylglycine	Bu-Gly	2-(butylamino)acetic acid	Backbone	alpha	Gly	131.175	0.46069999999999983	49.33	25.6	TRUE	N(CCCC)CC(=O)O	RRWZZMHRVSMLCT-UHFFFAOYSA-N
Dab_Ac	(2S)-4-acetamido-2-aminobutanoic acid	Dab(Ac)	(2S)-2-amino-4-methylcarbonylaminobutanoic acid	Backbone	alpha	X	160.17299999999997	-1.0755	92.42	11.1	TRUE	N[C@@H](CCNC(=O)C)C(=O)O	YLZRFVZUZIJABA-YFKPBYRVSA-N
D-Phe_2Cl	2-chloro-D-phenylalanine	D-Phe(2-Cl)	(2R)-2-amino-3-(2-chlorophenyl)propanoic acid	Backbone	alpha	Phe	199.63699999999994	1.2944000000000002	63.32000000000001	17.7	TRUE	N[C@H](Cc1(ccccc1Cl))C(=O)O	CVZZNRXMDCOHBG-MRVPVSSYSA-N
D-Phe_2F	2-fluoro-D-phenylalanine	D-Phe(2-F)	(2R)-2-amino-3-(2-fluorophenyl)propanoic acid	Backbone	alpha	Phe	183.18199999999996	0.7801000000000002	63.32000000000001	18.4	TRUE	N[C@H](Cc1(ccccc1F))C(=O)O	NYCRCTMDYITATC-MRVPVSSYSA-N
D-Tic	D-1,2,3,4-tetrahydroisoquinoline-3-carboxylic acid	D-Tic	(4R)-3-azabicyclo[4.4.0]deca-1(10),6,8-triene-4-carboxylic acid	Backbone	alpha	Pro	177.20299999999995	0.7855000000000001	49.33	20.9	TRUE	N2[C@H](Cc1(ccccc1C2))C(=O)O	BWKMGYQJPOAASG-SECBINFHSA-N
Tyr_3I	3-iodo-L-tyrosine	Tyr(3-I)	(2S)-2-amino-3-(4-hydroxy-3-iodophenyl)propanoic acid	Backbone	alpha	Tyr	307.087	0.9512	83.55	36.6	TRUE	N[C@@H](Cc1(ccc(O)c(I)c1))C(=O)O	UQTZMGFTRHFAAM-ZETCQYMHSA-N
Thr_Bn	O3-benzyl-L-threonine	Thr(Bn)	(2S,3R)-2-amino-3-benzyloxybutanoic acid	Backbone	alpha	Thr	209.24499999999998	1.0035999999999996	72.55	21	TRUE	N[C@@H]([C@H](OCc1(ccccc1))C)C(=O)O	ONOURAAVVKGJNM-SCZZXKLOSA-N
D-Phe_24diMe	2,4-dimethyl-D-phenylalanine	D-Phe(2,4-diMe)	(2R)-2-amino-3-(2,4-dimethylphenyl)propanoic acid	Backbone	alpha	Phe	193.24599999999995	1.25784	63.32000000000001	11.7	TRUE	N[C@H](Cc1(ccc(C)cc1C))C(=O)O	ZEWXVRJSLTXWON-SNVBAGLBSA-N
Orn_acetyl	N5-acetyl-L-ornithine	Orn(Ac)	(2S)-2-amino-5-methylcarbonylaminopentanoic acid	Backbone	alpha	Lys	174.2	-0.6854000000000002	92.42	17.6	TRUE	N[C@@H](CCCNC(=O)C)C(=O)O	SRXKAYJJGAAOBP-LURJTMIESA-N
D-aMePhe	alpha-methyl-D-phenylalanine	D-aMePhe	(2R)-2-amino-2-benzylpropanoic acid	Backbone	alpha	Phe	179.21899999999997	1.0311	63.32000000000001	17.9	TRUE	N[C@](C)(Cc1(ccccc1))C(=O)O	HYOWVAAEQCNGLE-SNVBAGLBSA-N
Ser_Bn	O-benzyl-L-serine	Ser(Bn)	(2S)-2-amino-3-benzyloxypropanoic acid	Backbone	alpha	Ser	195.218	0.6151	72.55	21.4	TRUE	N[C@@H](COCc1(ccccc1))C(=O)O	IDGQXGPQOGUGIX-VIFPVBQESA-N
Phe_2NO2	2-Nitro-L-Phenylalanine	Phe(2-NO2)	(2S)-2-amino-3-(2-nitrophenyl)propanoic acid	Backbone	alpha	Phe	210.18899999999994	0.5492000000000001	106.46	6.7	TRUE	N[C@@H](Cc1(ccccc1[N+](=O)[O-]))C(=O)O	SDZGVFSSLGTJAJ-ZETCQYMHSA-N
D-Phe_2NO2	2-Nitro-D-Phenylalanine	D-Phe(2-NO2)	(2R)-2-amino-3-(2-nitrophenyl)propanoic acid	Backbone	alpha	Phe	210.18899999999994	0.5492000000000001	106.46	7.5	TRUE	N[C@H](Cc1(ccccc1[N+](=O)[O-]))C(=O)O	SDZGVFSSLGTJAJ-SSDOTTSWSA-N
Phe_3NO2	3-Nitro-L-Phenylalanine	Phe(3-NO2)	(2S)-2-amino-3-(3-nitrophenyl)propanoic acid	Backbone	alpha	Phe	210.18899999999994	0.5492000000000001	106.46	7.8	TRUE	N[C@@H](Cc1(cccc(c1)[N+](=O)[O-]))C(=O)O	YTHDRUZHNYKZGF-QMMMGPOBSA-N
D-Phe_3NO2	3-Nitro-D-Phenylalanine	D-Phe(3-NO2)	(2R)-2-amino-3-(3-nitrophenyl)propanoic acid	Backbone	alpha	Phe	210.18899999999994	0.5492000000000001	106.46	8.8	TRUE	N[C@H](Cc1(cccc(c1)[N+](=O)[O-]))C(=O)O	YTHDRUZHNYKZGF-MRVPVSSYSA-N
Trp_bRMe	(betaR)-beta-Methyl-L-tryptophan	Trp(bR-Me)	(2S,3R)-2-amino-3-(1H-indol-3-yl)butanoic acid	Backbone	alpha	Trp	218.256	1.6833	79.11	9.2	TRUE	N[C@@H]([C@H](C)c1(c[nH]c2(ccccc12)))C(=O)O	CZSQAYAIWDEOSA-HQJQHLMTSA-N
Trp_bSMe	(betaS)-beta-Methyl-L-tryptophan	Trp(bS-Me)	(2S,3S)-2-amino-3-(1H-indol-3-yl)butanoic acid	Backbone	alpha	Trp	218.256	1.6833	79.11	11.6	TRUE	N[C@@H]([C@@H](C)c1(c[nH]c2(ccccc12)))C(=O)O	CZSQAYAIWDEOSA-CPCISQLKSA-N
D-Phe_3OMe	3-Methoxy-D-Phenylalanine	D-Phe(3-OMe)	(2R)-2-amino-3-(3-methoxyphenyl)propanoic acid	Backbone	alpha	Tyr	195.21799999999996	0.6496	72.55	8.6	TRUE	N[C@H](Cc1(cccc(OC)c1))C(=O)O	XTXGLOBWOMUGQB-SECBINFHSA-N
NiBu-G	N-isobutylglycine	iBu-Gly	2-((2-methylpropyl)amino)acetic acid	Backbone	alpha	Gly	131.175	0.31659999999999994	49.33	31.8	TRUE	N(CC(C)C)CC(=O)O	VKZGJEWGVNFKPE-UHFFFAOYSA-N
Phe_3NH2	3-Amino-L-Phenylalanine	Phe(3-NH2)	(2S)-2-amino-3-(3-aminophenyl)propanoic acid	Backbone	alpha	Phe	180.207	0.22320000000000012	89.34	11	TRUE	N[C@@H](Cc1(cccc(N)c1))C(=O)O	DDLYNVBJVVOUGB-QMMMGPOBSA-N
Phe_2NH2	2-Amino-L-Phenylalanine	Phe(2-NH2)	(2S)-2-amino-3-(2-aminophenyl)propanoic acid	Backbone	alpha	Phe	180.20699999999994	0.22320000000000012	89.34	7.8	TRUE	N[C@@H](Cc1(ccccc1N))C(=O)O	DJZAVKNBQZFEAL-QMMMGPOBSA-N
S-Nip	(S)-Nipecotic acid	(S)-Nip	(3S)-piperidine-3-carboxylic acid	Backbone	beta	Pro	129.15900000000002	0.07059999999999994	49.33	15.1	TRUE	N1C[C@H](CCC1)C(=O)O	XJLSEXAGTJCILF-YFKPBYRVSA-N
D-hPip	(R)-2-(Piperidin-2-yl)acetic acid	D-hPip	2-((2R)-piperidin-2-yl)acetic acid	Backbone	beta	Pro	143.186	0.6032	49.33	10.8	TRUE	N1[C@H](CCCC1)CC(=O)O	PRNLNZMJMCUWNV-ZCFIWIBFSA-N
hPip	(S)-2-(Piperidin-2-yl)acetic acid	hPip	2-((2S)-piperidin-2-yl)acetic acid	Backbone	beta	Pro	143.186	0.6032	49.33	10.8	TRUE	N1[C@@H](CCCC1)CC(=O)O	PRNLNZMJMCUWNV-LURJTMIESA-N
Phe_3OMe	3-Methoxy-L-Phenylalanine	Phe(3-OMe)	(2S)-2-amino-3-(3-methoxyphenyl)propanoic acid	Backbone	alpha	Tyr	195.21799999999996	0.6496	72.55	13.9	TRUE	N[C@@H](Cc1(cccc(OC)c1))C(=O)O	XTXGLOBWOMUGQB-VIFPVBQESA-N
Phe_24diNO2	2,4-Dinitro-L-phenylalanine	Phe(2,4-diNO2)	(2S)-2-amino-3-(2,4-dinitrophenyl)propanoic acid	Backbone	alpha	Phe	255.18599999999995	0.45739999999999975	149.6	4.2	TRUE	N[C@@H](Cc1(ccc(cc1[N+](=O)[O-])[N+](=O)[O-]))C(=O)O	LLVUHQYJZJUDAM-ZETCQYMHSA-N
Phe_4CH2PO3H2	4-Phosphonomethyl-L-Phenylalanine	Phe(4-CH2PO3H2)	(2S)-2-amino-3-(4-(dihydroxyphosphorylmethyl)phenyl)propanoic acid	Backbone	alpha	Phe	259.1979999999999	0.31870000000000004	120.85000000000001	22.6	TRUE	N[C@@H](Cc1(ccc(cc1)CP(=O)(O)O))C(=O)O	SAQLLHDEEMZENJ-VIFPVBQESA-N
Phe_4CH2POOEt2	4-Diethylphosphonomethyl-L-Phenylalanine	Phe(4-CH2PO(OEt)2)	(2S)-2-amino-3-(4-((diethoxyphosphoryl)methyl)phenyl)propanoic acid	Backbone	alpha	Phe	315.306	2.4071	98.85000000000001	8	TRUE	N[C@@H](Cc1(ccc(cc1)CP(=O)(OCC)OCC))C(=O)O	POFDMXZNNZZJLR-ZDUSSCGKSA-N
3-oxa-Ac4c	3-Aminooxetane-3-carboxylic acid	3-oxa-Ac4c	3-amino-1-oxacyclobutane-3-carboxylic acid	Backbone	alpha	Ser	117.10399999999998	-1.2012999999999998	72.55	8.1	TRUE	NC1(COC1)C(=O)O	LXRNYRAHXDUNKR-UHFFFAOYSA-N
4-oxa-Ac6c	4-aminooxane-4-carboxylic acid	4-oxa-Ac6c	4-aminooxane-4-carboxylic acid	Backbone	alpha	Ser	145.15800000000002	-0.42110000000000053	72.55	10.7	TRUE	NC1(CCOCC1)C(=O)O	DPDPQQHHTHKSRN-UHFFFAOYSA-N
D-aMeAsp	alpha-methyl-D-aspartic acid	D-aMeAsp	(2R)-2-amino-2-methylbutanedioic acid	Backbone	alpha	Asp	147.13	-0.7368999999999997	100.62000000000002	8.1	TRUE	N[C@](C)(CC(=O)O)C(=O)O	CWAYDJFPMMUKOI-RXMQYKEDSA-N
aMeAsp	alpha-methyl-L-aspartic acid	aMeAsp	(2S)-2-amino-2-methylbutanedioic acid	Backbone	alpha	Asp	147.13	-0.7368999999999997	100.62000000000002	9.5	TRUE	N[C@@](C)(CC(=O)O)C(=O)O	CWAYDJFPMMUKOI-YFKPBYRVSA-N
aMeGlu	alpha-methyl-L-glutamic acid	aMeGlu	(2S)-2-amino-2-methylpentanedioic acid	Backbone	alpha	Glu	161.15699999999998	-0.3468000000000003	100.62000000000002	19.2	TRUE	N[C@@](C)(CCC(=O)O)C(=O)O	QHSCIWIRXWFIGH-LURJTMIESA-N
D-aMeSer	alpha-methyl-D-serine	D-aMeSer	(2R)-2-amino-2-(hydroxymethyl)propanoic acid	Backbone	alpha	Ser	119.11999999999998	-1.2192999999999998	83.55	12.2	TRUE	N[C@](C)(CO)C(=O)O	CDUUKBXTEOFITR-SCSAIBSYSA-N
aMeSer	alpha-methyl-L-serine	aMeSer	(2S)-2-amino-2-(hydroxymethyl)propanoic acid	Backbone	alpha	Ser	119.11999999999998	-1.2192999999999998	83.55	19.9	TRUE	N[C@@](C)(CO)C(=O)O	CDUUKBXTEOFITR-BYPYZUCNSA-N
D-Ala_CF3	3-(trifluoromethyl)-D-alanine	D-Ala(CF3)	(2R)-2-amino-4,4,4-trifluorobutanoic acid	Backbone	alpha	X	157.091	0.3506999999999998	63.32000000000001	6.6	TRUE	N[C@H](CC(F)(F)F)C(=O)O	AQPCXCOPDSEKQT-UWTATZPHSA-N
4Abz	4-Aminobenzoic acid	4Abz	4-aminobenzene-1-carboxylic acid	Backbone	unknown	X	137.138	0.9670000000000001	63.32000000000001	14.2	FALSE	Nc1ccc(cc1)C(=O)O	ALYNCZNDIQEVRV-UHFFFAOYSA-N
Gaba_3OH	4-Amino-3-hydroxybutanoic acid	Gaba(3-OH)	4-amino-3-hydroxybutanoic acid	Backbone	gamma	X	119.11999999999999	-1.2192999999999998	83.55	15	TRUE	NCC(O)CC(=O)O	YQGDEPYYFWUPGO-UHFFFAOYSA-N
Phe_3I	3-Iodo-L-Phenylalanine	Phe(3-I)	(2S)-2-amino-3-(3-iodophenyl)propanoic acid	Backbone	alpha	Phe	291.088	1.2456000000000003	63.32000000000001	13.1	TRUE	N[C@@H](Cc1(cccc(I)c1))C(=O)O	BABTYIKKTLTNRX-QMMMGPOBSA-N
D-Iva	D-Isovaline	D-Iva	(2R)-2-amino-2-methylbutanoic acid	Backbone	alpha	Val	117.14799999999998	0.19839999999999985	63.32000000000001	31.9	TRUE	N[C@](C)(CC)C(=O)O	GCHPUFAZSONQIV-RXMQYKEDSA-N
Iva	Isovaline	Iva	(2S)-2-amino-2-methylbutanoic acid	Backbone	alpha	Val	117.14799999999998	0.19839999999999985	63.32000000000001	29.5	TRUE	N[C@@](C)(CC)C(=O)O	GCHPUFAZSONQIV-YFKPBYRVSA-N
Deg	Diethyl-Glycine	Deg	2-amino-2-ethylbutanoic acid	Backbone	alpha	Leu	131.175	0.5884999999999998	63.32000000000001	25.6	TRUE	NC(CC)(CC)C(=O)O	KWOMLHIFHFWBSB-UHFFFAOYSA-N
D-Asp_OMe	D-aspartic-acid-beta-methyl ester	D-Asp(OMe)	(2R)-2-amino-3-(methoxycarbonyl)propanoic acid	Backbone	alpha	Asp	147.13	-1.0386000000000002	89.62000000000002	10.4	TRUE	N[C@H](CC(=O)OC)C(=O)O	SBRYFUVVWOMLLP-GSVOUGTGSA-N
Ac6c_52F	1-Amino-4,4-difluorocyclohexane-1-carboxylic acid	Ac6c(5-2F)	1-amino-4,4-difluorocyclohexanecarboxylic acid	Backbone	alpha	X	179.166	0.9778	63.32000000000001	6.7	TRUE	NC1(CCC(F)(F)CC1)C(=O)O	QKHFDEBCLOAUQX-UHFFFAOYSA-N
aMePhe_4Br	4-Bromo-alpha-methyl-L-phenylalanine	aMePhe(4-Br)	(2S)-2-amino-2-((4-bromophenyl)methyl)propanoic acid	Backbone	alpha	Phe	258.11499999999995	1.7935999999999999	63.32000000000001	5.1	TRUE	N[C@@](C)(Cc1(ccc(Br)cc1))C(=O)O	PEGRPUVDOKWERK-JTQLQIEISA-N
Ac4c_33F	1-amino-3,3-difluorocyclobutane-1-carboxylic acid	Ac4c(3,3-F)	1-amino-3,3-difluorocyclobutanecarboxylic acid	Backbone	alpha	X	151.11200000000002	0.19759999999999994	63.32000000000001	8.1	TRUE	NC1(CC(F)(F)C1)C(=O)O	KSCVQJSNYDFHOT-UHFFFAOYSA-N
Gly_diMe	3-aminoazetidine-3-carboxylic acid	Gly(diMe)	3-aminoazetidine-3-carboxylic acid	Backbone	alpha	X	116.11999999999999	-1.6282999999999996	75.35	7.8	TRUE	NC1(CNC1)C(=O)O	DFSBPJSOVRGSTO-UHFFFAOYSA-N
aMeVal	alpha-methyl-L-valine	aMeVal	(2S)-2-amino-2,3-dimethylbutanoic acid	Backbone	alpha	Val	131.175	0.44439999999999985	63.32000000000001	19.5	TRUE	N[C@@](C)(C(C)C)C(=O)O	GPYTYOMSQHBYTK-LURJTMIESA-N
D-aMeVal	alpha-methyl-D-valine	D-aMeVal	(2R)-2-amino-2,3-dimethylbutanoic acid	Backbone	alpha	Val	131.175	0.44439999999999985	63.32000000000001	11.1	TRUE	N[C@](C)(C(C)C)C(=O)O	GPYTYOMSQHBYTK-ZCFIWIBFSA-N
D-Phe_4Br	4-bromo-D-phenylalanine	D-Phe(4-Br)	(2R)-2-amino-3-(4-bromophenyl)propanoic acid	Backbone	alpha	Phe	244.08799999999997	1.4035000000000002	63.32000000000001	16.7	TRUE	N[C@H](Cc1(ccc(Br)cc1))C(=O)O	PEMUHKUIQHFMTH-MRVPVSSYSA-N
NMe-Gaba	4-(methylamino)butanoic acid	Me-Gaba	4-(methylamino)butanoic acid	Backbone	gamma	Gly	117.14799999999998	0.07059999999999994	49.33	18.8	TRUE	N(C)CCCC(=O)O	AOKCDAVWJLOAHG-UHFFFAOYSA-N
D-aindol-2-ylGaba	(4R)-4-amino-5-(1H-indol-3-yl)pentanoic acid	D-aindol-2-ylGaba	(4R)-4-amino-5-(1H-indol-3-yl)pentanoic acid	Backbone	gamma	Trp	232.28299999999996	1.9025000000000003	79.11	8.5	TRUE	N[C@@H](Cc2(c[nH]c1(ccccc12)))CCC(=O)O	QJKGTQZAVYBRGG-SNVBAGLBSA-N
D-aBnGaba	(4R)-4-amino-5-phenylpentanoic acid	D-aBnGaba	(4R)-4-amino-5-phenylpentanoic acid	Backbone	gamma	Phe	193.24599999999992	1.4212	63.32000000000001	9.4	TRUE	N[C@@H](Cc1(ccccc1))CCC(=O)O	URBAOHLJWLYLQE-SNVBAGLBSA-N
3Abz	3-aminobenzoic acid	3Abz	3-aminobenzene-1-carboxylic acid	Backbone	unknown	X	137.13799999999998	0.9670000000000001	63.32000000000001	14.2	FALSE	Nc1cc(ccc1)C(=O)O	XFDUHJPVQKIXHO-UHFFFAOYSA-N
4R-amino-cyclopent-2-ene-1S-CO2H	(1S,4R)-4-aminocyclopent-2-ene-1-carboxylic acid	4R-amino-cyclopent-2-ene-1S-CO2H	(1S,4R)-4-aminocyclopent-2-ene-1-carboxylic acid	Backbone	gamma	Ala	127.14299999999997	-0.025600000000000345	63.32000000000001	6.7	TRUE	N[C@@H]1C[C@@H](C=C1)C(=O)O	VTCHZFWYUPZZKL-UHNVWZDZSA-N
4S-amino-cyclopent-2-ene-1R-CO2H	(1R,4S)-4-aminocyclopent-2-ene-1-carboxylic acid	4S-amino-cyclopent-2-ene-1R-CO2H	(1R,4S)-4-aminocyclopent-2-ene-1-carboxylic acid	Backbone	gamma	Ala	127.14299999999997	-0.025600000000000345	63.32000000000001	6.9	TRUE	N[C@H]1C[C@H](C=C1)C(=O)O	VTCHZFWYUPZZKL-CRCLSJGQSA-N
azetidin-3-ylAc	2-(azetidin-3-yl)acetic acid	azetidin-3-ylAc	2-(azetidin-3-yl)acetic acid	Backbone	gamma	Ala	115.13199999999999	-0.31949999999999995	49.33	10.8	TRUE	N1CC(C1)CC(=O)O	SCBDSTCOJNNUCN-UHFFFAOYSA-N
3S-amino-cyclopentane-1R-CO2H	(1R,3S)-3-aminocyclopentane-1-carboxylic acid	3S-amino-cyclopentane-1R-CO2H	(1R,3S)-3-aminocyclopentanecarboxylic acid	Backbone	gamma	Ala	129.15900000000002	0.19839999999999985	63.32000000000001	11.1	TRUE	N[C@@H]1C[C@@H](CC1)C(=O)O	MLLSSTJTARJLHK-UHNVWZDZSA-N
Inp	Isonipecotic acid	Inp	piperidine-4-carboxylic acid	Backbone	gamma	Pro	129.15900000000002	0.07059999999999994	49.33	18.2	TRUE	N1CCC(CC1)C(=O)O	SRJOCJYGOFTFLH-UHFFFAOYSA-N
Gaba_22diMe	4-amino-2,2-dimethylbutanoic acid	Gaba(2,2-diMe)	4-amino-2,2-dimethylbutanoic acid	Backbone	gamma	Ala	131.17499999999998	0.4460000000000001	63.32000000000001	16.8	TRUE	NCCC(C)(C)C(=O)O	SBEOMMHBZTWQLR-UHFFFAOYSA-N
aMeaMeGaba	4-amino-4-methylpentanoic acid	aMeaMeGaba	4-amino-4-methylpentanoic acid	Backbone	gamma	Ala	131.175	0.5884999999999998	63.32000000000001	13.8	TRUE	NC(C)(C)CCC(=O)O	FZNOWMWZNCOYIJ-UHFFFAOYSA-N
3S-amino-cyclohexane-1R-CO2H	(1R,3S)-3-aminocyclohexane-1-carboxylic acid	3S-amino-cyclohexane-1R-CO2H	(1R,3S)-3-aminocyclohexanecarboxylic acid	Backbone	gamma	Val	143.186	0.5884999999999998	63.32000000000001	8.9	TRUE	N[C@@H]1C[C@@H](CCC1)C(=O)O	CKTUXQBZPWBFDX-RITPCOANSA-N
piperidin-3R-ylAc	2-[(3R)-piperidin-3-yl]acetic acid	piperidin-3R-ylAc	2-((3R)-piperidin-3-yl)acetic acid	Backbone	gamma	Pro	143.186	0.46069999999999983	49.33	10.1	TRUE	N1C[C@H](CCC1)CC(=O)O	WKXRHAACRPUBIC-ZCFIWIBFSA-N
Ala_tetrahydropyran4yl	(2S)-2-amino-3-(oxan-4-yl)propanoic acid	Ala(tetrahydropyran-4-yl)	(2S)-2-amino-3-(oxan-4-yl)propanoic acid	Backbone	alpha	X	173.212	0.2149999999999998	72.55	7.5	TRUE	N[C@@H](CC1(CCOCC1))C(=O)O	JSHHRIISICNOLM-ZETCQYMHSA-N
Ala_4piperidyl	3-(4-Piperidinyl)-L-alanine	Ala(4-piperidyl)	(2S)-2-amino-3-(piperidin-4-yl)propanoic acid	Backbone	alpha	Lys	172.228	-0.21200000000000047	75.35	10.2	TRUE	N[C@@H](CC1(CCNCC1))C(=O)O	VVDNQYDGDFYGMM-ZETCQYMHSA-N
Ala_piperazin1yl	3-piperazino-L-alanine	Ala(piperazin-1-yl)	(2S)-2-amino-3-(piperazin-1-yl)propanoic acid	Backbone	alpha	X	173.21599999999998	-1.696499999999998	78.59	6.2	TRUE	N[C@@H](CN1(CCNCC1))C(=O)O	GCKHCMMDWJZKBQ-LURJTMIESA-N
NMe-bAla	N-methyl-beta-Alanine	Me-bAla	3-(methylamino)propanoic acid	Backbone	beta	Gly	103.12099999999998	-0.31949999999999995	49.33	18.9	TRUE	N(C)CCC(=O)O	VDIPNVCWMXZNFY-UHFFFAOYSA-N
aMeOrn	alpha-Methyl-L-Ornithine	aMeOrn	(2S)-2,5-diamino-2-methylpentanoic acid	Backbone	alpha	Lys	146.19000000000003	-0.4727000000000004	89.34	9.9	TRUE	N[C@@](C)(CCCN)C(=O)O	LNDPCYHWPSQBCA-LURJTMIESA-N
D-aMeOrn	alpha-Methyl-D-Ornithine	D-aMeOrn	(2R)-2,5-diamino-2-methylpentanoic acid	Backbone	alpha	Lys	146.19000000000003	-0.4727000000000004	89.34	11	TRUE	N[C@](C)(CCCN)C(=O)O	LNDPCYHWPSQBCA-ZCFIWIBFSA-N
NPh-G	N-Phenylglycine	N-Ph-Gly	2-(phenylamino)acetic acid	Backbone	alpha	Gly	151.165	1.1830999999999998	49.33	22.2	TRUE	N(c1(ccccc1))CC(=O)O	NPKSPKHJBVJUKB-UHFFFAOYSA-N
D-Ser_Bn	O-Benzyl-D-serine	D-Ser(Bn)	(2R)-2-amino-3-benzyloxypropanoic acid	Backbone	alpha	Ser	195.218	0.6151	72.55	17.1	TRUE	N[C@H](COCc1(ccccc1))C(=O)O	IDGQXGPQOGUGIX-SECBINFHSA-N
Pro_55diMe	5,5-Dimethyl-l-proline	Pro(5,5-diMe)	(2S)-5,5-dimethylpyrrolidine-2-carboxylic acid	Backbone	alpha	Pro	143.186	0.6015999999999997	49.33	7.5	TRUE	N1[C@@H](CCC1(C)C)C(=O)O	DEMIRSVUSWJCFT-YFKPBYRVSA-N
D-Nva_vinyl	(2R)-2-amino-6-Heptenoic acid	D-Nva(vinyl)	(2R)-2-aminohept-6-enoic acid	Backbone	alpha	Leu	143.186	0.7545999999999999	63.32000000000001	11.6	TRUE	N[C@H](CCCC=C)C(=O)O	OOOVDVSHGOKTNT-ZCFIWIBFSA-N
Nle_vinyl	(S)-2-aminooct-7-enoic acid	Nle(vinyl)	(2S)-2-aminooct-7-enoic acid	Backbone	alpha	Leu	157.213	1.1446999999999998	63.32000000000001	15.1	TRUE	N[C@@H](CCCCC=C)C(=O)O	VXVRWMRIUKRFMP-ZETCQYMHSA-N
D-Nle_allyl	(R)-2-aminonon-8-enoic acid	D-Nle(allyl)	(2R)-2-aminonon-8-enoic acid	Backbone	alpha	X	171.24	1.5348	63.32000000000001	14.6	TRUE	N[C@H](CCCCCC=C)C(=O)O	LKMSSWRWDBZUFC-MRVPVSSYSA-N
Nle_but3enyl	(2S)-2-Amino-9-decenoic acid	Nle(but-3-enyl)	(2S)-2-aminodec-9-enoic acid	Backbone	alpha	X	185.267	1.9248999999999998	63.32000000000001	11.5	TRUE	N[C@@H](CCCCCCC=C)C(=O)O	XDHWDJVNBSJHRY-VIFPVBQESA-N
Nle_Bu	(S)-2-Aminodecanoic acid	Nle(Bu)	(2S)-2-aminodecanoic acid	Backbone	alpha	X	187.28300000000002	2.1489	63.32000000000001	19.3	TRUE	N[C@@H](CCCCCCCC)C(=O)O	JINGUCXQUOKWKH-VIFPVBQESA-N
Phe_bRMe	(2S,3R)-2-amino-3-phenylbutanoic acid	Phe(bR-Me)	(2S,3R)-2-amino-3-phenylbutanoic acid	Backbone	alpha	Phe	179.21899999999997	1.202	63.32000000000001	16.4	TRUE	N[C@@H]([C@H](C)c1(ccccc1))C(=O)O	IRZQDMYEJPNDEN-APPZFPTMSA-N
D-Thz	(S)-Thiazolidine-4-carboxylic acid	D-Thz	(4S)-thiazolidine-4-carboxylic acid	Backbone	alpha	Pro	133.172	-0.2665	49.33	23.2	TRUE	N1[C@H](CSC1)C(=O)O	DZLNHFMRPBPULJ-GSVOUGTGSA-N
hCit	L-Homocitrulline	hCit	(2S)-2-amino-6-(carbamoylamino)hexanoic acid	Backbone	alpha	Arg	189.215	-0.7630999999999994	118.44000000000001	16.6	TRUE	N[C@@H](CCCCNC(=O)N)C(=O)O	XIGSAGMEBXLVJJ-YFKPBYRVSA-N
aMeGly_allyl	(S)-2-Amino-2-methylpent-4-enoic acid	aMeGly(allyl)	(2S)-2-amino-2-methylpent-4-enoic acid	Backbone	alpha	Leu	129.159	0.3645	63.32000000000001	11	TRUE	N[C@@](C)(CC=C)C(=O)O	QMBTZYHBJFPEJB-LURJTMIESA-N
Asp_OMe	4-Methyl hydrogen L-aspartate	Asp(OMe)	(2S)-2-amino-3-(methoxycarbonyl)propanoic acid	Backbone	alpha	Asp	147.13	-1.0386000000000002	89.62000000000002	21.6	TRUE	N[C@@H](CC(=O)OC)C(=O)O	SBRYFUVVWOMLLP-VKHMYHEASA-N
D-Ala_tBu	(R)-2-Amino-4,4-dimethylpentanoic acid	D-Ala(tBu)	(2R)-2-amino-4,4-dimethylpentanoic acid	Backbone	alpha	Leu	145.202	0.8344999999999998	63.32000000000001	17.1	TRUE	N[C@H](CC(C)(C)C)C(=O)O	LPBSHGLDBQBSPI-RXMQYKEDSA-N
D-Cys_O3H	D-Cysteic acid	D-Cys(O3H)	(2S)-2-amino-3-sulfopropanoic acid	Backbone	alpha	X	169.158	-1.7138999999999998	117.69000000000001	12	TRUE	N[C@H](CS(=O)(=O)O)C(=O)O	XVOYSCVBGLVSOL-UWTATZPHSA-N
D-Nva_Ph	(R)-2-Amino-5-phenylpentanoic acid	D-Nva(Ph)	(2R)-2-amino-5-phenylpentanoic acid	Backbone	alpha	X	193.24599999999998	1.4212	63.32000000000001	12.9	TRUE	N[C@H](CCCc1(ccccc1))C(=O)O	XOQZTHUXZWQXOK-SNVBAGLBSA-N
aHyp_Bn	(4S)-4-(Benzyloxy)-L-proline	aHyp(Bn)	(2S,4S)-4-benzyloxypyrrolidine-2-carboxylic acid	Backbone	alpha	Pro	221.256	1.0182999999999998	58.56	9.3	TRUE	N2[C@@H](C[C@H](OCc1(ccccc1))C2)C(=O)O	RJFJRYVMVNICCP-QWRGUYRKSA-N
D-Gly_cPent	(R)-2-Amino-2-cyclopentylacetic acid	D-Gly(cPent)	(2R)-2-amino-2-cyclopentylacetic acid	Backbone	alpha	X	143.186	0.5884999999999998	63.32000000000001	17.7	TRUE	N[C@H](C1(CCCC1))C(=O)O	XBPKRVHTESHFAA-ZCFIWIBFSA-N
Ala_CHF2	(2S)-2-amino-4,4-difluorobutanoic acid	Ala(CHF2)	(2S)-2-amino-4,4-difluorobutanoic acid	Backbone	alpha	X	139.101	0.0534999999999996	63.32000000000001	18.4	TRUE	N[C@@H](CC(F)F)C(=O)O	VIUCNIMDPZQXAD-REOHCLBHSA-N
Nallyl-A	N-(2-propenyl)alanine	allyl-Ala	(2S)-2-((prop-2-en-1-yl)amino)propanoic acid	Backbone	alpha	Ala	129.159	0.2350999999999998	49.33	16.5	TRUE	N(CC=C)[C@@H](C)C(=O)O	ASVUOKGTAIPUBY-YFKPBYRVSA-N
Nva_CF3	(S)-2-Amino-6,6,6-trifluorohexanoic acid	Nva(CF3)	(2S)-2-amino-6,6,6-trifluorohexanoic acid	Backbone	alpha	X	185.145	1.1309	63.32000000000001	8.4	TRUE	N[C@@H](CCCC(F)(F)F)C(=O)O	RUEWGWBXZIDRJY-BYPYZUCNSA-N
Cys_SO3H	S-Sulfocysteine	Cys(SO3H)	(2R)-2-amino-3-(sulfosulfanyl)propanoic acid	Backbone	alpha	Cys	201.225	-1.0656999999999999	117.69000000000001	20.2	FALSE	N[C@@H](CSS(=O)(=O)O)C(=O)O	NOKPBJYHPHHWAN-REOHCLBHSA-N
NMe-Cha	(S)-3-Cyclohexyl-2-(methylamino)propanoic acid	Me-Cha	(2S)-3-cyclohexyl-2-(methylamino)propanoic acid	Backbone	alpha	Ala	185.267	1.6294	49.33	24.5	TRUE	N(C)[C@@H](CC1(CCCCC1))C(=O)O	GBMDYACPQYNUGA-VIFPVBQESA-N
Phe_3Ph	(S)-2-Amino-3-biphenyl-3-yl-propionic acid	Phe(3-Ph)	(2S)-2-amino-3-(3-phenylphenyl)propanoic acid	Backbone	alpha	Phe	241.29	2.308	63.32000000000001	12.7	TRUE	N[C@@H](Cc1(cccc(c1)c2(ccccc2)))C(=O)O	XXPHIHDDXCFWMS-AWEZNQCLSA-N
Phe_26diMe	(2S)-2-amino-3-(2,6-dimethylphenyl)propanoic acid	Phe(2,6-diMe)	(2S)-2-amino-3-(2,6-dimethylphenyl)propanoic acid	Backbone	alpha	Phe	193.24599999999995	1.2578400000000003	63.32000000000001	17	TRUE	N[C@@H](Cc1(c(C)cccc1C))C(=O)O	VEQOZHOWFAVBOO-JTQLQIEISA-N
NMe-D-Phg	(R)-2-(Methylamino)-2-phenylacetic acid	Me-D-Phg	(2R)-2-(methylamino)-2-phenylacetic acid	Backbone	alpha	X	165.19199999999995	1.0317	49.33	18.5	TRUE	N(C)[C@H](c1(ccccc1))C(=O)O	HGIPIEYZJPULIQ-MRVPVSSYSA-N
NcPent-G	2-(Cyclopentylamino)acetic acid	N-cPent-Gly	2-(cyclopentylamino)acetic acid	Backbone	alpha	Gly	143.186	0.6032	49.33	15.8	TRUE	N(C1(CCCC1))CC(=O)O	LRHRHAWNXCGABU-UHFFFAOYSA-N
D-Phe_bRMe	(betaR)-beta-Methyl-D-phenylalanine	D-Phe(bR-Me)	(2R,3R)-2-amino-3-phenylbutanoic acid	Backbone	alpha	Phe	179.21899999999997	1.202	63.32000000000001	15.2	TRUE	N[C@H]([C@H](C)c1(ccccc1))C(=O)O	IRZQDMYEJPNDEN-VXNVDRBHSA-N
NMe-Phg	(S)-2-(Methylamino)-2-phenylacetic acid	Me-Phg	(2S)-2-(methylamino)-2-phenylacetic acid	Backbone	alpha	X	165.19199999999995	1.0317	49.33	20.6	TRUE	N(C)[C@@H](c1(ccccc1))C(=O)O	HGIPIEYZJPULIQ-QMMMGPOBSA-N
Tyr_35diNO2	3,5-Dinitro-L-tyrosine	Tyr(3,5-diNO2)	(2S)-2-amino-3-(4-hydroxy-3,5-dinitrophenyl)propanoic acid	Backbone	alpha	Tyr	271.18499999999995	0.1630000000000001	169.82999999999998	9.1	TRUE	N[C@@H](Cc1(cc(c(O)c(c1)[N+](=O)[O-])[N+](=O)[O-]))C(=O)O	SAZOSDSFLRXREA-YFKPBYRVSA-N
Phe_bROH	L-threo-3-Phenylserine	Phe(bR-OH)	(2S,3R)-2-amino-3-hydroxy-3-phenylpropanoic acid	Backbone	alpha	Phe	181.19099999999997	0.13190000000000007	83.55	17.4	TRUE	N[C@@H]([C@H](O)c1(ccccc1))C(=O)O	VHVGNTVUSQUXPS-JGVFFNPUSA-N
2Nal_3SMe	(2S,3S)-2-Amino-3-(2-naphthyl)butyric acid	2Nal(3S-Me)	(2S,3S)-2-amino-3-(naphthalen-2-yl)butanoic acid	Backbone	alpha	Phe	229.279	2.3552	63.32000000000001	8.8	TRUE	N[C@@H]([C@@H](C)c2(ccc1(ccccc1c2)))C(=O)O	LULOASYNEZFLJY-ZANVPECISA-N
D-Phe_4Et	(R)-2-amino-3-(4-ethylphenyl)propanoic acid	D-Phe(4-Et)	(2R)-2-amino-3-(4-ethylphenyl)propanoic acid	Backbone	alpha	Phe	193.24599999999995	1.2034000000000002	63.32000000000001	9.5	TRUE	N[C@H](Cc1(ccc(cc1)CC))C(=O)O	AWKDBHFQJATNBQ-SNVBAGLBSA-N
Asu	(S)-2-Aminooctanedioic acid	Asu	(2S)-2-aminooctanedioic acid	Backbone	alpha	X	189.211	0.43339999999999945	100.62000000000002	21.3	TRUE	N[C@@H](CCCCCC(=O)O)C(=O)O	YOFPFYYTUIARDI-LURJTMIESA-N
D-aMeAze	(2R)-2-methylazetidine-2-carboxylic acid	D-aMeAze	(2R)-2-methylazetidine-2-carboxylic acid	Backbone	alpha	Pro	115.13199999999999	-0.17700000000000032	49.33	9.6	TRUE	N1[C@](C)(CC1)C(=O)O	ADTSDDJGGMQTIE-RXMQYKEDSA-N
NMe-Tyr_Me	N,O-Dimethyltyrosine	Me-Tyr(Me)	(2S)-3-(4-methoxyphenyl)-2-(methylamino)propanoic acid	Backbone	alpha	Tyr	209.24499999999998	0.9102999999999997	58.56	17	TRUE	N(C)[C@@H](Cc1(ccc(OC)cc1))C(=O)O	QESMMBKGCOSBNL-JTQLQIEISA-N
Lys_Me	N(6)-Methyllysine	Lys(Me)	(2S)-2-amino-6-(methylamino)hexanoic acid	Backbone	alpha	Lys	160.217	-0.21200000000000047	75.35	44.5	TRUE	N[C@@H](CCCCNC)C(=O)O	PQNASZJZHFPQLE-LURJTMIESA-N
Ala_benzothiazol2yl	beta-(2-Benzothiazolyl)-L-alanine	Ala(benzothiazol-2-yl)	(2S)-2-amino-3-(benzothiazol-2-yl)propanoic acid	Backbone	alpha	Phe	222.26899999999998	1.2507000000000001	76.21	9.6	TRUE	N[C@@H](Cc2(nc1(ccccc1s2)))C(=O)O	DNDVHMGBCGSRIY-LURJTMIESA-N
aMeTyr	Metyrosine	aMeTyr	(2S)-2-amino-2-((4-hydroxyphenyl)methyl)propanoic acid	Backbone	alpha	Tyr	195.218	0.7366999999999999	83.55	16.2	TRUE	N[C@@](C)(Cc1(ccc(O)cc1))C(=O)O	NHTGHBARYWONDQ-JTQLQIEISA-N
Gly_cPr	L-Cyclopropylglycine	Gly(cPr)	(2S)-2-amino-2-cyclopropylacetic acid	Backbone	alpha	X	115.13199999999999	-0.19170000000000004	63.32000000000001	14.4	TRUE	N[C@@H](C1(CC1))C(=O)O	BUSBCPMSNBMUMT-BYPYZUCNSA-N
D-Trp_2Me	2-Methyl-d-tryptophan	D-Trp(2-Me)	(2R)-2-amino-3-(2-methyl-1H-indol-3-yl)propanoic acid	Backbone	alpha	Trp	218.256	1.4307200000000002	79.11	13.2	TRUE	N[C@H](Cc1(c(C)[nH]c2(ccccc12)))C(=O)O	BXJSOEWOQDVGJW-SNVBAGLBSA-N
Tyr_3OMe	3-Methoxy-L-tyrosine	Tyr(3-OMe)	(2S)-2-amino-3-(4-hydroxy-3-methoxyphenyl)propanoic acid	Backbone	alpha	Tyr	211.21699999999996	0.35519999999999974	92.78000000000002	18.3	TRUE	N[C@@H](Cc1(ccc(O)c(OC)c1))C(=O)O	PFDUUKDQEHURQC-ZETCQYMHSA-N
Gly_cPent	L-Cyclopentylglycine	Gly(cPent)	(2S)-2-amino-2-cyclopentylacetic acid	Backbone	alpha	X	143.186	0.5884999999999998	63.32000000000001	23.9	TRUE	N[C@@H](C1(CCCC1))C(=O)O	XBPKRVHTESHFAA-LURJTMIESA-N
aMePhe_2F	alpha-Methyl-L-2-fluorophenylalanine	aMePhe(2-F)	(2S)-2-amino-2-((2-fluorophenyl)methyl)propanoic acid	Backbone	alpha	Phe	197.20899999999995	1.1702	63.32000000000001	21.2	TRUE	N[C@@](C)(Cc1(ccccc1F))C(=O)O	MXECDVKIKUSSNC-JTQLQIEISA-N
aMeTrp	Alpha-Methyl-L-tryptophan	aMeTrp	(2S)-2-amino-2-((1H-indol-3-yl)methyl)propanoic acid	Backbone	alpha	Trp	218.256	1.5123999999999997	79.11	7.5	TRUE	N[C@@](C)(Cc1(c[nH]c2(ccccc12)))C(=O)O	ZTTWHZHBPDYSQB-LBPRGKRZSA-N
hHis	L-Homohistidine	hHis	(2S)-2-amino-4-(1H-imidazol-5-yl)butanoic acid	Backbone	alpha	His	169.184	-0.24580000000000074	92	2	FALSE	N[C@@H](CCc1(cnc[nH]1))C(=O)O	MSECZMWQBBVGEN-LURJTMIESA-N
bAla_3RCH2OH	D-beta-Homoserine	bAla(3R-CH2OH)	(3S)-3-amino-4-hydroxybutanoic acid	Backbone	beta	Ser	119.11999999999999	-1.2192999999999998	83.55	14.7	TRUE	N[C@H](CO)CC(=O)O	BUZICZZQJDLXJN-VKHMYHEASA-N
Ac5c_34dehydro	1-Aminocyclopent-3-enecarboxylic acid	Ac5c(3,4-dehydro)	1-aminocyclopent-3-ene-1-carboxylic acid	Backbone	alpha	X	127.14299999999999	0.1185	63.32000000000001	6.4	TRUE	NC1(CC=CC1)C(=O)O	URVAZCZXGWHWCH-UHFFFAOYSA-N
b2Ac5c	1-(Aminomethyl)cyclopentanecarboxylic acid	b2Ac5c	1-(aminomethyl)cyclopentanecarboxylic acid	Backbone	beta	X	143.186	0.5901000000000001	63.32000000000001	9.3	TRUE	NCC1(CCCC1)C(=O)O	VZQSZPCSJJSCDJ-UHFFFAOYSA-N
3-thia-Ac5c	3-Aminotetrahydrothiophene-3-carboxylic acid	3-thia-Ac5c	3-aminothiolane-3-carboxylic acid	Backbone	alpha	Cys	147.199	-0.0946000000000003	63.32000000000001	8.6	TRUE	NC1(CCSC1)C(=O)O	SAKWWHXZZFRWCN-UHFFFAOYSA-N
3-oxa-Ac5c	3-Aminotetrahydrofuran-3-carboxylic acid	3-oxa-Ac5c	3-aminooxolane-3-carboxylic acid	Backbone	alpha	Ser	131.131	-0.8112000000000004	72.55	7.7	TRUE	NC1(CCOC1)C(=O)O	ATUWXXVBEAYCSQ-UHFFFAOYSA-N
bAad_R	beta-D-homoglutamic acid	bAad(R)	(3R)-3-aminohexanedioic acid	Backbone	beta	Glu	161.15699999999998	-0.3468000000000003	100.62000000000002	6.6	TRUE	N[C@H](CCC(=O)O)CC(=O)O	XABCFXXGZPWJQP-SCSAIBSYSA-N
aMeAsn	alpha-methyl-L-asparagine	aMeAsn	(2S)-2-amino-2-(2-amino-2-oxoethyl)propanoic acid	Backbone	alpha	Asn	146.14600000000002	-1.336199999999999	106.41000000000001	10.7	TRUE	N[C@@](C)(CC(=O)N)C(=O)O	XGKIMQBEEPDCSR-YFKPBYRVSA-N
D-aMeAsn	alpha-methyl-D-asparagine	D-aMeAsn	(2R)-2-amino-2-(2-amino-2-oxoethyl)propanoic acid	Backbone	alpha	Asn	146.14600000000002	-1.336199999999999	106.41000000000001	10.5	TRUE	N[C@](C)(CC(=O)N)C(=O)O	XGKIMQBEEPDCSR-RXMQYKEDSA-N
aMeGln	alpha-methyl-L-glutamine	aMeGln	(2S)-2-amino-4-carbamoyl-2-methylbutanoic acid	Backbone	alpha	Gln	160.173	-0.9460999999999993	106.41000000000001	24.1	TRUE	N[C@@](C)(CCC(=O)N)C(=O)O	YLTNWAQTQJRBKR-LURJTMIESA-N
D-aMeGln	alpha-methyl-D-glutamine	D-aMeGln	(2R)-2-amino-4-carbamoyl-2-methylbutanoic acid	Backbone	alpha	Gln	160.173	-0.9460999999999993	106.41000000000001	10.9	TRUE	N[C@](C)(CCC(=O)N)C(=O)O	YLTNWAQTQJRBKR-ZCFIWIBFSA-N
aMePhg	alpha-methyl-L-Phenylglycine	aMePhg	(2S)-2-amino-2-phenylpropanoic acid	Backbone	alpha	X	165.19199999999995	0.9451	63.32000000000001	15.7	TRUE	N[C@@](C)(c1(ccccc1))C(=O)O	HTCSFFGLRQDZDE-VIFPVBQESA-N
D-aMePhg	alpha-methyl-D-Phenylglycine	D-aMePhg	(2R)-2-amino-2-phenylpropanoic acid	Backbone	alpha	X	165.19199999999995	0.9451	63.32000000000001	11.6	TRUE	N[C@](C)(c1(ccccc1))C(=O)O	HTCSFFGLRQDZDE-SECBINFHSA-N
Phg_4OMe	4-Methoxy-L-Phenylglycine	nTyr(Me)	(2S)-2-amino-2-(4-methoxyphenyl)acetic acid	Backbone	alpha	X	181.19099999999997	0.7796000000000001	72.55	10.1	TRUE	N[C@@H](c1(ccc(OC)cc1))C(=O)O	GXUAKXUIILGDKW-QMMMGPOBSA-N
b2Ac4c	1-(Aminomethyl)cyclobutanecarboxylic acid	b2Ac4c	1-(aminomethyl)cyclobutanecarboxylic acid	Backbone	beta	X	129.159	0.20000000000000012	63.32000000000001	8.8	TRUE	NCC1(CCC1)C(=O)O	BKYSXQMTMYOAGR-UHFFFAOYSA-N
Q0002	L-Lys(AEEAc-AEEAc-L-γ-Glu-C18di acid)		17-(((2R)-5-((2-(2-(2-((2-(2-(2-(((5S)-5-amino-6-hydroxy-6-oxohexyl)amino)-2-oxoethoxy)ethoxy)ethyl)amino)-2-oxoethoxy)ethoxy)ethyl)amino)-1-hydroxy-1,5-dioxopentan-2-yl)carbamoyl)heptadecanoic acid	Backbone	alpha	Gln	862.0719999999994	2.6594000000000095	291.24	0.6	FALSE	N[C@@H](CCCCNC(=O)COCCOCCNC(=O)COCCOCCNC(=O)CC[C@@H](NC(=O)CCCCCCCCCCCCCCCCC(=O)O)C(=O)O)C(=O)O	QDUKXQMKBZEBHC-SZAHLOSFSA-N
Oic_3axi_7axi	(2S)-Octahydroindole-2-carboxylic acid	Oic(3axi,7axi)	(8S)-7-azabicyclo[4.3.0]nonane-8-carboxylic acid	Backbone	alpha	Pro	169.22400000000002	0.9917	49.33	7.6	FALSE	N2[C@@H](CC1(CCCCC12))C(=O)O	CQYBNXGHMBNGCG-RRQHEKLDSA-N
Phe_Bn	4-Benzyl-L-phenylalanine	Phe(Bn)	(2S)-2-amino-3-(4-benzylphenyl)propanoic acid	Backbone	alpha	Phe	255.31699999999998	2.2318000000000002	63.32000000000001	11.7	TRUE	N[C@@H](Cc1(ccc(cc1)Cc2(ccccc2)))C(=O)O	FLAYVDDDWHBOIP-HNNXBMFYSA-N
D-Hyp	trans-4-Hydroxy-D-proline	D-Hyp	(2R,4S)-4-hydroxypyrrolidine-2-carboxylic acid	Backbone	alpha	Pro	131.131	-1.2062000000000004	69.56	21.9	TRUE	N1[C@H](C[C@H](O)C1)C(=O)O	PMMYEEVYMWASQN-IUYQGCFVSA-N
aHyp	cis-4-Hydroxy-L-proline	aHyp	(2S,4S)-4-hydroxypyrrolidine-2-carboxylic acid	Backbone	alpha	Pro	131.131	-1.2062000000000004	69.56	28.9	TRUE	N1[C@@H](C[C@H](O)C1)C(=O)O	PMMYEEVYMWASQN-IMJSIDKUSA-N
D-aHyp	cis-4-Hydroxy-D-proline	D-aHyp	(2R,4R)-4-hydroxypyrrolidine-2-carboxylic acid	Backbone	alpha	Pro	131.131	-1.2062000000000004	69.56	18.6	TRUE	N1[C@H](C[C@@H](O)C1)C(=O)O	PMMYEEVYMWASQN-QWWZWVQMSA-N
D-Thr_Bn	O3-benzyl-D-threonine	D-Thr(Bn)	(2R,3S)-2-amino-3-benzyloxybutanoic acid	Backbone	alpha	Thr	209.24499999999998	1.0035999999999996	72.55	10.9	TRUE	N[C@H]([C@@H](OCc1(ccccc1))C)C(=O)O	ONOURAAVVKGJNM-WCBMZHEXSA-N
Apm	L-Aminopimelic acid, 6-carboxy-L-norleucine	Apm	(2S)-2-aminoheptanedioic acid	Backbone	alpha	X	175.184	0.04329999999999956	100.62000000000002	12.1	TRUE	N[C@@H](CCCCC(=O)O)C(=O)O	JUQLUIFNNFIIKC-YFKPBYRVSA-N
D-His_1Bn	(2R)-2-amino-3-(1-benzylimidazol-4-yl)propanoic acid	D-His(1-Bn)	(2R)-2-amino-3-(1-benzyl-1H-imidazol-4-yl)propanoic acid	Backbone	alpha	His	245.282	0.8857999999999997	81.14	7.6	TRUE	N[C@H](Cc1(cn(cn1)Cc2(ccccc2)))C(=O)O	NMXSWQMJOZUQKY-GFCCVEGCSA-N
Phe_4Sdihydroorotamido	4-(((Hexahydro-2,6-dioxo-4S-pyrimidinyl)carbonyl)amino)-L-phenylalanine	Phe(4-S-dihydroorotamido)	(2S)-2-amino-3-(4-((4S)-2,6-dioxo-1,3-diazacyclohexan-4-ylcarbonylamino)phenyl)propanoic acid	Backbone	alpha	Phe	320.305	-0.8223999999999989	150.61999999999998	4.4	TRUE	N[C@@H](Cc1(ccc(cc1)NC(=O)[C@@H]2(CC(=O)NC(=O)N2)))C(=O)O	OLPMLGPIXOYZDU-UWVGGRQHSA-N
D-Phe_4ureido	4-((Aminocarbonyl)amino)-D-phenylalanine	D-Phe(4-ureido)	(2R)-2-amino-3-(4-(carbamoylamino)phenyl)propanoic acid	Backbone	alpha	Phe	223.23199999999994	0.1316	118.44000000000001	13.2	TRUE	N[C@H](Cc1(ccc(cc1)NC(=O)N))C(=O)O	ZTAKYRNNPKFXGS-MRVPVSSYSA-N
Hyp_CONHEtNH2	(4R)-4-{[(2-Aminoethyl)carbamoyl]oxy}-L-proline	Hyp(CONHEtNH2)	(2S,4R)-4-((2-aminoethyl)carbamoyloxy)pyrrolidine-2-carboxylic acid	Backbone	alpha	Pro	217.22499999999997	-1.513599999999999	113.67999999999999	15.5	TRUE	N1[C@@H](C[C@@H](OC(=O)NCCN)C1)C(=O)O	JPXWXGCURGFPEP-RITPCOANSA-N
bAc5c	(1-Aminocyclopentyl)acetic acid	bAc5c	2-(1-aminocyclopentyl)acetic acid	Backbone	beta	X	143.186	0.7325999999999997	63.32000000000001	8.3	TRUE	NC1(CCCC1)CC(=O)O	RSIDSVRZFUOPFV-UHFFFAOYSA-N
octahydrocyclopentabpyrrole2S3aS6aS-2-CO2H	(2s,3as,6as)-octahydrocyclopenta[b]pyrrole-2-carboxylic acid	octahydrocyclopenta[b]pyrrole(2S,3aS,6aS)-2-CO2H	(1S,3S,5S)-2-azabicyclo[3.3.0]octane-3-carboxylic acid	Backbone	alpha	Pro	155.197	0.6015999999999997	49.33	7	TRUE	N1[C@@H](C[C@@H]2(CCC[C@H]12))C(=O)O	OQHKEWIEKYQINX-ACZMJKKPSA-N
Oic_3aR_7aS	(2S,3aR,7aS)-octahydro-1H-indole-2-carboxylic acid	Oic(3aR,7aS)	(1R,6S,8S)-7-azabicyclo[4.3.0]nonane-8-carboxylic acid	Backbone	alpha	Pro	169.22400000000002	0.9917	49.33	6.4	TRUE	N1[C@@H](C[C@H]2(CCCC[C@H]12))C(=O)O	CQYBNXGHMBNGCG-CSMHCCOUSA-N
D-Phe_2Cl_4F	2-Chloro-4-Fluoro-D-Phenylalanine	D-Phe(2-Cl,4-F)	(2R)-2-amino-3-(2-chloro-4-fluorophenyl)propanoic acid	Backbone	alpha	Phe	217.62699999999998	1.4335000000000002	63.32000000000001	4.3	TRUE	N[C@H](Cc1(ccc(F)cc1Cl))C(=O)O	BCUFAMXOPAUSIP-MRVPVSSYSA-N
D-Phe_2F_4Cl	2-Fluoro-4-Chloro-D-Phenylalanine	D-Phe(2-F,4-Cl)	(2R)-2-amino-3-(4-chloro-2-fluorophenyl)propanoic acid	Backbone	alpha	Phe	217.62699999999998	1.4335000000000002	63.32000000000001	3	TRUE	N[C@H](Cc1(ccc(Cl)cc1F))C(=O)O	ZPMGQOHZMMWUAT-MRVPVSSYSA-N
D-Phe_24diF	2,4-Difluoro-D-Phenylalanine	D-Phe(2,4-diF)	(2R)-2-amino-3-(2,4-difluorophenyl)propanoic acid	Backbone	alpha	Phe	201.17199999999997	0.9192	63.32000000000001	6	TRUE	N[C@H](Cc1(ccc(F)cc1F))C(=O)O	UEFLPVKMPDEMFW-MRVPVSSYSA-N
D-Phe_24_5triF	2,4,5-Trifluoro-D-Phenylalanine	D-Phe(2,4,5-triF)	(2R)-2-amino-3-(2,4,5-trifluorophenyl)propanoic acid	Backbone	alpha	Phe	219.16199999999998	1.0583000000000002	63.32000000000001	5.5	TRUE	N[C@H](Cc1(cc(F)c(F)cc1F))C(=O)O	SWJFYJHCOWRRLR-MRVPVSSYSA-N
D-hPhe_24diF	2,4-Difluoro-D-homophenylalanine	D-hPhe(2,4-diF)	(2R)-2-amino-4-(2,4-difluorophenyl)butanoic acid	Backbone	alpha	Phe	215.19899999999998	1.3093	63.32000000000001	3.7	TRUE	N[C@H](CCc1(ccc(F)cc1F))C(=O)O	RXTYJIYAYABQKD-SECBINFHSA-N
D-Phe_F5	D-Pentafluorophenylalanine	D-Phe(F5)	(2R)-2-amino-3-(2,3,4,5,6-pentafluorophenyl)propanoic acid	Backbone	alpha	Phe	255.14199999999997	1.3365000000000002	63.32000000000001	9.2	TRUE	N[C@H](Cc1(c(F)c(F)c(F)c(F)c1F))C(=O)O	YYTDJPUFAVPHQA-GSVOUGTGSA-N
Trp_6OMe	6-Methoxy-L-Tryptophan	Trp(6-OMe)	(2S)-2-amino-3-(6-methoxy-1H-indol-3-yl)propanoic acid	Backbone	alpha	Trp	234.25499999999997	1.1309	88.34000000000002	7.1	TRUE	N[C@@H](Cc1(c[nH]c2(cc(OC)ccc12)))C(=O)O	ASMBUJRMSWTSLE-JTQLQIEISA-N
Trp_6Br	6-Bromo-L-Tryptophan	Trp(6-Br)	(2S)-2-amino-3-(6-bromo-1H-indol-3-yl)propanoic acid	Backbone	alpha	Trp	283.125	1.8848000000000003	79.11	12.8	TRUE	N[C@@H](Cc2(c[nH]c1(cc(Br)ccc12)))C(=O)O	OAORYCZPERQARS-VIFPVBQESA-N
aMeArg	alpha-Methyl-L-Arginine	aMeArg	(2S)-2-amino-5-((diaminomethylidene)amino)-2-methylpentanoic acid	Backbone	alpha	Arg	188.231	-1.1579999999999986	127.71999999999998	4.4	TRUE	N[C@@](C)(CCCN=C(N)N)C(=O)O	LKRMSSDDHQZQHJ-ZETCQYMHSA-N
Trp_4F	4-Fluoro-L-Tryptophan	Trp(4-F)	(2S)-2-amino-3-(4-fluoro-1H-indol-3-yl)propanoic acid	Backbone	alpha	Trp	222.21899999999997	1.2614000000000003	79.11	15.4	TRUE	N[C@@H](Cc2(c[nH]c1(cccc(F)c12)))C(=O)O	DEBQMEYEKKWIKC-QMMMGPOBSA-N
D-Phe_pyrid3yl	4-(3-Pyridinyl)-D-Phenylalanine	D-Phe(pyrid-3-yl)	(2R)-2-amino-3-(4-(pyridin-3-yl)phenyl)propanoic acid	Backbone	alpha	Phe	242.278	1.703	76.21	3.7	TRUE	N[C@H](Cc1(ccc(cc1)c2(cccnc2)))C(=O)O	HWAKOCNTLFYOFR-CYBMUJFWSA-N
D-Phe_25diF	2,5-Difluoro-D-Phenylalanine	D-Phe(2,5-diF)	(2R)-2-amino-3-(2,5-difluorophenyl)propanoic acid	Backbone	alpha	Phe	201.17199999999997	0.9192	63.32000000000001	4.6	TRUE	N[C@H](Cc1(cc(F)ccc1F))C(=O)O	YHYQITHAFYELNW-MRVPVSSYSA-N
D-Phe_35diF	3,5-Difluoro-D-Phenylalanine	D-Phe(3,5-diF)	(2R)-2-amino-3-(3,5-difluorophenyl)propanoic acid	Backbone	alpha	Phe	201.17199999999997	0.9192	63.32000000000001	7.2	TRUE	N[C@H](Cc1(cc(F)cc(F)c1))C(=O)O	QFGMPXZFCIHYIR-MRVPVSSYSA-N
D-Phe_26diF	2,6-Difluoro-D-Phenylalanine	D-Phe(2,6-diF)	(2R)-2-amino-3-(2,6-difluorophenyl)propanoic acid	Backbone	alpha	Phe	201.17199999999997	0.9192	63.32000000000001	4.9	TRUE	N[C@H](Cc1(c(F)cccc1F))C(=O)O	RFOVYDPRGDZBLJ-MRVPVSSYSA-N
Trp_7Br	7-Bromo-L-Tryptophan	Trp(7-Br)	(2S)-2-amino-3-(7-bromo-1H-indol-3-yl)propanoic acid	Backbone	alpha	Trp	283.125	1.8848	79.11	5.7	TRUE	N[C@@H](Cc2(c[nH]c1(c(Br)cccc12)))C(=O)O	VMMOOBBCGTVDGP-VIFPVBQESA-N
D-Phe_3MeNH2	3-Aminomethyl-D-Phenylalanine	D-Phe(3-MeNH2)	(2R)-2-amino-3-(3-(aminomethyl)phenyl)propanoic acid	Backbone	alpha	Phe	194.23399999999995	0.09970000000000018	89.34	7	TRUE	N[C@H](Cc1(cccc(c1)CN))C(=O)O	YBVDQQQEPCEKPR-SECBINFHSA-N
D-Phe_4MeNH2	4-Aminomethyl-D-Phenylalanine	D-Phe(4-MeNH2)	(2R)-2-amino-3-(4-(aminomethyl)phenyl)propanoic acid	Backbone	alpha	Phe	194.23399999999995	0.09970000000000018	89.34	8.3	TRUE	N[C@H](Cc1(ccc(cc1)CN))C(=O)O	GNVNKFUEUXUWDV-SECBINFHSA-N
D-Phe_23diCl	2,3-Dichloro-D-Phenylalanine	D-Phe(2,3-diCl)	(2R)-2-amino-3-(2,3-dichlorophenyl)propanoic acid	Backbone	alpha	Phe	234.08199999999997	1.9478000000000002	63.32000000000001	4.5	TRUE	N[C@H](Cc1(cccc(Cl)c1Cl))C(=O)O	NVDAAIHKUHFKOL-SSDOTTSWSA-N
D-Phe_25diCl	2,5-Dichloro-D-Phenylalanine	D-Phe(2,5-diCl)	(2R)-2-amino-3-(2,5-dichlorophenyl)propanoic acid	Backbone	alpha	Phe	234.082	1.9478	63.32000000000001	4.9	TRUE	N[C@H](Cc1(cc(Cl)ccc1Cl))C(=O)O	SDKIMTATYJGPBJ-MRVPVSSYSA-N
D-Phe_23diF	2,3-Difluoro-D-Phenylalanine	D-Phe(2,3-diF)	(2R)-2-amino-3-(2,3-difluorophenyl)propanoic acid	Backbone	alpha	Phe	201.17199999999997	0.9192	63.32000000000001	5.2	TRUE	N[C@H](Cc1(cccc(F)c1F))C(=O)O	KSUXKFDPNKLPHX-SSDOTTSWSA-N
D-Phe_3F_4Me	3-Fluoro-4-Methyl-D-Phenylalanine	D-Phe(3-F,4-Me)	(2R)-2-amino-3-(3-fluoro-4-methylphenyl)propanoic acid	Backbone	alpha	Phe	197.20899999999997	1.0885200000000002	63.32000000000001	3.9	TRUE	N[C@H](Cc1(ccc(C)c(F)c1))C(=O)O	MUTNDIMQYVVGMX-SECBINFHSA-N
Trp_4Cl	4-Chloro-L-Tryptophan	Trp(4-Cl)	(2S)-2-amino-3-(4-chloro-1H-indol-3-yl)propanoic acid	Backbone	alpha	Trp	238.67399999999998	1.7757000000000003	79.11	9.1	TRUE	N[C@@H](Cc1(c[nH]c2(cccc(Cl)c12)))C(=O)O	NRTHKYABOMUPSC-QMMMGPOBSA-N
Trp_5Br	5-Bromo-L-Tryptophan	Trp(5-Br)	(2S)-2-amino-3-(5-bromo-1H-indol-3-yl)propanoic acid	Backbone	alpha	Trp	283.125	1.8848000000000003	79.11	7	TRUE	N[C@@H](Cc1(c[nH]c2(ccc(Br)cc12)))C(=O)O	KZDNJQUJBMDHJW-VIFPVBQESA-N
Trp_4Br	4-Bromo-L-Tryptophan	Trp(4-Br)	(2S)-2-amino-3-(4-bromo-1H-indol-3-yl)propanoic acid	Backbone	alpha	Trp	283.125	1.8848000000000003	79.11	4.3	TRUE	N[C@@H](Cc1(c[nH]c2(cccc(Br)c12)))C(=O)O	OFKIVYVSESEHFZ-QMMMGPOBSA-N
Trp_4Me	4-Methyl-L-Tryptophan	Trp(4-Me)	(2S)-2-amino-3-(4-methyl-1H-indol-3-yl)propanoic acid	Backbone	alpha	Trp	218.25599999999997	1.4307200000000002	79.11	6.6	TRUE	N[C@@H](Cc1(c[nH]c2(cccc(C)c12)))C(=O)O	FPJGLSZLQLNZIW-VIFPVBQESA-N
Trp_7Aza	7-Aza-L-Tryptophan	Trp(7-Aza)	(2S)-2-amino-3-(2,9-diazabicyclo[4.3.0]nona-1,3,5,7-tetraen-7-yl)propanoic acid	Backbone	alpha	Phe	205.21699999999998	0.5172999999999999	92.00000000000001	14.1	TRUE	N[C@@H](Cc1(c[nH]c2(ncccc12)))C(=O)O	SNLOIIPRZGMRAB-QMMMGPOBSA-N
NPh4OMeEt-G	2-[2-(4-methoxyphenyl)ethylamino]acetic acid	Ph(4-OMe)Et-Gly	2-((2-(4-methoxyphenyl)ethyl)amino)acetic acid	Backbone	alpha	Gly	209.24499999999998	0.9118999999999999	58.56	13.3	TRUE	N(CCc1(ccc(OC)cc1))CC(=O)O	GYOOOIWLBRGIME-UHFFFAOYSA-N
hLys	(2S)-2,7-diaminoheptanoic acid	hLys	(2S)-2,7-diaminoheptanoic acid	Backbone	alpha	Lys	160.217	-0.08260000000000067	89.34	15.6	TRUE	N[C@@H](CCCCCN)C(=O)O	NMDDZEVVQDPECF-LURJTMIESA-N
NPh4OHEt-G	2-[2-(4-hydroxyphenyl)ethylamino]acetic acid	Ph(4-OH)Et-Gly	2-((2-(4-hydroxyphenyl)ethyl)amino)acetic acid	Backbone	alpha	Gly	195.21799999999996	0.6089	69.56	21.2	TRUE	N(CCc1(ccc(O)cc1))CC(=O)O	CNIWLQLCALZLEQ-UHFFFAOYSA-N
hArg_Me	(2S)-2-amino-6-[(N'-methylcarbamimidoyl)amino]hexanoic acid	hArg(Me)	(2S)-2-amino-6-(((imino)(methylamino)methyl)amino)hexanoic acid	Backbone	alpha	Arg	202.258	-0.6876299999999986	111.23	6.7	TRUE	N[C@@H](CCCCNC(=N)NC)C(=O)O	BISBENXUJVLWNC-LURJTMIESA-N
D-hArg_Et_Et	N6-(Bis(ethylamino)methylene)-D-lysine	D-hArg(Et,Et)	(2R)-2-amino-6-(((ethylamino)(ethylimino)methyl)amino)hexanoic acid	Backbone	alpha	Arg	244.339	0.143600000000001	99.74	11.3	TRUE	N[C@H](CCCCNC(=NCC)NCC)C(=O)O	PWLYCRQCVMQUBU-SECBINFHSA-N
imino-Phe	2-imino-3-phenylpropanoic acid	imino-Phe	2-imino-3-phenylpropanoic acid	Backbone	unknown	Phe	163.17599999999996	1.3334700000000002	61.150000000000006	13.7	FALSE	N=C(Cc1(ccccc1))C(=O)O	QBMQCMKHBNWZAJ-UHFFFAOYSA-N
Phe_24diOMe	(2S)-2-amino-3-(2,4-dimethoxyphenyl)propanoic acid	Phe(2,4-diOMe)	(2S)-2-amino-3-(2,4-dimethoxyphenyl)propanoic acid	Backbone	alpha	Tyr	225.24399999999997	0.6581999999999999	81.78	8.4	TRUE	N[C@@H](Cc1(ccc(OC)cc1OC))C(=O)O	FATCEKMZLXXPPE-VIFPVBQESA-N
D-hTyr	(2R)-2-amino-4-(4-hydroxyphenyl)butanoic acid	D-hTyr	(2R)-2-amino-4-(4-hydroxyphenyl)butanoic acid	Backbone	alpha	Tyr	195.218	0.7366999999999999	83.55	9.8	TRUE	N[C@H](CCc1(ccc(O)cc1))C(=O)O	LOOZZTFGSTZNRX-SECBINFHSA-N
Aoda	(2S)-2-amino-8-oxodecanoic acid	Aoda	(2S)-2-amino-8-oxodecanoic acid	Backbone	alpha	X	201.266	1.3278999999999996	80.39	14.2	FALSE	N[C@@H](CCCCCC(=O)CC)C(=O)O	OUGZJFOMQFQKAD-VIFPVBQESA-N
D-Lys_Me	D-N-epsilon-Methyllysine	D-Lys(Me)	(2R)-2-amino-6-(methylamino)hexanoic acid	Backbone	alpha	Lys	160.217	-0.21200000000000047	75.35	12.6	TRUE	N[C@H](CCCCNC)C(=O)O	PQNASZJZHFPQLE-ZCFIWIBFSA-N
Phe_4PO3H2	(2S)-2-amino-3-(4-phosphonophenyl)propanoic acid	Phe(4-PO3H2)	(2S)-2-amino-3-(4-(dihydroxyphosphoryl)phenyl)propanoic acid	Backbone	alpha	Phe	245.17099999999996	-0.5560000000000003	120.85000000000001	11.3	TRUE	N[C@@H](Cc1(ccc(cc1)P(=O)(O)O))C(=O)O	DGIHNAYKZDFPPV-QMMMGPOBSA-N
Phe_35diMe	(2S)-2-amino-3-(3,5-dimethylphenyl)propanoic acid	Phe(3,5-diMe)	(2S)-2-amino-3-(3,5-dimethylphenyl)propanoic acid	Backbone	alpha	Phe	193.24599999999998	1.25784	63.32000000000001	8.9	TRUE	N[C@@H](Cc1(cc(C)cc(C)c1))C(=O)O	BJEFUMBSVAPULZ-JTQLQIEISA-N
Pro_44diMe	(2S)-4,4-dimethylpyrrolidine-2-carboxylic acid	Pro(4,4-diMe)	(2S)-4,4-dimethylpyrrolidine-2-carboxylic acid	Backbone	alpha	Pro	143.186	0.4591	49.33	13.3	TRUE	N1[C@@H](CC(C)(C)C1)C(=O)O	BDNWSJQJILLEBS-YFKPBYRVSA-N
Nle_hexyl	(2S)-2-aminododecanoic acid	Nle(hexyl)	(2S)-2-aminododecanoic acid	Backbone	alpha	X	215.337	2.929100000000001	63.32000000000001	14.4	TRUE	N[C@@H](CCCCCCCCCC)C(=O)O	QUBNFZFTFXTLKH-NSHDSACASA-N
Nle_allyl	(2S)-2-aminonon-8-enoic acid	Nle(allyl)	(2S)-2-aminonon-8-enoic acid	Backbone	alpha	X	171.24	1.5348	63.32000000000001	19.7	TRUE	N[C@@H](CCCCCC=C)C(=O)O	LKMSSWRWDBZUFC-QMMMGPOBSA-N
Tyr_2Me	(2S)-2-amino-3-(4-hydroxy-2-methylphenyl)propanoic acid	Tyr(2-Me)	(2S)-2-amino-3-(4-hydroxy-2-methylphenyl)propanoic acid	Backbone	alpha	Tyr	195.21799999999996	0.6550199999999999	83.55	16.3	TRUE	N[C@@H](Cc1(ccc(O)cc1C))C(=O)O	AXEOMQHKTSGLGS-VIFPVBQESA-N
imino-Ala	2-iminopropanoic acid	imino-Ala	2-iminopropanoic acid	Backbone	unknown	Ala	87.07799999999999	0.11066999999999999	61.150000000000006	15.6	FALSE	N=C(C)C(=O)O	DUAWRLXHCUAWMK-UHFFFAOYSA-N
Nva_vinyl	(2S)-2-aminohept-6-enoic acid	Nva(vinyl)	(2S)-2-aminohept-6-enoic acid	Backbone	alpha	Leu	143.186	0.7545999999999999	63.32000000000001	17.5	TRUE	N[C@@H](CCCC=C)C(=O)O	OOOVDVSHGOKTNT-LURJTMIESA-N
Tyr_2I	(2S)-2-amino-3-(4-hydroxy-2-iodophenyl)propanoic acid	Tyr(2-I)	(2S)-2-amino-3-(4-hydroxy-2-iodophenyl)propanoic acid	Backbone	alpha	Tyr	307.087	0.9512	83.55	10.1	TRUE	N[C@@H](Cc1(ccc(O)cc1I))C(=O)O	BMBZSHPNHVPCNG-QMMMGPOBSA-N
Ac7c	1-aminocycloheptane-1-carboxylic acid	Ac7c	1-aminocycloheptanecarboxylic acid	Backbone	alpha	X	157.21300000000002	1.1227	63.32000000000001	17.2	TRUE	NC1(CCCCCC1)C(=O)O	IINRZEIPFQHEAP-UHFFFAOYSA-N
D-Abu_cHex	(2R)-2-amino-4-cyclohexylbutanoic acid	D-Abu(cHex)	(2R)-2-amino-4-cyclohexylbutanoic acid	Backbone	alpha	Ala	185.267	1.7588	63.32000000000001	13.4	TRUE	N[C@H](CCC1(CCCCC1))C(=O)O	MXHKOHWUQAULOV-SECBINFHSA-N
Tyr_3CO2H	L-3-Carboxytyrosine	Tyr(3-CO2H)	5-((2S)-2-amino-3-hydroxy-3-oxopropyl)-2-hydroxybenzene-1-carboxylic acid	Backbone	alpha	Tyr	225.19999999999996	0.04479999999999984	120.85000000000001	7.4	TRUE	N[C@@H](Cc1(ccc(O)c(c1)C(=O)O))C(=O)O	AZXBADPWXOWMKQ-ZETCQYMHSA-N
aMeAbu_vinyl	(2S)-2-amino-2-methylhex-5-enoic acid	aMeAbu(vinyl)	(2S)-2-amino-2-methylhex-5-enoic acid	Backbone	alpha	Leu	143.186	0.7545999999999999	63.32000000000001	11.1	TRUE	N[C@@](C)(CCC=C)C(=O)O	OQVMALDNOMXRAP-ZETCQYMHSA-N
Npentyl-G	2-(pentylamino)acetic acid	pentyl-Gly	2-(pentylamino)acetic acid	Backbone	alpha	Gly	145.202	0.8507999999999998	49.33	21.3	TRUE	N(CCCCC)CC(=O)O	AHLFJIALFLSDAQ-UHFFFAOYSA-N
Phe_4Ph_2Me	(2S)-2-amino-3-[4-(2-methylphenyl)phenyl]propanoic acid	Phe(4-Ph(2-Me))	(2S)-2-amino-3-(4-(2-methylphenyl)phenyl)propanoic acid	Backbone	alpha	Phe	255.31699999999998	2.6164200000000006	63.32000000000001	13.6	TRUE	N[C@@H](Cc1(ccc(cc1)c2(ccccc2C)))C(=O)O	UTGOGZMACBMWOF-HNNXBMFYSA-N
Nbut3enyl-G	2-(but-3-enylamino)acetic acid	but-3-enyl-Gly	2-((but-3-en-1-yl)amino)acetic acid	Backbone	alpha	Gly	129.15900000000002	0.23670000000000008	49.33	16.3	TRUE	N(CCC=C)CC(=O)O	WVFFPDNNNZJDQR-UHFFFAOYSA-N
Arg_cPr	(2S)-2-amino-5-[[amino-(cyclopropylamino)methylidene]amino]pentanoic acid	Arg(cPr)	(2S)-2-amino-5-(((cyclopropylamino)(imino)methyl)amino)pentanoic acid	Backbone	alpha	Arg	214.26899999999998	-0.5451299999999988	111.23	4.8	TRUE	N[C@@H](CCCNC(=N)NC1(CC1))C(=O)O	HXGYVYKZSPFEOY-ZETCQYMHSA-N
Leu_45dehydro	(2S)-2-amino-4-methylpent-4-enoic acid	Leu(4,5-dehydro)	(2S)-2-amino-4-methylpent-4-enoic acid	Backbone	alpha	Leu	129.159	0.3645	63.32000000000001	16.8	TRUE	N[C@@H](CC(=C)C)C(=O)O	PABWDKROPVYJBH-YFKPBYRVSA-N
Ala_pyrazol4yl	(2S)-2-amino-3-(1H-pyrazol-4-yl)propanoic acid	Ala(pyrazol-4-yl)	(2S)-2-amino-3-(1H-pyrazol-4-yl)propanoic acid	Backbone	alpha	Phe	155.15699999999998	-0.6359000000000001	92	8.2	TRUE	N[C@@H](Cc1(cn[nH]c1))C(=O)O	CRANRHDFXPQPHR-YFKPBYRVSA-N
D-Lys_iPr	(2R)-2-amino-6-(propan-2-ylamino)hexanoic acid	D-Lys(iPr)	(2R)-2-amino-6-((propan-2-yl)amino)hexanoic acid	Backbone	alpha	Lys	188.271	0.5665999999999998	75.35	10.5	TRUE	N[C@H](CCCCNC(C)C)C(=O)O	CBAWNLIZBXJSFS-MRVPVSSYSA-N
Cys_Et	(2R)-2-amino-3-ethylsulfanylpropanoic acid	Cys(Et)	(2R)-2-amino-3-(ethylsulfanyl)propanoic acid	Backbone	alpha	Cys	149.215	0.1513999999999997	63.32000000000001	28.8	TRUE	N[C@@H](CSCC)C(=O)O	ULXKXLZEOGLCRJ-BYPYZUCNSA-N
Abu_CF3	(2S)-2-amino-5,5,5-trifluoropentanoic acid	Abu(CF3)	(2S)-2-amino-5,5,5-trifluoropentanoic acid	Backbone	alpha	X	171.11800000000002	0.7407999999999999	63.32000000000001	13.5	TRUE	N[C@@H](CCC(F)(F)F)C(=O)O	KTZZIDWVKLDWBF-VKHMYHEASA-N
NMe-Ac5c	methyl 1-amino-1-carboxycyclopentane	Me-Ac5c	1-(methylamino)cyclopentanecarboxylic acid	Backbone	alpha	X	143.186	0.6032	49.33	16.1	TRUE	N(C)C1(CCCC1)C(=O)O	HENGJKIYGDMCLP-UHFFFAOYSA-N
aMePhe_26diF	(2S)-2-amino-3-(2,6-difluorophenyl)-2-methylpropanoic acid	aMePhe(2,6-diF)	(2S)-2-amino-2-((2,6-difluorophenyl)methyl)propanoic acid	Backbone	alpha	Phe	215.19899999999998	1.3093	63.32000000000001	11.4	TRUE	N[C@@](C)(Cc1(c(F)cccc1F))C(=O)O	WEWMIQSBLMNNMQ-JTQLQIEISA-N
Phe_4EtO2H	(2S)-2-amino-3-[4-(carboxymethyl)phenyl]propanoic acid	Phe(4-EtO2H)	(2S)-2-amino-3-(4-(2-hydroxy-2-oxoethyl)phenyl)propanoic acid	Backbone	alpha	Phe	223.22799999999995	0.26809999999999967	100.62000000000002	18.4	TRUE	N[C@@H](Cc1(ccc(cc1)CC(=O)O))C(=O)O	LJHYWUVYIKCPGU-VIFPVBQESA-N
Trp_OMe	(2S)-2-amino-3-(1-methoxyindol-3-yl)propanoic acid	Trp(OMe)	(2S)-2-amino-3-(1-methoxy-1H-indol-3-yl)propanoic acid	Backbone	alpha	Trp	234.255	0.6540999999999995	77.48	12.8	FALSE	N[C@@H](Cc1(cn(OC)c2(ccccc12)))C(=O)O	ZZKJLERBXNLMTR-JTQLQIEISA-N
Tyr_35diI	(2S)-2-amino-3-(4-hydroxy-3,5-diiodophenyl)propanoic acid	Tyr(3,5-diI)	(2S)-2-amino-3-(4-hydroxy-3,5-diiodophenyl)propanoic acid	Backbone	alpha	Tyr	432.98300000000006	1.5557999999999998	83.55	29.9	TRUE	N[C@@H](Cc1(cc(I)c(O)c(I)c1))C(=O)O	NYPYHUZRZVSYKL-ZETCQYMHSA-N
NcHexCH2-G	2-(cyclohexylmethylamino)acetic acid	cHexCH2-Gly	2-(cyclohexylmethylamino)acetic acid	Backbone	alpha	Gly	171.24	1.2409000000000001	49.33	17.6	TRUE	N(CC1(CCCCC1))CC(=O)O	XQMXBAOAYVXFPQ-UHFFFAOYSA-N
Nallyl-G	2-(prop-2-enylamino)acetic acid	allyl-Gly	2-((prop-2-en-1-yl)amino)acetic acid	Backbone	alpha	Gly	115.13199999999999	-0.15340000000000026	49.33	23.3	TRUE	N(CC=C)CC(=O)O	YVWGGGZYGSZDKW-UHFFFAOYSA-N
Pro_3SOH	(2S,3S)-3-hydroxypyrrolidine-2-carboxylic acid	Pro(3S-OH)	(2S,3S)-3-hydroxypyrrolidine-2-carboxylic acid	Backbone	alpha	Pro	131.13100000000003	-1.2062000000000004	69.56	35.3	TRUE	N1[C@@H]([C@@H](O)CC1)C(=O)O	BJBUEDPLEOHJGE-IMJSIDKUSA-N
His_1Bn	(2S)-2-amino-3-(1-benzylimidazol-4-yl)propanoic acid	His(1-Bn)	(2S)-2-amino-3-(1-benzyl-1H-imidazol-4-yl)propanoic acid	Backbone	alpha	His	245.282	0.8857999999999997	81.14	12.1	TRUE	N[C@@H](Cc1(cn(cn1)Cc2(ccccc2)))C(=O)O	NMXSWQMJOZUQKY-LBPRGKRZSA-N
Cys_O3H	3-sulfoalanine	Cys(O3H)	(2R)-2-amino-3-sulfopropanoic acid	Backbone	alpha	X	169.158	-1.7138999999999998	117.69000000000001	37.8	TRUE	N[C@@H](CS(=O)(=O)O)C(=O)O	XVOYSCVBGLVSOL-REOHCLBHSA-N
D-Trp_Me	N1-methyl-D-tryptophan	D-Trp(Me)	(2R)-2-amino-3-(1-methyl-1H-indol-3-yl)propanoic acid	Backbone	alpha	Trp	218.256	1.1327000000000003	68.25	16.6	TRUE	N[C@H](Cc1(cn(C)c2(ccccc12)))C(=O)O	ZADWXFSZEAPBJS-SNVBAGLBSA-N
Phe_4NHMes	(2S)-2-amino-3-[4-(methanesulfonamido)phenyl]propanoic acid	Phe(4-NHMes)	(2S)-2-amino-3-(4-methylsulfonylaminophenyl)propanoic acid	Backbone	alpha	Phe	258.2989999999999	0.012499999999999678	109.49	6.6	TRUE	N[C@@H](Cc1(ccc(cc1)NS(=O)(=O)C))C(=O)O	JCDAIQZEQLVVRT-VIFPVBQESA-N
Phe_4CH2CO2H	(2S)-2-amino-3-[4-(carboxymethoxy)phenyl]propanoic acid	Tyr(EtO2H)	(2S)-2-amino-3-(4-(2-hydroxy-2-oxoethoxy)phenyl)propanoic acid	Backbone	alpha	Tyr	239.22699999999998	0.10439999999999972	109.85000000000001	9.3	TRUE	N[C@@H](Cc1(ccc(OCC(=O)O)cc1))C(=O)O	ARXFMTURSPNMGH-VIFPVBQESA-N
Arg_Me_Me	N3,N4-dimethylarginine	Arg(Me,Me)	(2S)-2-amino-5-(((methylamino)(methylimino)methyl)amino)pentanoic acid	Backbone	alpha	Arg	202.258	-1.0266999999999982	99.74	12.4	TRUE	N[C@@H](CCCNC(=NC)NC)C(=O)O	HVPFXCBJHIIJGS-LURJTMIESA-N
Nle_Pr	(2S)-2-aminononanoic acid	Nle(Pr)	(2S)-2-aminononanoic acid	Backbone	alpha	X	173.256	1.7588	63.32000000000001	18.9	TRUE	N[C@@H](CCCCCCC)C(=O)O	JVPFOKXICYJJSC-QMMMGPOBSA-N
His_2Me	(2S)-2-amino-3-(2-methyl-1H-imidazol-5-yl)propanoic acid	His(2-Me)	(2S)-2-amino-3-(2-methyl-1H-imidazol-5-yl)propanoic acid	Backbone	alpha	His	169.184	-0.32748000000000027	92	11.5	TRUE	N[C@@H](Cc1(cnc(C)[nH]1))C(=O)O	QNNKCRYTUGINFA-LURJTMIESA-N
hArg_Et_Et	N6-(Bis(ethylamino)methylene)-L-lysine	hArg(Et,Et)	(2S)-2-amino-6-(((ethylamino)(ethylimino)methyl)amino)hexanoic acid	Backbone	alpha	Arg	244.339	0.143600000000001	99.74	11.3	TRUE	N[C@@H](CCCCNC(=NCC)NCC)C(=O)O	PWLYCRQCVMQUBU-VIFPVBQESA-N
Ser_octanoyl	(2S)-2-amino-3-octanoyloxypropanoic acid	Ser(octanoyl)	(2S)-2-amino-3-(heptylcarbonyloxy)propanoic acid	Backbone	alpha	Ser	231.29199999999994	1.3019999999999996	89.62	16.7	TRUE	N[C@@H](COC(=O)CCCCCCC)C(=O)O	QQWGFKGHHSBYPK-VIFPVBQESA-N
Ac8c	1-aminocyclooctane-1-carboxylic acid	Ac8c	1-aminocyclooctanecarboxylic acid	Backbone	alpha	X	171.24	1.5128	63.32000000000001	10.2	TRUE	NC1(CCCCCCC1)C(=O)O	PJSQECUPWDUIBT-UHFFFAOYSA-N
NcPr-G	2-(cyclopropylamino)acetic acid	N-cPr-Gly	2-(cyclopropylamino)acetic acid	Backbone	alpha	Gly	115.13199999999999	-0.17700000000000032	49.33	14.5	TRUE	N(C1(CC1))CC(=O)O	DXQCCQKRNWMECV-UHFFFAOYSA-N
NPr-G	2-(propylamino)acetic acid	Pr-Gly	2-(propylamino)acetic acid	Backbone	alpha	Gly	117.14799999999998	0.07059999999999994	49.33	24.5	TRUE	N(CCC)CC(=O)O	BHUGZIJOVAVBOQ-UHFFFAOYSA-N
Phe_4ureido	(2S)-2-amino-3-[4-(carbamoylamino)phenyl]propanoic acid	Phe(4-ureido)	(2S)-2-amino-3-(4-(carbamoylamino)phenyl)propanoic acid	Backbone	alpha	Phe	223.23199999999994	0.1316	118.44000000000001	12.5	TRUE	N[C@@H](Cc1(ccc(cc1)NC(=O)N))C(=O)O	ZTAKYRNNPKFXGS-QMMMGPOBSA-N
Hyp_Ph	(2S,4R)-4-phenoxypyrrolidine-2-carboxylic acid	Hyp(Ph)	(2S,4R)-4-phenoxypyrrolidine-2-carboxylic acid	Backbone	alpha	Pro	207.22899999999998	0.8805000000000001	58.56	8.9	TRUE	N2[C@@H](C[C@@H](Oc1(ccccc1))C2)C(=O)O	RWSHAZYNUOFZMI-ZJUUUORDSA-N
Pro_4RN3	(2S,4R)-4-azidopyrrolidine-2-carboxylic acid	Pro(4R-N3)	(2S,4R)-4-azidopyrrolidine-2-carboxylic acid	Backbone	alpha	Pro	156.14500000000004	-0.05672000000000038	91.58	7.2	TRUE	N1[C@@H](C[C@H](C1)[N-][N+]#N)C(=O)O	PPRFZPZRQYPCER-DMTCNVIQSA-N
Phg_2Cl	(2S)-2-amino-2-(2-chlorophenyl)acetic acid	Phg(2-Cl)	(2S)-2-amino-2-(2-chlorophenyl)acetic acid	Backbone	alpha	X	185.60999999999996	1.4244	63.32000000000001	14	TRUE	N[C@@H](c1(ccccc1Cl))C(=O)O	LMIZLNPFTRQPSF-ZETCQYMHSA-N
D-Ala_pyrazin2yl	(2R)-2-amino-3-pyrazin-2-ylpropanoic acid	D-Ala(pyrazin-2-yl)	(2R)-2-amino-3-(pyrazin-2-yl)propanoic acid	Backbone	alpha	Phe	167.16799999999998	-0.569	89.10000000000001	9.5	TRUE	N[C@H](Cc1(cnccn1))C(=O)O	JNNCNURVELPUNP-ZCFIWIBFSA-N
Phe_bSMe	(2S,3S)-2-amino-3-phenylbutanoic acid	Phe(bS-Me)	(2S,3S)-2-amino-3-phenylbutanoic acid	Backbone	alpha	Phe	179.21899999999997	1.202	63.32000000000001	22.3	TRUE	N[C@@H]([C@@H](C)c1(ccccc1))C(=O)O	IRZQDMYEJPNDEN-CBAPKCEASA-N
Tyr_35diCl	(2S)-2-amino-3-(3,5-dichloro-4-hydroxyphenyl)propanoic acid	Tyr(3,5-diCl)	(2S)-2-amino-3-(3,5-dichloro-4-hydroxyphenyl)propanoic acid	Backbone	alpha	Tyr	250.081	1.6533999999999998	83.55	18.6	TRUE	N[C@@H](Cc1(cc(Cl)c(O)c(Cl)c1))C(=O)O	MPHURJQUHZHALJ-ZETCQYMHSA-N
Nle_pentyl	(2S)-2-aminoundecanoic acid	Nle(pentyl)	(2S)-2-aminoundecanoic acid	Backbone	alpha	X	201.31	2.5390000000000006	63.32000000000001	14.9	TRUE	N[C@@H](CCCCCCCCC)C(=O)O	HASUJDLTAYUWCO-JTQLQIEISA-N
aMeNle_vinyl	(2S)-2-amino-2-methyloct-7-enoic acid	aMeNle(vinyl)	(2S)-2-amino-2-methyloct-7-enoic acid	Backbone	alpha	X	171.24	1.5348	63.32000000000001	8.5	TRUE	N[C@@](C)(CCCCC=C)C(=O)O	LZZHLUIHALMSMF-VIFPVBQESA-N
D-Pra	(2R)-2-aminopent-4-ynoic acid	D-Pra	(2R)-2-aminopent-4-ynoic acid	Backbone	alpha	Val	113.11599999999997	-0.5784000000000002	63.32000000000001	14.8	TRUE	N[C@H](CC#C)C(=O)O	DGYHPLMPMRKMPD-SCSAIBSYSA-N
4-thia-Pip	(3S)-thiomorpholine-3-carboxylic acid	4-thia-Pip	(3S)-thiomorpholine-3-carboxylic acid	Backbone	alpha	Pro	147.199	-0.22400000000000003	49.33	9.5	TRUE	N1[C@H](CSCC1)C(=O)O	JOKIQGQOKXGHDV-SCSAIBSYSA-N
Abu_tetrazol5yl	(2S)-2-amino-4-(2H-tetrazol-5-yl)butanoic acid	Abu(tetrazol-5-yl)	(2S)-2-amino-4-(1H-tetrazol-5-yl)butanoic acid	Backbone	alpha	Phe	171.16000000000003	-1.4558000000000002	117.77999999999999	11	TRUE	N[C@@H](CCc1(nnn[nH]1))C(=O)O	DXFDIQNGJWQJGA-VKHMYHEASA-N
Phe_24diF	(2S)-2-amino-3-(2,4-difluorophenyl)propanoic acid	Phe(2,4-diF)	(2S)-2-amino-3-(2,4-difluorophenyl)propanoic acid	Backbone	alpha	Phe	201.17199999999997	0.9192	63.32000000000001	12.2	TRUE	N[C@@H](Cc1(ccc(F)cc1F))C(=O)O	UEFLPVKMPDEMFW-QMMMGPOBSA-N
Ala_pyrazin2yl	(2S)-2-amino-3-pyrazin-2-ylpropanoic acid	Ala(pyrazin-2-yl)	(2S)-2-amino-3-(pyrazin-2-yl)propanoic acid	Backbone	alpha	Phe	167.16799999999998	-0.569	89.10000000000001	8.9	TRUE	N[C@@H](Cc1(cnccn1))C(=O)O	JNNCNURVELPUNP-LURJTMIESA-N
NMeOEt-G	2-(2-methoxyethylamino)acetic acid	MeOEt-Gly	2-((2-methoxyethyl)amino)acetic acid	Backbone	alpha	Gly	133.147	-0.6929999999999998	58.56	21.9	TRUE	N(CCOC)CC(=O)O	RHLQNMMWMDYKFY-UHFFFAOYSA-N
NcHex-G	2-(cyclohexylamino)acetic acid	N-cHex-Gly	2-(cyclohexylamino)acetic acid	Backbone	alpha	Gly	157.21300000000002	0.9932999999999998	49.33	20.1	TRUE	N(C1(CCCCC1))CC(=O)O	OQMYZVWIXPPDDE-UHFFFAOYSA-N
Ala_CN	(2S)-2-amino-3-cyanopropanoic acid	Ala(CN)	(2S)-2-amino-3-cyanopropanoic acid	Backbone	alpha	X	114.10399999999998	-0.6880200000000001	87.11	14.1	TRUE	N[C@@H](CC#N)C(=O)O	BXRLWGXPSRYJDZ-VKHMYHEASA-N
Phe_SO3H	(2S)-2-amino-3-(4-sulfophenyl)propanoic acid	Phe(SO3H)	(2S)-2-amino-3-(4-sulfophenyl)propanoic acid	Backbone	alpha	Phe	245.25599999999994	-0.11230000000000018	117.69000000000001	13.2	TRUE	N[C@@H](Cc1(ccc(cc1)S(=O)(=O)O))C(=O)O	ALQIUGWFHKQQHV-QMMMGPOBSA-N
Tpi	(3S)-2,3,4,9-tetrahydro-1H-pyrido[3,4-b]indole-3-carboxylic acid	Tpi	(12S)-8,11-diazatricyclo[7.4.0.0^{2,7}]trideca-1(9),2,4,6-tetraene-12-carboxylic acid	Backbone	alpha	Pro	216.24	1.2668	65.12	30.2	TRUE	N1[C@@H](Cc2(c(C1)[nH]c3(ccccc23)))C(=O)O	FSNCEEGOMTYXKY-JTQLQIEISA-N
THIQ1S-1-CO2H	(1S)-1,2,3,4-tetrahydroisoquinoline-1-carboxylic acid	THIQ(1S)-1-CO2H	(2S)-3-azabicyclo[4.4.0]deca-1(10),6,8-triene-2-carboxylic acid	Backbone	alpha	Pro	177.20299999999997	0.958	49.33	13.6	TRUE	N2[C@@H](c1(ccccc1CC2))C(=O)O	OXFGRWIKQDSSLY-VIFPVBQESA-N
Gly_thien2yl	(2R)-2-amino-2-thiophen-2-ylacetic acid	Gly(thien-2-yl)	(2R)-2-amino-2-(thiophen-2-yl)acetic acid	Backbone	alpha	X	157.194	0.8325000000000002	63.32000000000001	10.2	TRUE	N[C@@H](c1(cccs1))C(=O)O	XLMSKXASROPJNG-YFKPBYRVSA-N
D-Tpi	D-Tryptoline-3-carboxylic acid	D-Tpi	(12R)-8,11-diazatricyclo[7.4.0.0^{2,7}]trideca-1(9),2,4,6-tetraene-12-carboxylic acid	Backbone	alpha	Pro	216.24	1.2668	65.12	12.4	TRUE	N1[C@H](Cc2(c(C1)[nH]c3(ccccc23)))C(=O)O	FSNCEEGOMTYXKY-SNVBAGLBSA-N
Phe_4Ph_3OMe	(2S)-2-amino-3-[4-(3-methoxyphenyl)phenyl]propanoic acid	Phe(4-Ph(3-OMe))	(2S)-2-amino-3-(4-(3-methoxyphenyl)phenyl)propanoic acid	Backbone	alpha	Phe	271.316	2.3166	72.55	8.1	TRUE	N[C@@H](Cc1(ccc(cc1)c2(cccc(OC)c2)))C(=O)O	FREFJQVVDGOAQX-HNNXBMFYSA-N
Nhexyl-G	2-(hexylamino)acetic acid	hexyl-Gly	2-(hexylamino)acetic acid	Backbone	alpha	Gly	159.229	1.2409000000000001	49.33	19.6	TRUE	N(CCCCCC)CC(=O)O	DAQPDSNNUNDKNX-UHFFFAOYSA-N
D-Phe_4OBn	O-Benzyl-D-tyrosine	D-Tyr(Bn)	(2R)-2-amino-3-(4-benzyloxyphenyl)propanoic acid	Backbone	alpha	Tyr	271.316	2.22	72.55	14	TRUE	N[C@H](Cc2(ccc(OCc1(ccccc1))cc2))C(=O)O	KAFHLONDOVSENM-OAHLLOKOSA-N
D-hCit	(2R)-2-amino-6-(carbamoylamino)hexanoic acid	D-hCit	(2R)-2-amino-6-(carbamoylamino)hexanoic acid	Backbone	alpha	Arg	189.215	-0.7630999999999994	118.44000000000001	11.7	TRUE	N[C@H](CCCCNC(=O)N)C(=O)O	XIGSAGMEBXLVJJ-RXMQYKEDSA-N
Phg_4F	(2S)-2-amino-2-(4-fluorophenyl)acetic acid	Phg(4-F)	(2S)-2-amino-2-(4-fluorophenyl)acetic acid	Backbone	alpha	X	169.15499999999997	0.9101000000000001	63.32000000000001	9.5	TRUE	N[C@@H](c1(ccc(F)cc1))C(=O)O	JKFYKCYQEWQPTM-ZETCQYMHSA-N
NBn-A	(2S)-2-(benzylamino)propanoic acid	Bn-Ala	(2S)-2-(benzylamino)propanoic acid	Backbone	alpha	Ala	179.21899999999997	1.2493	49.33	19.6	TRUE	N(Cc1(ccccc1))[C@@H](C)C(=O)O	RLIHXKPTGKETCC-QMMMGPOBSA-N
EtOMe-D-Gly	(3R)-morpholine-3-carboxylic acid	EtOMe-D-Gly	(3R)-morpholine-3-carboxylic acid	Backbone	alpha	Pro	131.131	-0.9406000000000001	58.56	12.3	TRUE	N1[C@H](COCC1)C(=O)O	JUNOWSHJELIDQP-SCSAIBSYSA-N
NMe-D-Orn	methyl D-ornithine	Me-D-Orn	(2R)-5-amino-2-(methylamino)pentanoic acid	Backbone	alpha	Lys	146.19000000000003	-0.6020999999999996	75.35	14.8	TRUE	N(C)[C@H](CCCN)C(=O)O	OZRWQPFBXDVLAH-RXMQYKEDSA-N
Tic_6OH	(3S)-6-hydroxy-1,2,3,4-tetrahydroisoquinoline-3-carboxylic acid	Tic(6-OH)	(4S)-8-hydroxy-3-azabicyclo[4.4.0]deca-1(10),6,8-triene-4-carboxylic acid	Backbone	alpha	Pro	193.20199999999994	0.49109999999999987	69.56	15.2	TRUE	N2[C@@H](Cc1(cc(O)ccc1C2))C(=O)O	CRAGDYRHPWTZJL-VIFPVBQESA-N
Orn_Me	(2S)-2-amino-5-(methylamino)pentanoic acid	Orn(Me)	(2S)-2-amino-5-(methylamino)pentanoic acid	Backbone	alpha	Lys	146.19	-0.6021000000000001	75.35	18.9	TRUE	N[C@@H](CCCNC)C(=O)O	HZVXTZMGAFEVFQ-YFKPBYRVSA-N
Ser_OGly	(2S)-2-amino-3-(2-aminoacetyl)oxypropanoic acid	Ser(O-Gly)	(2S)-2-amino-3-(aminomethylcarbonyloxy)propanoic acid	Backbone	alpha	X	162.145	-2.0997999999999992	115.64	14.4	TRUE	NCC(=O)OC[C@H](N)C(=O)O	UCCAORFDUCOVNR-VKHMYHEASA-N
Phe_4di2chloroethylamino	Melphalan	Phe(4-di(2-chloroethyl)amino)	(2S)-2-amino-3-(4-(bis(2-chloroethyl)amino)phenyl)propanoic acid	Backbone	alpha	Phe	305.2049999999999	1.925	66.56	13.5	TRUE	N[C@@H](Cc1(ccc(cc1)N(CCCl)CCCl))C(=O)O	SGDBTWWWUNNDEQ-LBPRGKRZSA-N
Phe_2I	m-Iodophenylalanine	Phe(2-I)	(2S)-2-amino-3-(2-iodophenyl)propanoic acid	Backbone	alpha	Phe	291.088	1.2456000000000003	63.32000000000001	7.4	TRUE	N[C@@H](Cc1(ccccc1I))C(=O)O	BKXVGLPBXYBDDM-QMMMGPOBSA-N
Tyr_CHCO2H2	2-[4-[(2S)-2-amino-2-carboxyethyl]phenoxy]propanedioic acid	Tyr(CH(CO2H)2)	2-((4-((2S)-2-amino-3-hydroxy-3-oxopropyl)phenyl)oxy)malonic acid	Backbone	alpha	Tyr	283.236	-0.44239999999999974	147.15	11	TRUE	N[C@@H](Cc1(ccc(OC(C(=O)O)C(=O)O)cc1))C(=O)O	SZIGXRNNKJDSAT-QMMMGPOBSA-N
Tyr_3Cl	(2S)-2-amino-3-(3-chloro-4-hydroxyphenyl)propanoic acid	Tyr(3-Cl)	(2S)-2-amino-3-(3-chloro-4-hydroxyphenyl)propanoic acid	Backbone	alpha	Tyr	215.63599999999997	1	83.55	24	TRUE	N[C@@H](Cc1(ccc(O)c(Cl)c1))C(=O)O	ACWBBAGYTKWBCD-ZETCQYMHSA-N
Glu_OBn	L-Glutamic acid gamma-benzyl ester	Glu(OBn)	(2S)-2-amino-4-(benzyloxycarbonyl)butanoic acid	Backbone	alpha	Glu	237.25500000000002	0.9218999999999999	89.62000000000002	11.2	TRUE	N[C@@H](CCC(=O)OCc1(ccccc1))C(=O)O	BGGHCRNCRWQABU-JTQLQIEISA-N
D-Phe_34diOMe	(2R)-2-amino-3-(3,4-dimethoxyphenyl)propanoic acid	D-Phe(3,4-diOMe)	(2R)-2-amino-3-(3,4-dimethoxyphenyl)propanoic acid	Backbone	alpha	Tyr	225.24399999999997	0.6581999999999999	81.78	10.5	TRUE	N[C@H](Cc1(ccc(OC)c(OC)c1))C(=O)O	VWTFNYVAFGYEKI-MRVPVSSYSA-N
D-Trp_5F	(2R)-2-amino-3-(5-fluoro-1H-indol-3-yl)propanoic acid	D-Trp(5-F)	(2R)-2-amino-3-(5-fluoro-1H-indol-3-yl)propanoic acid	Backbone	alpha	Trp	222.21899999999997	1.2614000000000003	79.11	9.5	TRUE	N[C@H](Cc1(c[nH]c2(ccc(F)cc12)))C(=O)O	INPQIVHQSQUEAJ-SECBINFHSA-N
THIQ1R-1-CO2H	(1R)-1,2,3,4-tetrahydroisoquinoline-1-carboxylic acid	THIQ(1R)-1-CO2H	(2R)-3-azabicyclo[4.4.0]deca-1(10),6,8-triene-2-carboxylic acid	Backbone	alpha	Pro	177.20299999999997	0.958	49.33	12.7	TRUE	N2[C@H](c1(ccccc1CC2))C(=O)O	OXFGRWIKQDSSLY-SECBINFHSA-N
D-Nle_vinyl	(2R)-2-aminooct-7-enoic acid	D-Nle(vinyl)	(2R)-2-aminooct-7-enoic acid	Backbone	alpha	Leu	157.213	1.1446999999999998	63.32000000000001	14.3	TRUE	N[C@H](CCCCC=C)C(=O)O	VXVRWMRIUKRFMP-SSDOTTSWSA-N
Phe_NHMe	(2S)-2-amino-3-[4-(methylamino)phenyl]propanoic acid	Phe(NHMe)	(2S)-2-amino-3-(4-(methylamino)phenyl)propanoic acid	Backbone	alpha	Phe	194.23399999999995	0.6826999999999996	75.35	14.2	TRUE	N[C@@H](Cc1(ccc(cc1)NC))C(=O)O	XWDFHSRKLQGCDB-VIFPVBQESA-N
Abu_CN	(2S)-2-amino-4-cyanobutanoic acid	Abu(CN)	(2S)-2-amino-4-cyanobutanoic acid	Backbone	alpha	Lys	128.131	-0.29792000000000024	87.11	8.2	TRUE	N[C@@H](CCC#N)C(=O)O	VZSTVUJXUYNIOQ-BYPYZUCNSA-N
4-aza-Pip	(2S)-piperazine-2-carboxylic acid	4-aza-Pip	(2S)-piperazine-2-carboxylic acid	Backbone	alpha	Pro	130.14700000000002	-1.3675999999999993	61.36	14.4	TRUE	N1[C@@H](CNCC1)C(=O)O	JSSXHAMIXJGYCS-BYPYZUCNSA-N
Thz_Me2	(4R)-2,2-dimethyl-1,3-thiazolidine-4-carboxylic acid	Thz(Me2)	(4R)-2,2-dimethyl-thiazolidine-4-carboxylic acid	Backbone	alpha	Pro	161.226	0.5121	49.33	17.9	TRUE	N1[C@@H](CSC1(C)C)C(=O)O	OCQICQZUUHJWGZ-BYPYZUCNSA-N
Phe_CF2PO3	(2S)-2-amino-3-[4-[difluoro(phosphono)methyl]phenyl]propanoic acid	Phe(CF2PO3)	(2S)-2-amino-3-(4-(dihydroxyphosphoryldifluoromethyl)phenyl)propanoic acid	Backbone	alpha	Phe	295.178	0.8679999999999999	120.85000000000001	21.1	TRUE	N[C@@H](Cc1(ccc(cc1)C(F)(F)P(=O)(O)O))C(=O)O	HRDUMKHDIFUQGB-QMMMGPOBSA-N
D-Tyr_3I	(2R)-2-amino-3-(4-hydroxy-3-iodophenyl)propanoic acid	D-Tyr(3-I)	(2R)-2-amino-3-(4-hydroxy-3-iodophenyl)propanoic acid	Backbone	alpha	Tyr	307.087	0.9512	83.55	12.6	TRUE	N[C@H](Cc1(ccc(O)c(I)c1))C(=O)O	UQTZMGFTRHFAAM-SSDOTTSWSA-N
Tyr_23_56tetraF	(2S)-2-amino-3-(2,3,5,6-tetrafluoro-4-hydroxyphenyl)propanoic acid	Tyr(2,3,5,6-tetraF)	(2S)-2-amino-3-(2,3,5,6-tetrafluoro-4-hydroxyphenyl)propanoic acid	Backbone	alpha	Tyr	253.15099999999998	0.903	83.55	8.4	TRUE	N[C@@H](Cc1(c(F)c(F)c(O)c(F)c1F))C(=O)O	KFUSMUNGVKVABM-VKHMYHEASA-N
NiPr-G	2-(propan-2-ylamino)acetic acid	iPr-Gly	2-((propan-2-yl)amino)acetic acid	Backbone	alpha	Gly	117.14799999999998	0.06899999999999967	49.33	27.5	TRUE	N(C(C)C)CC(=O)O	HEPOIJKOXBKKNJ-UHFFFAOYSA-N
Pro_4SN3	(2S,4S)-4-azidopyrrolidine-2-carboxylic acid	Pro(4S-N3)	(2S,4S)-4-azidopyrrolidine-2-carboxylic acid	Backbone	alpha	Pro	156.14500000000004	-0.05672000000000038	91.58	10.4	TRUE	N1[C@@H](C[C@@H](C1)[N-][N+]#N)C(=O)O	PPRFZPZRQYPCER-IMJSIDKUSA-N
Ala_uracil1yl	alpha-amino-2,4-dioxopyrimidinepropanoic acid	Ala(uracil-1-yl)	(2S)-2-amino-3-(2,4-dioxo-1,3-diazacyclohex-5-en-1-yl)propanoic acid	Backbone	alpha	Phe	199.16599999999997	-2.0515	118.17999999999999	8.8	FALSE	N[C@@H](Cn1(ccc(=O)[nH]c1=O))C(=O)O	FACUYWPMDKTVFU-BYPYZUCNSA-N
D-Tyr_35diI	(2R)-2-amino-3-(4-hydroxy-3,5-diiodophenyl)propanoic acid	D-Tyr(3,5-diI)	(2R)-2-amino-3-(4-hydroxy-3,5-diiodophenyl)propanoic acid	Backbone	alpha	Tyr	432.98300000000006	1.5557999999999998	83.55	10.1	TRUE	N[C@H](Cc1(cc(I)c(O)c(I)c1))C(=O)O	NYPYHUZRZVSYKL-SSDOTTSWSA-N
NMe-D-Hcy	methyl D-homocysteine	Me-D-Hcy	(2R)-2-(methylamino)-4-sulfanylbutanoic acid	Backbone	alpha	Cys	149.215	-0.02110000000000012	49.33	11.4	TRUE	N(C)[C@H](CCS)C(=O)O	PHMDDWYPVDXMNL-SCSAIBSYSA-N
Lys_TAc	6-N-Thiolacetyl-L-Lysine, N-epsilon-Thioacetyllysine	Lys(TAc)	(2S)-2-amino-6-methylcarbonothioylaminohexanoic acid	Backbone	alpha	Lys	204.295	0.5054999999999996	75.35	22	TRUE	N[C@@H](CCCCNC(C)=S)C(=O)O	SLVMGVMSUOULGW-ZETCQYMHSA-N
Gly_Pr_Pr	Dipropylglycine	Gly(Pr,Pr)	2-amino-2-propylpentanoic acid	Backbone	alpha	Leu	159.229	1.3687	63.32000000000001	18.8	TRUE	NC(CCC)(CCC)C(=O)O	CZHCGMZJLLOYJW-UHFFFAOYSA-N
Tyr_35diBr	3,5-dibromo-L-Tyrosine	Tyr(3,5-diBr)	(2S)-2-amino-3-(3,5-dibromo-4-hydroxyphenyl)propanoic acid	Backbone	alpha	Tyr	338.98300000000006	1.8716000000000002	83.55	15.8	TRUE	N[C@@H](Cc1(cc(Br)c(O)c(Br)c1))C(=O)O	COESHZUDRKCEPA-ZETCQYMHSA-N
D-Nle_4Et	4-Ethyl-D-Norleucine	D-Nle(4-Et)	(2R)-2-amino-4-ethylhexanoic acid	Backbone	alpha	Leu	159.229	1.2245999999999997	63.32000000000001	13.2	TRUE	N[C@H](CC(CC)CC)C(=O)O	FNTZSUXNNTXOEI-SSDOTTSWSA-N
Ala_tetrazol5yl	3-tetrazol-5-yl-L-alanine	Ala(tetrazol-5-yl)	(2S)-2-amino-3-(1H-tetrazol-5-yl)propanoic acid	Backbone	alpha	Phe	157.133	-1.8459000000000003	117.77999999999999	4.6	TRUE	N[C@@H](Cc1(nnn[nH]1))C(=O)O	UHDMAEPGMOIEHH-REOHCLBHSA-N
2Abz	Anthranilic acid	2Abz	2-aminobenzene-1-carboxylic acid	Backbone	unknown	X	137.13799999999998	0.9670000000000001	63.32000000000001	29.4	FALSE	Nc1c(cccc1)C(=O)O	RWZYAGGXGHYGMB-UHFFFAOYSA-N
NHOCOCH2-bAla	N-(carboxymethyl)-beta alanine	HOCOCH2-bAla	3-((2-hydroxy-2-oxoethyl)amino)propanoic acid	Backbone	alpha	Gly	147.13	-0.8646999999999994	86.63000000000001	11.6	TRUE	N(CCC(=O)O)CC(=O)O	GAUBNQMYYJLWNF-UHFFFAOYSA-N
aCONH2Gaba	Isoglutamine	aCONH2Gaba	(4S)-4-amino-4-carbamoylbutanoic acid	Backbone	gamma	X	146.14600000000002	-1.3362000000000005	106.41000000000001	27.4	TRUE	N[C@H](C(=O)N)CCC(=O)O	AEFLONBTGZFSGQ-VKHMYHEASA-N
Phe_CHF2	4-(difluoromethyl)-L-phenylalanine	Phe(CHF2)	(2S)-2-amino-3-(4-(difluoromethyl)phenyl)propanoic acid	Backbone	alpha	Phe	215.19899999999996	1.5786000000000002	63.32000000000001	7.6	TRUE	N[C@@H](Cc1(ccc(cc1)C(F)F))C(=O)O	WAAULDXYXPJAKD-QMMMGPOBSA-N
NEt-F	N-ethyl-L-phenylalanine	Et-Phe	(2S)-2-(ethylamino)-3-phenylpropanoic acid	Backbone	alpha	Phe	193.24599999999998	1.2918	49.33	17	TRUE	N(CC)[C@@H](Cc1(ccccc1))C(=O)O	ZHLKFJCNKZEBNG-JTQLQIEISA-N
NBn4Cl-G	N-(4-chlorobenzyl)-glycine	Bn(4-Cl)-Gly	2-(((4-chlorophenyl)methyl)amino)acetic acid	Backbone	alpha	Gly	199.63699999999997	1.5142	49.33	12.2	TRUE	N(Cc1(ccc(Cl)cc1))CC(=O)O	AEUCLXJGFMJQMP-UHFFFAOYSA-N
Npyrid2ylmethyl-G	N-pyrid-2-ylmethyl-glycine	pyrid-2-ylmethyl-Gly	2-(((pyridin-2-yl)methyl)amino)acetic acid	Backbone	alpha	Gly	166.17999999999998	0.25579999999999975	62.22	11.7	TRUE	N(Cc1(ccccn1))CC(=O)O	MDMCWJVDDJDEGI-UHFFFAOYSA-N
hPhe_2Cl	2-chloro-L-homophenylalanine	hPhe(2-Cl)	(2S)-2-amino-4-(2-chlorophenyl)butanoic acid	Backbone	alpha	Phe	213.66399999999996	1.6844999999999999	63.32000000000001	5.3	TRUE	N[C@@H](CCc1(ccccc1Cl))C(=O)O	ZYQDUOLAVXZHAL-VIFPVBQESA-N
hPhe_3Cl	3-chloro-L-homophenylalanine	hPhe(3-Cl)	(2S)-2-amino-4-(3-chlorophenyl)butanoic acid	Backbone	alpha	Phe	213.664	1.6844999999999999	63.32000000000001	5.7	TRUE	N[C@@H](CCc1(cccc(Cl)c1))C(=O)O	XHVNXVGEFJHTMY-VIFPVBQESA-N
hPhe_4Cl	4-chloro-L-homophenylalanine	hPhe(4-Cl)	(2S)-2-amino-4-(4-chlorophenyl)butanoic acid	Backbone	alpha	Phe	213.664	1.6844999999999999	63.32000000000001	6.2	TRUE	N[C@@H](CCc1(ccc(Cl)cc1))C(=O)O	AQUBLNVPEAFNGD-VIFPVBQESA-N
Hse_Et	O-ethyl-L-homoserine	Hse(Et)	(2S)-2-amino-4-ethoxybutanoic acid	Backbone	alpha	Ser	147.174	-0.17510000000000053	72.55	10.1	TRUE	N[C@@H](CCOCC)C(=O)O	YCSFMOVBARTLBW-YFKPBYRVSA-N
Hyp_Et	(4R)-4-(ethyloxy)-L-proline	Hyp(Et)	(2S,4R)-4-ethoxypyrrolidine-2-carboxylic acid	Backbone	alpha	Pro	159.185	-0.1620000000000002	58.56	12.5	TRUE	N1[C@@H](C[C@@H](OCC)C1)C(=O)O	UGNGLHKEESUVLW-RITPCOANSA-N
Lys_Tfa	N6-trifluoroacetyl-L-lysine	Lys(Tfa)	(2S)-2-amino-6-(trifluoromethylcarbonylamino)hexanoic acid	Backbone	alpha	Lys	242.19699999999997	0.24709999999999943	92.42	10.7	TRUE	N[C@@H](CCCCNC(=O)C(F)(F)F)C(=O)O	PZZHRSVBHRVIMI-YFKPBYRVSA-N
D-Asn_Me2	N4,N4-dimethyl-D-asparagine	D-Asn(Me2)	(2R)-2-amino-3-(dimethylcarbamoyl)propanoic acid	Backbone	alpha	X	160.173	-1.1233999999999995	83.63000000000001	8.9	TRUE	N[C@H](CC(=O)N(C)C)C(=O)O	AHEBZPSPUGRPFZ-SCSAIBSYSA-N
Gln_Me2	N5,N5-dimethyl-L-glutamine	Gln(Me2)	(2S)-2-amino-4-(dimethylcarbamoyl)butanoic acid	Backbone	alpha	Lys	174.2	-0.7332999999999998	83.63000000000001	14.8	TRUE	N[C@@H](CCC(=O)N(C)C)C(=O)O	SMWQVIPJGSEJPA-YFKPBYRVSA-N
Ser_Pr	O-propyl-L-serine	Ser(Pr)	(2S)-2-amino-3-propoxypropanoic acid	Backbone	alpha	Ser	147.174	-0.17510000000000053	72.55	11.7	TRUE	N[C@@H](COCCC)C(=O)O	YLVYZXAQMZHQSE-YFKPBYRVSA-N
NMe-Tza	N-methyl-L-thiazolylalanine	Me-Tza	(2S)-2-(methylamino)-3-(thiazol-4-yl)propanoic acid	Backbone	alpha	Phe	186.23599999999996	0.3581999999999996	62.22	7.8	TRUE	N(C)[C@@H](Cc1(cscn1))C(=O)O	SJJJQDIGKIMGTG-LURJTMIESA-N
Tyr_3F	3-fluoro-L-tyrosine	Tyr(3-F)	(2S)-2-amino-3-(3-fluoro-4-hydroxyphenyl)propanoic acid	Backbone	alpha	Tyr	199.18099999999995	0.48570000000000013	83.55	19.3	TRUE	N[C@@H](Cc1(ccc(O)c(F)c1))C(=O)O	VIIAUOZUUGXERI-ZETCQYMHSA-N
Phe_4OCHF2	O4-(difluoromethyl)-L-tyrosine	Tyr(CHF2)	(2S)-2-amino-3-(4-((difluoromethyl)oxy)phenyl)propanoic acid	Backbone	alpha	Tyr	231.19799999999995	1.2424000000000002	72.55	5.1	TRUE	N[C@@H](Cc1(ccc(OC(F)F)cc1))C(=O)O	ITFQXKAULLPDSW-QMMMGPOBSA-N
bAla_3RCF3	(3S)-3-amino-4,4,4-trifluorobutanoic acid	bAla(3R-CF3)	(3S)-3-amino-4,4,4-trifluorobutanoic acid	Backbone	beta	X	157.091	0.3507	63.32000000000001	6.4	TRUE	N[C@H](C(F)(F)F)CC(=O)O	XRXQOEWWPPJVII-REOHCLBHSA-N
Dap_3RMe	(2S,3R)-2,3-diaminobutanoic acid	Dap(3R-Me)	(2S,3R)-2,3-diaminobutanoic acid	Backbone	alpha	X	118.136	-1.2544999999999995	89.34	15.8	TRUE	N[C@@H]([C@@H](C)N)C(=O)O	SXGMVGOVILIERA-GBXIJSLDSA-N
bAla_3RMe	D-3-aminobutyric acid	bAla(3R-Me)	(3R)-3-aminobutanoic acid	Backbone	beta	Ala	103.12099999999998	-0.19170000000000004	63.32000000000001	18.8	TRUE	N[C@H](C)CC(=O)O	OQEBBZSWEGYTPG-GSVOUGTGSA-N
NMe-bAla_3RMe	N-methyl-D-3-aminobutyric acid	Me-bAla(3R-Me)	(3R)-3-(methylamino)butanoic acid	Backbone	beta	Ala	117.14799999999998	0.06899999999999967	49.33	17.4	TRUE	N(C)[C@H](C)CC(=O)O	VWQSQYOPIHNGBY-SCSAIBSYSA-N
bAla_3REtPh	(3R)-3-amino-5-phenylpentanoic acid	bAla(3R-EtPh)	(3R)-3-amino-5-phenylpentanoic acid	Backbone	beta	Phe	193.24599999999995	1.4211999999999998	63.32000000000001	8.5	TRUE	N[C@H](CCc1(ccccc1))CC(=O)O	CJJYCYZKUNRKFP-SNVBAGLBSA-N
bAib_R	(2R)-3-amino-2-methylpropanoic acid	bAib(R)	(2R)-3-amino-2-methylpropanoic acid	Backbone	beta	Ala	103.12099999999998	-0.3342000000000001	63.32000000000001	18	TRUE	NC[C@@H](C)C(=O)O	QCHPKSFMDHPSNR-GSVOUGTGSA-N
hPhe_34diCl	3,4-dichloro-L-homophe	hPhe(3,4-diCl)	(2S)-2-amino-4-(3,4-dichlorophenyl)butanoic acid	Backbone	alpha	Phe	248.10899999999998	2.3379	63.32000000000001	4.7	TRUE	N[C@@H](CCc1(ccc(Cl)c(Cl)c1))C(=O)O	PHCCQGLRCCLUBD-VIFPVBQESA-N
Phe_3F_5Cl	(2S)-2-amino-3-(3-chloro-5-fluorophenyl)propanoic acid	Phe(3-F,5-Cl)	(2S)-2-amino-3-(3-chloro-5-fluorophenyl)propanoic acid	Backbone	alpha	Phe	217.62699999999998	1.4335000000000002	63.32000000000001	3	TRUE	N[C@@H](Cc1(cc(F)cc(Cl)c1))C(=O)O	DORXZOHSYXOQIU-QMMMGPOBSA-N
NMe-Gly_cPent	N-methyl-2-cyclopentyl-L-glycine	Me-Gly(cPent)	(2S)-2-cyclopentyl-2-(methylamino)acetic acid	Backbone	alpha	X	157.21300000000002	0.8492	49.33	11.4	TRUE	N(C)[C@@H](C1(CCCC1))C(=O)O	WPRPSYRCLINFTF-ZETCQYMHSA-N
hPhe_4CF3	4-trifluoromethyl-L-homophe	hPhe(4-CF3)	(2S)-2-amino-4-(4-(trifluoromethyl)phenyl)butanoic acid	Backbone	alpha	Phe	247.21599999999995	2.0499	63.32000000000001	9.4	TRUE	N[C@@H](CCc1(ccc(cc1)C(F)(F)F))C(=O)O	VOINSBLLXKDEJC-VIFPVBQESA-N
NMe-Chg	N-methyl-L-cyclohexylglycine	Me-Chg	(2S)-2-cyclohexyl-2-(methylamino)acetic acid	Backbone	alpha	X	171.24	1.2392999999999998	49.33	13.1	TRUE	N(C)[C@@H](C1(CCCCC1))C(=O)O	VBSXCVMRXXJTLX-QMMMGPOBSA-N
NMe-Hse_Me	N,O-dimethyl-L-homoserine	Me-Hse(Me)	(2S)-4-methoxy-2-(methylamino)butanoic acid	Backbone	alpha	Ser	147.174	-0.30450000000000027	58.56	12.4	TRUE	N(C)[C@@H](CCOC)C(=O)O	ZUWJAIZCMGDJBQ-YFKPBYRVSA-N
Gly_cBu	2-cyclobutyl-L-glycine	Gly(cBu)	(2S)-2-amino-2-cyclobutylacetic acid	Backbone	alpha	X	129.15900000000002	0.19839999999999985	63.32000000000001	6.1	TRUE	N[C@@H](C1(CCC1))C(=O)O	FZENWFNLDOYYFB-YFKPBYRVSA-N
5Pal_2F	(2S)-2-amino-3-(6-fluoropyridin-3-yl)propanoic Acid	5Pal(2-F)	(2S)-2-amino-3-(6-fluoropyridin-3-yl)propanoic acid	Backbone	alpha	Phe	184.17	0.17509999999999998	76.21	3.7	TRUE	N[C@@H](Cc1(ccc(F)nc1))C(=O)O	PSPBMVIGHPBZQZ-LURJTMIESA-N
NMe-Leu_45dehydro	(2S)-4-methyl-2-(methylamino)pent-4-enoic acid	Me-Leu(4,5-dehydro)	(2S)-4-methyl-2-(methylamino)pent-4-enoic acid	Backbone	alpha	Leu	143.186	0.6251999999999998	49.33	11.3	TRUE	N(C)[C@@H](CC(=C)C)C(=O)O	UDWJKFFVEHTELV-LURJTMIESA-N
Phe_3Ac	(2S)-2-amino-5-[[amino-(cyanoamino)methylidene]amino]pentanoic acid	Phe(3-Ac)	(2S)-3-(3-(acetyl)phenyl)-2-aminopropanoic acid	Backbone	alpha	Phe	207.22899999999996	0.8435999999999999	80.39	4.2	TRUE	N[C@@H](Cc1(cccc(c1)C(=O)C))C(=O)O	IBCKYXVMEMSMQM-JTQLQIEISA-N
D-Tic_7OMe	(3R)-7-methoxy-1,2,3,4-tetrahydroisoquinoline-3-carboxylic acid	D-Tic(7-OMe)	(4R)-9-methoxy-3-azabicyclo[4.4.0]deca-1(10),6,8-triene-4-carboxylic acid	Backbone	alpha	Pro	207.22899999999996	0.7941	58.56	5.8	TRUE	N2[C@H](Cc1(ccc(OC)cc1C2))C(=O)O	YDNMAPUCPGTICT-SNVBAGLBSA-N
Gly_4piperidyl	(2S)-2-amino-2-piperidin-4-ylacetic acid	Gly(4-piperidyl)	(2S)-2-amino-2-(piperidin-4-yl)acetic acid	Backbone	alpha	Lys	158.20100000000002	-0.6021000000000001	75.35	9.8	TRUE	N[C@@H](C1(CCNCC1))C(=O)O	SRMWKNUAAAAUED-LURJTMIESA-N
Tic_5Me	(3S)-5-methyl-1,2,3,4-tetrahydroisoquinoline-3-carboxylic acid	Tic(5-Me)	(4S)-7-methyl-3-azabicyclo[4.4.0]deca-1(10),6,8-triene-4-carboxylic acid	Backbone	alpha	Pro	191.22999999999996	1.09392	49.33	3.1	TRUE	N2[C@@H](Cc1(c(C)cccc1C2))C(=O)O	QLFCCSYNIFSINY-JTQLQIEISA-N
Phe_3Me_4Cl	3-Methyl-4-Chloro-L-Phenylalanine	Phe(3-Me,4-Cl)	(2S)-2-amino-3-(4-chloro-3-methylphenyl)propanoic acid	Backbone	alpha	Phe	213.664	1.6028200000000001	63.32000000000001	4.2	TRUE	N[C@@H](Cc1(ccc(Cl)c(C)c1))C(=O)O	ZOZGQWCBCFNPJE-VIFPVBQESA-N
D-Aze	D-2-carboxyazetidine	D-Aze	(2R)azetidine-2-carboxylic acid	Backbone	alpha	Pro	101.10499999999999	-0.5671000000000002	49.33	13.2	TRUE	N1[C@H](CC1)C(=O)O	IADUEWIQBXOCDZ-GSVOUGTGSA-N
bAla_3SCH2cHex	(S)-3-Amino-4-cyclohexylbutanoic acid	bAla(3S-CH2cHex)	(3S)-3-amino-4-cyclohexylbutanoic acid	Backbone	beta	Ala	185.267	1.7588	63.32000000000001	9	TRUE	N[C@@H](CC1(CCCCC1))CC(=O)O	KFJPIMWRYYGPGM-VIFPVBQESA-N
Pro_4SMe	(2S,4S)-4-methylpyrrolidine-2-carboxylic acid	Pro(4S-Me)	(2S,4S)-4-methylpyrrolidine-2-carboxylic acid	Backbone	alpha	Pro	129.15900000000002	0.06899999999999967	49.33	14.7	TRUE	N1[C@@H](C[C@H](C)C1)C(=O)O	KKJQZEWNZXRJFG-WHFBIAKZSA-N
Dap_CONH2	Albizziin, 3-((aminocarbonyl)amino)-L-Alanine	Dap(CONH2)	(2S)-2-amino-3-(carbamoylamino)propanoic acid	Backbone	alpha	Arg	147.13400000000001	-1.9333999999999998	118.44000000000001	9.4	TRUE	N[C@@H](CNC(=O)N)C(=O)O	GZYFIMLSHBLMKF-REOHCLBHSA-N
D-Tic_5Me	(3R)-5-methyl-1,2,3,4-tetrahydroisoquinoline-3-carboxylic acid	D-Tic(5-Me)	(4R)-7-methyl-3-azabicyclo[4.4.0]deca-1(10),6,8-triene-4-carboxylic acid	Backbone	alpha	Pro	191.22999999999996	1.09392	49.33	3.5	TRUE	N2[C@H](Cc1(c(C)cccc1C2))C(=O)O	QLFCCSYNIFSINY-SNVBAGLBSA-N
Trp_For	1-Formyl-L-tryptophan	Trp(For)	(2S)-2-amino-3-(1-(formyl)-1H-indol-3-yl)propanoic acid	Backbone	alpha	Trp	232.239	0.6340000000000001	85.32000000000001	11.9	TRUE	N[C@@H](Cc1(cn(C=O)c2(ccccc12)))C(=O)O	KRUDZOGZZBVSHD-JTQLQIEISA-N
2-azaBCH3101R3S5R-3-CO2H	(1R,3S,5R)-2-azabicyclo[3.1.0]hexane-3-carboxylic acid	2-azaBCH[3.1.0](1R,3S,5R)-3-CO2H	(1R,3S,5R)-2-azabicyclo[3.1.0]hexane-3-carboxylic acid	Backbone	alpha	Pro	127.14299999999999	-0.17860000000000015	49.33	14.3	TRUE	N1[C@@H](C[C@H]2(C[C@@H]12))C(=O)O	XBEMWFUKTKDJKP-WDCZJNDASA-N
Ser_Bu	(2S)-2-azanyl-3-butoxy-propanoic acid	Ser(Bu)	(2S)-2-amino-3-butoxypropanoic acid	Backbone	alpha	Ser	161.201	0.21499999999999936	72.55	12.9	TRUE	N[C@@H](COCCCC)C(=O)O	BVQOXKZMEATPAE-LURJTMIESA-N
D-Dap_CONH2	D-Albizziin, 3-((aminocarbonyl)amino)-D-Alanine	D-Dap(CONH2)	(2R)-2-amino-3-(carbamoylamino)propanoic acid	Backbone	alpha	Arg	147.13400000000001	-1.9333999999999998	118.44000000000001	5.9	TRUE	N[C@H](CNC(=O)N)C(=O)O	GZYFIMLSHBLMKF-UWTATZPHSA-N
aHyp_Me	(2S,4S)-4-methoxypyrrolidine-2-carboxylic acid	aHyp(Me)	(2S,4S)-4-methoxypyrrolidine-2-carboxylic acid	Backbone	alpha	Pro	145.15800000000002	-0.5521	58.56	11.6	TRUE	N1[C@@H](C[C@H](OC)C1)C(=O)O	RNXKXUOGQKYKTH-WHFBIAKZSA-N
Ala_fluoren9yl	(2S)-2-amino-3-(9H-fluoren-2-yl)propanoic acid	Ala(fluoren-9-yl)	(2S)-2-amino-3-(tricyclo[7.4.0.0^{2,7}]trideca-1(13),2,4,6,9,11-hexaen-11-yl)propanoic acid	Backbone	alpha	Phe	253.30099999999996	2.2122	63.32000000000001	2.8	TRUE	N[C@@H](Cc1(ccc2(c(c1)Cc3(ccccc23))))C(=O)O	GLWFDTWIDROQIY-HNNXBMFYSA-N
D-Ser_allyl	(2R)-2-amino-3-prop-2-enoxypropanoic acid	D-Ser(allyl)	(2R)-2-amino-3-((prop-2-en-1-yl)oxy)propanoic acid	Backbone	alpha	Ser	145.158	-0.3991000000000003	72.55	7.7	TRUE	N[C@H](COCC=C)C(=O)O	PLTOASLATKFEBR-RXMQYKEDSA-N
Trp_EtO2H	(2S)-2-amino-3-[1-(carboxymethyl)indol-3-yl]propanoic acid	Trp(EtO2H)	(2S)-2-amino-3-(1-(2-hydroxy-2-oxoethyl)-1H-indol-3-yl)propanoic acid	Backbone	alpha	Trp	262.265	0.6802999999999993	105.55	9	TRUE	N[C@@H](Cc1(cn(CC(=O)O)c2(ccccc12)))C(=O)O	NUIINCMATQEUSS-JTQLQIEISA-N
bAla_3RCH2cHex	(R)-3-Amino-4-cyclohexylbutanoic acid	bAla(3R-CH2cHex)	(3R)-3-amino-4-cyclohexylbutanoic acid	Backbone	beta	Ala	185.267	1.7588	63.32000000000001	7.9	TRUE	N[C@H](CC1(CCCCC1))CC(=O)O	KFJPIMWRYYGPGM-SECBINFHSA-N
Thr_Ac	(2S,3R)-3-acetyloxy-2-aminobutanoic acid	Thr(Ac)	(2S,3R)-2-amino-3-(acetoxy)butanoic acid	Backbone	alpha	Thr	161.15699999999998	-0.6501000000000001	89.62	18.6	TRUE	N[C@@H]([C@H](OC(=O)C)C)C(=O)O	GOVSRIMJZNIFHS-WUJLRWPWSA-N
Ser_Et	(2S)-2-Amino-3-ethoxypropanoic acid	Ser(Et)	(2S)-2-amino-3-ethoxypropanoic acid	Backbone	alpha	Ser	133.147	-0.5652000000000004	72.55	13.7	TRUE	N[C@@H](COCC)C(=O)O	AFGCRUGTZPDWSF-BYPYZUCNSA-N
D-Ser_Et	(2R)-2-Amino-3-ethoxypropanoic acid	D-Ser(Et)	(2R)-2-amino-3-ethoxypropanoic acid	Backbone	alpha	Ser	133.147	-0.5652000000000004	72.55	11.7	TRUE	N[C@H](COCC)C(=O)O	AFGCRUGTZPDWSF-SCSAIBSYSA-N
Phe_35diCF3	(2S)-2-amino-3-[3,5-bis(trifluoromethyl)phenyl]propanoic acid	Phe(3,5-diCF3)	(2S)-2-amino-3-(3,5-bis(trifluoromethyl)phenyl)propanoic acid	Backbone	alpha	Phe	301.186	2.6786000000000003	63.32000000000001	8.5	TRUE	N[C@@H](Cc1(cc(cc(c1)C(F)(F)F)C(F)(F)F))C(=O)O	NMTMNIDBMOGRKI-QMMMGPOBSA-N
Azi	(2S)-aziridine-2-carboxylic acid	Azi	(2S)-aziridine-2-carboxylic acid	Backbone	alpha	Ala	87.07799999999999	-0.9572	59.24000000000001	10.4	TRUE	N1[C@@H](C1)C(=O)O	WBGBOXYJYPVLQJ-REOHCLBHSA-N
D-Ala_CN	(2R)-2-amino-3-cyanopropanoic acid	D-Ala(CN)	(2R)-2-amino-3-cyanopropanoic acid	Backbone	alpha	X	114.10399999999998	-0.6880200000000001	87.11	8.7	TRUE	N[C@H](CC#N)C(=O)O	BXRLWGXPSRYJDZ-GSVOUGTGSA-N
Hse_Ph	(2S)-2-amino-4-phenoxybutanoic acid	Hse(Ph)	(2S)-2-amino-4-phenoxybutanoic acid	Backbone	alpha	Ser	195.218	0.8674	72.55	12.3	TRUE	N[C@@H](CCOc1(ccccc1))C(=O)O	OZTJTXTWPFGIHY-VIFPVBQESA-N
D-Lys_Me2	D-N-epsilon-Dimethyllysine	D-Lys(Me2)	(2R)-2-amino-6-(dimethylamino)hexanoic acid	Backbone	alpha	Lys	174.244	0.13020000000000004	66.56	11.1	TRUE	N[C@H](CCCCN(C)C)C(=O)O	XXEWFEBMSGLYBY-SSDOTTSWSA-N
NMe-Aib	methyl alpha-aminoisobutyric acid (2-aminoalanine)	Me-Aib	2-methyl-2-(methylamino)propanoic acid	Backbone	alpha	Ala	117.14799999999998	0.06899999999999967	49.33	18.2	TRUE	N(C)C(C)(C)C(=O)O	DLAMVQGYEVKIRE-UHFFFAOYSA-N
gGlu	Gamma-L-Glutamic acid	gGlu	(2S)-2-aminopentanedioic acid	Backbone	gamma	Glu	147.13	-0.7369000000000001	100.62000000000002	28.9	FALSE	N[C@H](C(=O)O)CCC(=O)O	WHUUTDBJXJRKMK-VKHMYHEASA-N
D-gGlu	Gamma-D-Glutamic acid	D-gGlu	(2R)-2-aminopentanedioic acid	Backbone	gamma	Glu	147.13	-0.7369000000000001	100.62000000000002	26.9	FALSE	N[C@@H](C(=O)O)CCC(=O)O	WHUUTDBJXJRKMK-GSVOUGTGSA-N
2-amino-Ac5c_1S_2S	(1S,2S)-2-Aminocyclopentanecarboxylic acid, (+)-Transpentacin	2-amino-Ac5c(1S,2S)	(1S,2S)-2-aminocyclopentanecarboxylic acid	Backbone	beta	Val	129.15900000000002	0.19839999999999985	63.32000000000001	8.3	TRUE	N[C@@H]1[C@H](CCC1)C(=O)O	JWYOAMOZLZXDER-WHFBIAKZSA-N
bAla_3RCH2NHMe	(3S,4R)-4-Amino-3-pyrrolidinecarboxylic acid	bAla(3R-CH2NHMe)	(3S,4R)-4-aminopyrrolidine-3-carboxylic acid	Backbone	beta	X	130.147	-1.3822999999999994	75.35	5.8	TRUE	N[C@@H]1[C@H](CNC1)C(=O)O	RMNHPXDNGOBDOT-IMJSIDKUSA-N
bAla_3SsBu_S	L-beta-Homoisoleucine	bAla(3S-sBu(S))	(3R,4S)-3-amino-4-methylhexanoic acid	Backbone	beta	Ile	145.202	0.8344999999999998	63.32000000000001	24.8	TRUE	N[C@@H]([C@@H](C)CC)CC(=O)O	JHEDYGILOIBOTL-NTSWFWBYSA-N
bhMet	L-beta-homomethionine	bhMet	(3R)-3-amino-5-(methylsulfanyl)pentanoic acid	Backbone	beta	Met	163.242	0.5414999999999996	63.32000000000001	16	TRUE	N[C@@H](CCSC)CC(=O)O	QWVNCDVONVDGDV-YFKPBYRVSA-N
bhTrp	L-beta-homotryptophan	bhTrp	(3S)-3-amino-4-(1H-indol-3-yl)butanoic acid	Backbone	beta	Trp	218.25599999999997	1.5124000000000004	79.11	18.4	TRUE	N[C@@H](Cc1(c[nH]c2(ccccc12)))CC(=O)O	DUVVFMLAHWNDJD-VIFPVBQESA-N
bAla_3SBuNH2	L-beta-homolysine	bAla(3S-BuNH2)	(3S)-3,7-diaminoheptanoic acid	Backbone	beta	Lys	160.217	-0.08260000000000073	89.34	24.9	TRUE	N[C@@H](CCCCN)CC(=O)O	PJDINCOFOROBQW-LURJTMIESA-N
bAla_3RiBu	D-Beta3-Homoleucine	bAla(3R-iBu)	(3R)-3-amino-5-methylhexanoic acid	Backbone	beta	Leu	145.202	0.8344999999999998	63.32000000000001	10.2	TRUE	N[C@H](CC(C)C)CC(=O)O	MLYMSIKVLAPCAK-ZCFIWIBFSA-N
bAla_3RBu	D-Beta3-Homo-Norleucine	bAla(3R-Bu)	(3R)-3-aminoheptanoic acid	Backbone	beta	Leu	145.202	0.9785999999999997	63.32000000000001	15.5	TRUE	N[C@H](CCCC)CC(=O)O	FUENJGFCFZKXBX-ZCFIWIBFSA-N
bAla_2RiPr	L-Beta2-Leucine, L-Beta2-Homo-Valine	bAla(2R-iPr)	(2R)-2-(aminomethyl)-3-methylbutanoic acid	Backbone	beta	Val	131.175	0.3019000000000002	63.32000000000001	13.1	TRUE	NC[C@@H](C(C)C)C(=O)O	UUQYMNPVPQLPID-YFKPBYRVSA-N
bAla_2SiPr	D-Beta2-Leucine, D-Beta2-Homo-Valine	bAla(2S-iPr)	(2S)-2-(aminomethyl)-3-methylbutanoic acid	Backbone	beta	Val	131.175	0.3019000000000002	63.32000000000001	17	TRUE	NC[C@H](C(C)C)C(=O)O	UUQYMNPVPQLPID-RXMQYKEDSA-N
bLeu_S	D-Beta-Leucine, D-Beta-Homo-Valine	bLeu(S)	(3S)-3-amino-4-methylpentanoic acid	Backbone	beta	Val	131.175	0.44439999999999985	63.32000000000001	15.4	TRUE	N[C@H](C(C)C)CC(=O)O	GLUJNGJDHCTUJY-YFKPBYRVSA-N
bAla_2RCH2OH	L-Beta2-Homo-serine	bAla(2R-CH2OH)	(2S)-3-amino-2-(hydroxymethyl)propanoic acid	Backbone	beta	Ser	119.11999999999998	-1.3618	83.55	16.7	TRUE	NC[C@@H](CO)C(=O)O	UHLNJPIGFDWGTP-VKHMYHEASA-N
bAla_2SCH2OH	D-Beta2-Homo-serine	bAla(2S-CH2OH)	(2R)-3-amino-2-(hydroxymethyl)propanoic acid	Backbone	beta	Ser	119.11999999999998	-1.3618	83.55	13.4	TRUE	NC[C@H](CO)C(=O)O	UHLNJPIGFDWGTP-GSVOUGTGSA-N
bAib_S	L-Beta2-Homo-Alanine	bAib(S)	(2S)-3-amino-2-methylpropanoic acid	Backbone	beta	Ala	103.12099999999998	-0.3342000000000001	63.32000000000001	20.6	TRUE	NC[C@H](C)C(=O)O	QCHPKSFMDHPSNR-VKHMYHEASA-N
bAla_3SCH2NHMe	trans-3-aminopyrrolidine-4-carboxylic acid	bAla(3S-CH2NHMe)	(3R,4S)-4-aminopyrrolidine-3-carboxylic acid	Backbone	beta	X	130.147	-1.3822999999999994	75.35	5.4	TRUE	N[C@H]1[C@@H](CNC1)C(=O)O	RMNHPXDNGOBDOT-QWWZWVQMSA-N
aMeCys	2-methyl-L-cysteine	aMeCys	(2R)-2-amino-2-(sulfanylmethyl)propanoic acid	Backbone	alpha	Cys	135.188	-0.28180000000000033	63.32000000000001	13	TRUE	N[C@@](C)(CS)C(=O)O	NZBONMFLYFGTAC-BYPYZUCNSA-N
Phe_4OCF3	(2S)-2-amino-3-[4-(trifluoromethoxy)phenyl]propanal	Tyr(CF3)	(2S)-2-amino-3-(4-((trifluoromethyl)oxy)phenyl)propanoic acid	Backbone	alpha	Tyr	249.18799999999996	1.5396000000000003	72.55	9.4	TRUE	N[C@@H](Cc1(ccc(OC(F)(F)F)cc1))C(=O)O	YZXUCQCJZKJMIR-QMMMGPOBSA-N
D-Cys_Me	S-methyl-D-cysteine	D-Cys(Me)	(2S)-2-amino-3-(methylsulfanyl)propanoic acid	Backbone	alpha	Cys	135.188	-0.2387000000000002	63.32000000000001	19.2	TRUE	N[C@H](CSC)C(=O)O	IDIDJDIHTAOVLG-GSVOUGTGSA-N
aMeGaba	(4S)-4-aminopentanoic acid	aMeGaba	(4S)-4-aminopentanoic acid	Backbone	gamma	Ala	117.14799999999998	0.19839999999999985	63.32000000000001	22.2	TRUE	N[C@@H](C)CCC(=O)O	ABSTXSZPGHDTAF-BYPYZUCNSA-N
D-aMeLys	2-methyl-D-lysine	D-aMeLys	(2R)-2,6-diamino-2-methylhexanoic acid	Backbone	alpha	Lys	160.217	-0.08260000000000067	89.34	11	TRUE	N[C@](C)(CCCCN)C(=O)O	CPUSCHYXEUZMSV-SSDOTTSWSA-N
D-Ac3c_2Svinyl	(1R,2S)-1-amino-2-ethenylcyclopropanecarboxylic acid	D-Ac3c(2S-vinyl)	(1R,2S)-1-amino-2-ethenylcyclopropanecarboxylic acid	Backbone	alpha	X	127.14299999999999	-0.025600000000000345	63.32000000000001	14.3	TRUE	N[C@@]1(C[C@H]1C=C)C(=O)O	GALLMPFNVWUCGD-INEUFUBQSA-N
Ala_thien2yl_5Br	3-(5-bromothiophen-2-yl)-L-alanine	Ala(thien-2-yl(5-Br))	(2S)-2-amino-3-(5-bromothiophen-2-yl)propanoic acid	Backbone	alpha	Phe	250.11699999999996	1.465	63.32000000000001	10.9	TRUE	N[C@@H](Cc1(ccc(Br)s1))C(=O)O	LKORPMMOJAJYLC-YFKPBYRVSA-N
D-Tyr_3Cl	3-chloro-D-tyrosine	D-Tyr(3-Cl)	(2R)-2-amino-3-(3-chloro-4-hydroxyphenyl)propanoic acid	Backbone	alpha	Tyr	215.63599999999997	1	83.55	20.4	TRUE	N[C@H](Cc1(ccc(O)c(Cl)c1))C(=O)O	ACWBBAGYTKWBCD-SSDOTTSWSA-N
Phe_4Ac	4-ACETYL-L-PHENYLALANINE	Phe(4-Ac)	(2S)-3-(4-(acetyl)phenyl)-2-aminopropanoic acid	Backbone	alpha	Phe	207.22899999999996	0.8435999999999999	80.39	16.5	TRUE	N[C@@H](Cc1(ccc(cc1)C(=O)C))C(=O)O	ZXSBHXZKWRIEIA-JTQLQIEISA-N
bAla_2RiBu	(2R)-2-(aminomethyl)-4-methylpentanoic acid	bAla(2R-iBu)	(2R)-2-(aminomethyl)-4-methylpentanoic acid	Backbone	beta	Leu	145.202	0.6920000000000002	63.32000000000001	16.5	TRUE	NC[C@@H](CC(C)C)C(=O)O	IAXQYBCPMFDMOJ-ZCFIWIBFSA-N
Phe_4ethynyl	4-ethynyl-L-phenylalanine	Phe(4-ethynyl)	(2S)-2-amino-3-(4-(ethynyl)phenyl)propanoic acid	Backbone	alpha	Phe	189.21399999999997	0.6223000000000001	63.32000000000001	9.5	TRUE	N[C@@H](Cc1(ccc(C#C)cc1))C(=O)O	PPDNGMUGVMESGE-JTQLQIEISA-N
Asp-OMe	(3~{S})-3-azanyl-4-methoxy-4-oxidanylidene-butanoic acid	Asp-OMe	(3S)-3-amino-3-(methoxycarbonyl)propanoic acid	Backbone	beta	X	147.13	-1.0385999999999997	89.62000000000002	24.4	TRUE	N[C@H](C(=O)OC)CC(=O)O	SWWBMHIMADRNIK-VKHMYHEASA-N
Phe_3Br	3-bromo-L-phenylalanine	Phe(3-Br)	(2S)-2-amino-3-(3-bromophenyl)propanoic acid	Backbone	alpha	Phe	244.08799999999997	1.4035000000000002	63.32000000000001	13.7	TRUE	N[C@@H](Cc1(cccc(Br)c1))C(=O)O	GDMOHOYNMWWBAU-QMMMGPOBSA-N
Phe_2OMe	(2S)-2-amino-3-(2-methoxyphenyl)propan-1-ol	Phe(2-OMe)	(2S)-2-amino-3-(2-methoxyphenyl)propanoic acid	Backbone	alpha	Tyr	195.21799999999996	0.6496	72.55	12.4	TRUE	N[C@@H](Cc1(ccccc1OC))C(=O)O	SEUPQWHWULSGJC-QMMMGPOBSA-N
aMeLys	2-Methyllysine	aMeLys	(2S)-2,6-diamino-2-methylhexanoic acid	Backbone	alpha	Lys	160.217	-0.08260000000000067	89.34	15.7	TRUE	N[C@@](C)(CCCCN)C(=O)O	CPUSCHYXEUZMSV-ZETCQYMHSA-N
D-bhTrp	(3~{R})-3-azanyl-4-(1~{H}-indol-3-yl)butanal	D-bhTrp	(3R)-3-amino-4-(1H-indol-3-yl)butanoic acid	Backbone	beta	Trp	218.25599999999997	1.5124000000000004	79.11	10.2	TRUE	N[C@H](Cc2(c[nH]c1(ccccc12)))CC(=O)O	DUVVFMLAHWNDJD-SECBINFHSA-N
NMe-Ala_cBu	(2~{S})-3-cyclobutyl-2-(methylamino)propanoic acid	Me-Ala(cBu)	(2S)-3-cyclobutyl-2-(methylamino)propanoic acid	Backbone	alpha	Ala	157.213	0.8492	49.33	9	TRUE	N(C)[C@@H](CC1(CCC1))C(=O)O	FWFFEJNSBQYNAZ-ZETCQYMHSA-N
bAla_3SMeSH	(3R)-3-amino-4-sulfanylbutanoic acid	bAla(3S-MeSH)	(3R)-3-amino-4-sulfanylbutanoic acid	Backbone	beta	Cys	135.188	-0.28180000000000033	63.32000000000001	11.2	TRUE	N[C@@H](CS)CC(=O)O	UGPZHAXXEJECMI-GSVOUGTGSA-N
Gla	GAMMA-CARBOXY-GLUTAMIC ACID	Gla	(2S)-2-amino-4-carboxypentanedioic acid	Backbone	alpha	Glu	191.13899999999998	-1.4261999999999997	137.92000000000002	26.5	TRUE	N[C@@H](CC(C(=O)O)C(=O)O)C(=O)O	UHBYWPGGCSDKFX-VKHMYHEASA-N
Dha	2-AMINO-ACRYLIC ACID	Dha	2-aminoprop-2-enoic acid	Backbone	unknown	Ala	87.07799999999999	-0.45659999999999995	63.32000000000001	34	TRUE	NC(=C)C(=O)O	UQBOJOOOTLPNST-UHFFFAOYSA-N
Asn_Me2	N4,N4-DIMETHYL-ASPARAGINE	Asn(Me2)	(2S)-2-amino-3-(dimethylcarbamoyl)propanoic acid	Backbone	alpha	X	160.173	-1.1233999999999995	83.63000000000001	15.8	TRUE	N[C@@H](CC(=O)N(C)C)C(=O)O	AHEBZPSPUGRPFZ-BYPYZUCNSA-N
Lys_Dan	N~6~-{[5-(DIMETHYLAMINO)-1-NAPHTHYL]SULFONYL}-L-LYSINE	Lys(Dan)	(2S)-2-amino-6-(5-(dimethylamino)naphthalen-1-ylsulfonylamino)hexanoic acid	Backbone	alpha	Lys	379.48200000000014	1.7663	112.73	8.2	TRUE	N[C@@H](CCCCNS(=O)(=O)c2(cccc1(c(cccc12)N(C)C)))C(=O)O	VQPRNSWQIAHPMS-HNNXBMFYSA-N
Pro_4carbonyl	4-OXOPROLINE	Pro(4-carbonyl)	(2S)-4-oxopyrrolidine-2-carboxylic acid	Backbone	alpha	Pro	129.115	-0.9980000000000004	66.4	8.9	TRUE	N1[C@@H](CC(=O)C1)C(=O)O	HFXAFXVXPMUQCQ-BYPYZUCNSA-N
Lys_Et2	N~6~,N~6~-diethyl-L-lysine	Lys(Et2)	(2S)-2-amino-6-(diethylamino)hexanoic acid	Backbone	alpha	Lys	202.29799999999997	0.9103999999999994	66.56	19.6	TRUE	N[C@@H](CCCCN(CC)CC)C(=O)O	LBVIZDDNHRTLPY-VIFPVBQESA-N
D-Phe_3Br	(2R)-2-azanyl-3-(3-bromophenyl)propanoic acid	D-Phe(3-Br)	(2R)-2-amino-3-(3-bromophenyl)propanoic acid	Backbone	alpha	Phe	244.08799999999997	1.4035000000000002	63.32000000000001	10.9	TRUE	N[C@H](Cc1(cccc(Br)c1))C(=O)O	GDMOHOYNMWWBAU-MRVPVSSYSA-N
bTyr_R	Beta-tyrosine	bTyr(R)	(3S)-3-amino-3-(4-hydroxyphenyl)propanoic acid	Backbone	beta	X	181.19099999999995	0.8667	83.55	15.8	TRUE	N[C@H](c1(ccc(O)cc1))CC(=O)O	JYPHNHPXFNEZBR-QMMMGPOBSA-N
bLys_S	beta-lysine	bLys(S)	(3S)-3,6-diaminohexanoic acid	Backbone	beta	Lys	146.19000000000003	-0.4727000000000004	89.34	25	TRUE	N[C@@H](CCCN)CC(=O)O	QKEWQOJCHPFEAF-YFKPBYRVSA-N
bAla_3SMe_biPr_2SOH	(2S,3S)-3-amino-2-hydroxy-5-methylhexanoic acid	bAla(3S-Me,b-iPr,2S-OH)	(2S,3S)-3-amino-2-hydroxy-5-methylhexanoic acid	Backbone	beta	Leu	161.201	-0.19470000000000032	83.55	9.5	TRUE	N[C@@H](CC(C)C)[C@H](O)C(=O)O	GZLMFCWSEKVVGO-WDSKDSINSA-N
D-aMeNle_but3enyl	Fmoc-(R)-2-(7-octenyl)alanine	D-aMeNle(but-3-enyl)	(2R)-2-amino-2-methyldec-9-enoic acid	Backbone	alpha	X	199.294	2.315	63.32000000000001	9	TRUE	N[C@](C)(CCCCCCC=C)C(=O)O	JWZFECWHKQLRGK-LLVKDONJSA-N
Met_SO	S-OXYMETHIONINE	Met(S-O)	(2S)-2-amino-4-((S)-methylsulfinyl)butanoic acid	Backbone	alpha	Met	165.214	-0.8331000000000004	80.39	21.2	TRUE	N[C@@H](CC[S@@](=O)C)C(=O)O	QEFRNWWLZKMPFJ-MFXDVPHUSA-N
Pip_4carbonyl	4-OXO-L-PIPECOLIC ACID	Pip(4-carbonyl)	(2S)-4-oxopiperidine-2-carboxylic acid	Backbone	alpha	Pro	143.142	-0.6079000000000006	66.4	20	TRUE	N1[C@@H](CC(=O)CC1)C(=O)O	UAISREBYDOFHJY-YFKPBYRVSA-N
SeMet	SELENOMETHIONINE	SeMet	(2S)-2-amino-4-(methylselanyl)butanoic acid	Backbone	alpha	Met	196.10799999999998	-0.041000000000000425	63.32000000000001	48.6	TRUE	N[C@@H](CC[Se]C)C(=O)O	RJFAYQIBOAGBLC-BYPYZUCNSA-N
NMe-Cys_Me	N,S-DIMETHYLCYSTEINE	Me-Cys(Me)	(2R)-2-(methylamino)-3-(methylsulfanyl)propanoic acid	Backbone	alpha	Cys	149.215	0.021999999999999964	49.33	28.7	TRUE	N(C)[C@@H](CSC)C(=O)O	WQSNCKZPJSHACB-BYPYZUCNSA-N
NcPrCH2-G	N-CYCLOPROPYLMETHYL GLYCINE	cPrCH2-Gly	2-(cyclopropylmethylamino)acetic acid	Backbone	alpha	Gly	129.15900000000002	0.07059999999999994	49.33	17.8	TRUE	N(CC1(CC1))CC(=O)O	JOWMUWBEMDOCKB-UHFFFAOYSA-N
Cys_EtOH	HYDROXYETHYLCYSTEINE	Cys(EtOH)	(2R)-2-amino-3-((2-hydroxyethyl)sulfanyl)propanoic acid	Backbone	alpha	Cys	165.214	-0.8762000000000001	83.55	22.3	TRUE	N[C@@H](CSCCO)C(=O)O	MWFRVMDVLYIXJF-BYPYZUCNSA-N
NMe-Thr_Me	N,O-dimethyl-L-threonine	Me-Thr(Me)	(2S,3R)-3-methoxy-2-(methylamino)butanoic acid	Backbone	alpha	Thr	147.174	-0.30610000000000054	58.56	15.4	TRUE	N(C)[C@@H]([C@H](OC)C)C(=O)O	ZLRWZUVKLXZLRT-UHNVWZDZSA-N
Cys_palmitoyl	S-PALMITOYL-L-CYSTEINE	Cys(palmitoyl)	(2R)-2-amino-3-((1-oxohexadecyl)sulfanyl)propanoic acid	Backbone	alpha	Cys	359.5760000000001	5.139400000000005	80.39	18.9	TRUE	N[C@@H](CSC(=O)CCCCCCCCCCCCCCC)C(=O)O	FRAMWPHPFIXRCP-KRWDZBQOSA-N
Pro_4ScHex	(4S)-4-cyclohexyl-L-proline	Pro(4S-cHex)	(2S,4S)-4-cyclohexylpyrrolidine-2-carboxylic acid	Backbone	alpha	Pro	197.278	1.6294	49.33	15.5	TRUE	N1[C@@H](C[C@H](C1)C2(CCCCC2))C(=O)O	XRZWVSXEDRYQGC-ZJUUUORDSA-N
Ac6c_4Ph	cis-1-amino-4-phenylcyclohexane-1-carboxylic acid	Ac6c(4-Ph)	1-amino-4-phenylcyclohexanecarboxylic acid	Backbone	alpha	X	219.28400000000002	2.1262999999999996	63.32000000000001	12	TRUE	NC1(CCC(CC1)c2(ccccc2))C(=O)O	TWAYLYPZRSXEOS-UHFFFAOYSA-N
Pyl	PYRROLYSINE	Pyl	(2S)-2-amino-6-((2R,3R)-3-methyl-1-azacyclopent-5-en-2-ylcarbonylamino)hexanoic acid	Backbone	alpha	Lys	255.318	0.1640000000000001	104.77999999999999	11.7	FALSE	N[C@@H](CCCCNC(=O)[C@@H]1(N=CC[C@H]1C))C(=O)O	ZFOMKMMPBOQKMC-KXUCPTDWSA-N
Ala_thiazol5yl	Thiazole-histidine	Ala(thiazol-5-yl)	(2S)-2-amino-3-(thiazol-5-yl)propanoic acid	Backbone	alpha	Phe	172.20899999999997	0.09749999999999986	76.21	8	TRUE	N[C@@H](Cc1(cncs1))C(=O)O	XEGDVXZYFYKJJR-YFKPBYRVSA-N
Nle_SH	6-Sulfanyl-L-norleucine	Nle(SH)	(2S)-2-amino-6-sulfanylhexanoic acid	Backbone	alpha	X	163.24200000000002	0.49839999999999995	63.32000000000001	14.8	TRUE	N[C@@H](CCCCS)C(=O)O	HBMWPJLCTYKAGL-YFKPBYRVSA-N
Nva_SH	5-Mercapto-norvaline	Nva(SH)	(2S)-2-amino-5-sulfanylpentanoic acid	Backbone	alpha	X	149.215	0.10830000000000006	63.32000000000001	11.4	TRUE	N[C@@H](CCCS)C(=O)O	TUMGFDAVJXBHMU-BYPYZUCNSA-N
Val_23dehydro	Dehydrovaline	Val(2,3-dehydro)	2-amino-3-methylbut-2-enoic acid	Backbone	unknown	Val	115.13199999999998	0.32359999999999983	63.32000000000001	20	TRUE	NC(=C(C)C)C(=O)O	MNDXTFKURVNNSY-UHFFFAOYSA-N
Cys_SEt	3-(ethyldisulfanyl)-L-alanine	Cys(SEt)	(2R)-2-amino-3-(ethylsulfanylsulfanyl)propanoic acid	Backbone	alpha	Cys	181.282	0.7996000000000001	63.32000000000001	17.5	FALSE	N[C@@H](CSSCC)C(=O)O	YIMFYOCZTDBZJL-BYPYZUCNSA-N
Sec	SELENOCYSTEINE	Sec	(2R)-2-amino-3-selanylpropanoic acid	Backbone	alpha	Cys	168.054	-1.2826000000000002	63.32000000000001	26.5	TRUE	N[C@@H](C[SeH])C(=O)O	ZKZBPNGNEQAJSX-REOHCLBHSA-N
bPhe	(3S)-3-amino-3-phenylpropanoic acid	bPhe	3-amino-3-phenylpropanoic acid	Backbone	beta	X	165.19199999999998	1.1611	63.32000000000001	25.5	TRUE	NC(c1(ccccc1))CC(=O)O	UJOYFRCOTPUKAK-UHFFFAOYSA-N
Pra_Me	(2S)-2-azanylhex-4-ynoic acid	Pra(Me)	(2S)-2-aminohex-4-ynoic acid	Backbone	alpha	Leu	127.14299999999997	-0.18829999999999997	63.32000000000001	8.8	TRUE	N[C@@H](CC#CC)C(=O)O	VDWGCMRALYSYJV-YFKPBYRVSA-N
D-Dap_3RMe	(2R,3R)-2,3-DIAMINOBUTANOIC ACID	D-Dap(3R-Me)	(2R,3R)-2,3-diaminobutanoic acid	Backbone	alpha	X	118.136	-1.2544999999999995	89.34	11.5	TRUE	N[C@H]([C@@H](C)N)C(=O)O	SXGMVGOVILIERA-PWNYCUMCSA-N
bAla_3RPh_3Br	3-bromo-S-beta-phenylalanine	bAla(3R-Ph(3-Br))	(3S)-3-amino-3-(3-bromophenyl)propanoic acid	Backbone	beta	X	244.08799999999997	1.9236000000000002	63.32000000000001	11.5	TRUE	N[C@H](c1(cccc(Br)c1))CC(=O)O	RLYAXKJHJUXZOT-QMMMGPOBSA-N
Tyr_3Me	3-methyl-L-tyrosine	Tyr(3-Me)	(2S)-2-amino-3-(4-hydroxy-3-methylphenyl)propanoic acid	Backbone	alpha	Tyr	195.21799999999996	0.6550199999999999	83.55	11.5	TRUE	N[C@@H](Cc1(ccc(O)c(C)c1))C(=O)O	MQHLULPKDLJASZ-QMMMGPOBSA-N
D-Glu-NH2	D-alpha-glutamine	D-Glu-NH2	(4R)-4-amino-4-carbamoylbutanoic acid	Backbone	gamma	X	146.14600000000002	-1.3362000000000005	106.41000000000001	25.3	TRUE	N[C@@H](C(=O)N)CCC(=O)O	AEFLONBTGZFSGQ-GSVOUGTGSA-N
D-Gly_CO2H	D-Aminomalonic acid	D-Gly(CO2H)	2-aminopropanedioic acid	Backbone	alpha	X	119.07599999999998	-1.5171000000000001	100.62000000000002	7.1	FALSE	NC(C(=O)O)C(=O)O	JINBYESILADKFW-UHFFFAOYSA-N
imino-Abu	2-iminobutanoic acid	imino-Abu	2-iminobutanoic acid	Backbone	unknown	Ala	101.10499999999998	0.5007699999999999	61.150000000000006	13.5	FALSE	N=C(CC)C(=O)O	WRBRCYPPGUCRHW-UHFFFAOYSA-N
D-aNH2Apm	D-Diaminopimelic acid	D-aNH2Apm	2,2-diaminoheptanedioic acid	Backbone	alpha	X	190.199	-0.6703000000000006	126.64	1.1	FALSE	NC(N)(CCCCC(=O)O)C(=O)O	HAWJUUUDZFZUKG-UHFFFAOYSA-N
Gla-al	Carboxyglutamic acid	Gla-al	2-((2S)-2-amino-3-oxopropyl)malonic acid	Backbone	gamma	X	175.14	-1.3118999999999998	117.69000000000001	3.5	FALSE	N[C@H](C=O)CC(C(=O)O)C(=O)O	BNOPCVOBPMHOGG-VKHMYHEASA-N
Gly_Bn_3NO2	2-amino-3-(3-nitrophenyl)prop-2-enoic acid	Gly(Bn(3-NO2))	2-amino-3-(3-nitrophenyl)prop-2-enoic acid	Backbone	unknown	Phe	208.17299999999994	0.9790000000000001	106.46	4.2	FALSE	NC(=Cc1(cccc(c1)[N+](=O)[O-]))C(=O)O	XVEGZFITLIOXOZ-UHFFFAOYSA-N
Phe_b_bdiMe	(2S)-2-amino-3-methyl-3-phenylbutanoic acid	Phe(b,b-diMe)	(2S)-2-amino-3-methyl-3-phenylbutanoic acid	Backbone	alpha	Phe	193.24599999999998	1.3761	63.32000000000001	5.3	FALSE	N[C@@H](C(C)(C)c1(ccccc1))C(=O)O	OSRAZODPBFLQJP-SECBINFHSA-N
D-xiIle	(2R)-2-amino-3-methylpentanoic acid	D-xiIle	(2R)-2-amino-3-methylpentanoic acid	Backbone	alpha	Ile	131.175	0.44439999999999985	63.32000000000001	10.6	FALSE	N[C@H](C(C)CC)C(=O)O	AGPKZVBTJJNPAG-BRJRFNKRSA-N
xiIle	(2S)-2-amino-3-methylpentanoic acid	xiIle	(2S)-2-amino-3-methylpentanoic acid	Backbone	alpha	Ile	131.175	0.44439999999999985	63.32000000000001	12.4	FALSE	N[C@@H](C(C)CC)C(=O)O	AGPKZVBTJJNPAG-AKGZTFGVSA-N
xiHyl	(2S)-2,6-diamino-5-hydroxyhexanoic acid	xiHyl	(2S)-2,6-diamino-5-hydroxyhexanoic acid	Backbone	alpha	Lys	162.189	-1.5018999999999991	109.57000000000001	3.9	FALSE	N[C@@H](CCC(O)CN)C(=O)O	YSMODUONRAFBET-AKGZTFGVSA-N
D-Met_SO	(2R)-2-amino-4-[(S)-methanesulfinyl]butanoic acid	D-Met(S-O)	(2R)-2-amino-4-((S)-methylsulfinyl)butanoic acid	Backbone	alpha	Met	165.214	-0.8331000000000004	80.39	2.1	FALSE	N[C@H](CC[S@@](=O)C)C(=O)O	QEFRNWWLZKMPFJ-KNODYTOMSA-N
Pro_3OH_4Me	(2S)-3-hydroxy-4-methylpyrrolidine-2-carboxylic acid	Pro(3-OH,4-Me)	(2S)-3-hydroxy-4-methylpyrrolidine-2-carboxylic acid	Backbone	alpha	Pro	145.15800000000002	-0.9602000000000004	69.56	5.2	FALSE	N1[C@@H](C(O)C(C)C1)C(=O)O	COHFSKKGVFGDFH-QHWRUIEBSA-N
xiHyp	(2S)-4-hydroxypyrrolidine-2-carboxylic acid	xiHyp	(2S)-4-hydroxypyrrolidine-2-carboxylic acid	Backbone	alpha	Pro	131.131	-1.2062000000000004	69.56	10.5	FALSE	N1[C@@H](CC(O)C1)C(=O)O	PMMYEEVYMWASQN-BKLSDQPFSA-N
Lys_CHNH22	(2S)-2-amino-6-[(diaminomethyl)amino]hexanoic acid	Lys(CH(NH2)2)	(2S)-2-amino-6-((diaminomethyl)amino)hexanoic acid	Backbone	alpha	Lys	190.24699999999999	-1.6407999999999978	127.39	1.1	FALSE	N[C@@H](CCCCNC(N)N)C(=O)O	MULPXBOWFUORJJ-YFKPBYRVSA-N
xiThr	(2S)-2-amino-3-hydroxybutanoic acid	xiThr	(2S)-2-amino-3-hydroxybutanoic acid	Backbone	alpha	Thr	119.11999999999999	-1.2209	83.55	11.2	FALSE	N[C@@H](C(O)C)C(=O)O	AYFVYJQAPQTCCC-NFJMKROFSA-N
D-Trp_For	(2R)-2-amino-3-(1-formyl-1H-indol-3-yl)propanoic acid	D-Trp(For)	(2R)-2-amino-3-(1-(formyl)-1H-indol-3-yl)propanoic acid	Backbone	alpha	Trp	232.239	0.6340000000000001	85.32000000000001	5.1	FALSE	N[C@H](Cc1(cn(C=O)c2(ccccc12)))C(=O)O	KRUDZOGZZBVSHD-SNVBAGLBSA-N
aBnGaba_3ROH	gamma-amino-beta-hydroxybenzenepentanoic acid	aBnGaba(3R-OH)	(3R,4S)-4-amino-3-hydroxy-5-phenylpentanoic acid	Backbone	gamma	Phe	209.24499999999995	0.3920000000000001	83.55	4.2	FALSE	N[C@@H](Cc1(ccccc1))[C@H](O)CC(=O)O	JAJQQUQHMLWDFB-VHSXEESVSA-N
Bmt	(2S,3R,4R)-2-amino-3-hydroxy-4-methyloct-6-enoic acid	Bmt	(2S,3R,4R)-2-amino-3-hydroxy-4-methyloct-6-enoic acid	Backbone	alpha	Thr	187.23899999999998	0.36149999999999965	83.55	2	FALSE	N[C@@H]([C@H](O)[C@H](C)CC=CC)C(=O)O	RPALEGQGCGCFCX-GJMOJQLCSA-N
Bmt_E	(2S,3R,4R,6E)-2-amino-3-hydroxy-4-methyloct-6-enoic acid	Bmt(E)	(2S,3R,4R,6Z)-2-amino-3-hydroxy-4-methyloct-6-enoic acid	Backbone	alpha	Thr	187.23899999999998	0.36149999999999965	83.55	1.3	FALSE	N[C@@H]([C@H](O)[C@H](C)C/C=C\C)C(=O)O	RPALEGQGCGCFCX-IFEQSGIMSA-N
Gaba_3SOH	(3S)-4-amino-3-hydroxybutanoic acid	Gaba(3S-OH)	(3S)-4-amino-3-hydroxybutanoic acid	Backbone	gamma	X	119.11999999999999	-1.2192999999999998	83.55	11.5	TRUE	NC[C@@H](O)CC(=O)O	YQGDEPYYFWUPGO-VKHMYHEASA-N
bAla_3SMe_bCH2cHex_2ROH	(2R,3S)-3-amino-5-cyclohexyl-2-hydroxypentanoic acid	bAla(3S-Me,b-CH2cHex,2R-OH)	(2R,3S)-3-amino-5-cyclohexyl-2-hydroxypentanoic acid	Backbone	beta	Ala	215.293	1.1196999999999997	83.55	1.7	FALSE	N[C@@H](CCC1(CCCCC1))[C@@H](O)C(=O)O	GLZAAGIGXRDUJQ-VHSXEESVSA-N
D-Bmt	(2R,3S,4S)-2-amino-3-hydroxy-4-methyloct-6-enoic acid	D-Bmt	(2R,3S,4S)-2-amino-3-hydroxy-4-methyloct-6-enoic acid	Backbone	alpha	Thr	187.23899999999998	0.36149999999999965	83.55	2	FALSE	N[C@H]([C@@H](O)[C@@H](C)CC=CC)C(=O)O	RPALEGQGCGCFCX-RNJXMRFFSA-N
D-Bmt_E	(2R,3S,4S,6E)-2-amino-3-hydroxy-4-methyloct-6-enoic acid	D-Bmt(E)	(2R,3S,4S,6Z)-2-amino-3-hydroxy-4-methyloct-6-enoic acid	Backbone	alpha	Thr	187.23899999999998	0.36149999999999965	83.55	1.3	FALSE	N[C@H]([C@@H](O)[C@@H](C)C/C=C\C)C(=O)O	RPALEGQGCGCFCX-YTUSVYGESA-N
aNH2Apm	L-Diaminopimelic acid	aNH2Apm	2,2-diaminoheptanedioic acid	Backbone	alpha	X	190.199	-0.6703000000000006	126.64	1.1	FALSE	NC(N)(CCCCC(=O)O)C(=O)O	HAWJUUUDZFZUKG-UHFFFAOYSA-N
NMe-2Abz	2-(methylamino)benzoic acid	Me-2Abz	2-(methylamino)benzoic acid	Backbone	unknown	X	151.16499999999996	1.4264999999999999	49.33	13.6	FALSE	N(C)c1c(cccc1)C(=O)O	WVMBPWMAQDVZCM-UHFFFAOYSA-N
NMe-4Abz	4-(methylamino)benzoic acid	Me-4Abz	4-(methylamino)benzoic acid	Backbone	unknown	X	151.165	1.4264999999999999	49.33	13.6	FALSE	N(C)c1ccc(cc1)C(=O)O	ZVIDMSBTYRSMAR-UHFFFAOYSA-N
Acadenin-9-yl-NEtNH2Gly	PNA Adenine	Ac(adenin-9-yl)-N(EtNH2)Gly	2-((2-aminoethyl)((5-amino-2,4,7,9-tetraazabicyclo[4.3.0]nona-1,3,5,7-tetraen-9-yl)acetyl)amino)acetic acid	Backbone	unknown	Gly	293.287	-1.719599999999998	153.25	2.2	FALSE	NCCN(C(=O)Cn1(cnc2(c(N)ncnc12)))CC(=O)O	DUMWERDMQQCWPO-UHFFFAOYSA-N
Accytosin-1-yl-NEtNH2Gly	PNA Cytosine	Ac(cytosin-1-yl)-N(EtNH2)Gly	2-((2-aminoethyl)((4-amino-2-oxo-1,3-diazacyclohexa-3,5-dien-1-yl)acetyl)amino)acetic acid	Backbone	unknown	Gly	269.26099999999997	-2.3025999999999973	144.54	1	FALSE	NCCN(C(=O)Cn1(ccc(N)nc1=O))CC(=O)O	MFPUAOSBORLXTD-UHFFFAOYSA-N
Acguanin-9-yl-NEtNH2Gly	PNA Guanine	Ac(guanin-9-yl)-N(EtNH2)Gly	2-((2-aminoethyl)((3-amino-5-oxo-2,4,7,9-tetraazabicyclo[4.3.0]nona-1(6),2,7-trien-9-yl)acetyl)amino)acetic acid	Backbone	unknown	Gly	309.28600000000006	-2.426299999999997	173.21999999999997	1	FALSE	NCCN(C(=O)Cn1(cnc2(c(=O)[nH]c(N)nc12)))CC(=O)O	WYRWRGIGYVLOGE-UHFFFAOYSA-N
Acthymin-1-yl-NEtNH2Gly	PNA Thymine	Ac(thymin-1-yl)-N(EtNH2)Gly	2-((2-aminoethyl)((5-methyl-2,4-dioxo-1,3-diazacyclohex-5-en-1-yl)acetyl)amino)acetic acid	Backbone	unknown	Gly	284.272	-2.2830799999999973	138.48999999999998	2	FALSE	NCCN(C(=O)Cn1(cc(C)c(=O)[nH]c1=O))CC(=O)O	NSCRQJLBPSKCNK-UHFFFAOYSA-N
7-piperazino-1-oxoisoquinolin-2-acetyl	2-[1-oxo-7-(piperazin-1-yl)-1,2-dihydroisoquinolin-2-yl]acetic acid	7-piperazino-1-oxoisoquinolin-2-acetyl	2-(2-oxo-9-(piperazin-1-yl)-3-azabicyclo[4.4.0]deca-1(6),4,7,9-tetraen-3-yl)acetic acid	Backbone	unknown	X	287.319	0.49569999999999953	74.57000000000001	0.8	FALSE	N3CCN(CC3)c2cc1c(=O)n(ccc1cc2)CC(=O)O	GSBQFRXLCFVVOM-UHFFFAOYSA-N
Sta_3xi_4xi	4-amino-3-hydroxy-6-methylheptanoic acid	Sta(3xi,4xi)	4-amino-3-hydroxy-6-methylheptanoic acid	Backbone	gamma	Leu	175.22799999999998	0.19539999999999957	83.55	6.9	FALSE	NC(CC(C)C)C(O)CC(=O)O	DFVFTMTWCUHJBL-UHFFFAOYSA-N
aMeTyr_3OH	(2S)-2-amino-3-(3,4-dihydroxyphenyl)-2-methylpropanoic acid	aMeTyr(3-OH)	(2S)-2-amino-2-((3,4-dihydroxyphenyl)methyl)propanoic acid	Backbone	alpha	Tyr	211.21699999999998	0.44229999999999975	103.78000000000002	5.8	FALSE	N[C@@](C)(Cc1(ccc(O)c(O)c1))C(=O)O	CJCSPKMFHVPWAR-JTQLQIEISA-N
Gly_Bn_4OMe	2-amino-3-(4-methoxyphenyl)prop-2-enoic acid	Gly(Bn(4-OMe))	2-amino-3-(4-methoxyphenyl)prop-2-enoic acid	Backbone	unknown	Tyr	193.202	1.0794000000000001	72.55	6.6	FALSE	NC(=Cc1(ccc(OC)cc1))C(=O)O	VBLXRBFONPGLBL-UHFFFAOYSA-N
Tyr_Ph_4OH	(2S)-2-amino-3-[4-(4-hydroxyphenoxy)phenyl]propanoic acid	Tyr(Ph(4-OH))	(2S)-2-amino-3-(4-((4-hydroxyphenyl)oxy)phenyl)propanoic acid	Backbone	alpha	Tyr	273.288	2.1388999999999996	92.78000000000002	5.7	FALSE	N[C@@H](Cc2(ccc(Oc1(ccc(O)cc1))cc2))C(=O)O	KKCIOUWDFWQUBT-AWEZNQCLSA-N
Nprop2ynyl-G	N-(propargyl)glycine	prop-2-ynyl-Gly	2-((prop-2-yn-1-yl)amino)acetic acid	Backbone	alpha	Gly	113.11599999999999	-0.7062000000000002	49.33	9.7	TRUE	N(CC#C)CC(=O)O	XSJLQGMTIHCDSS-UHFFFAOYSA-N
NtBu-G	N-(tert-butyl)glycine	tBu-Gly	2-((tert-butyl)amino)acetic acid	Backbone	alpha	Gly	131.175	0.4591	49.33	12.2	TRUE	N(C(C)(C)C)CC(=O)O	TXHAHOVNFDVCCC-UHFFFAOYSA-N
D-Trp_5Br	5-bromo-D-tryptophan	D-Trp(5-Br)	(2R)-2-amino-3-(5-bromo-1H-indol-3-yl)propanoic acid	Backbone	alpha	Trp	283.125	1.8848000000000003	79.11	5.8	TRUE	N[C@H](Cc1(c[nH]c2(ccc(Br)cc12)))C(=O)O	KZDNJQUJBMDHJW-SECBINFHSA-N
D-Trp_5Cl	5-chloro-D-tryptophan	D-Trp(5-Cl)	(2R)-2-amino-3-(5-chloro-1H-indol-3-yl)propanoic acid	Backbone	alpha	Trp	238.67399999999998	1.7757000000000003	79.11	5.9	TRUE	N[C@H](Cc1(c[nH]c2(ccc(Cl)cc12)))C(=O)O	TUKKZLIDCNWKIN-SECBINFHSA-N
D-Trp_6Br	6-bromo-D-tryptophan	D-Trp(6-Br)	(2R)-2-amino-3-(6-bromo-1H-indol-3-yl)propanoic acid	Backbone	alpha	Trp	283.125	1.8848000000000003	79.11	5.8	TRUE	N[C@H](Cc1(c[nH]c2(cc(Br)ccc12)))C(=O)O	OAORYCZPERQARS-SECBINFHSA-N
D-Trp_6Cl	6-chloro-D-tryptophan	D-Trp(6-Cl)	(2R)-2-amino-3-(6-chloro-1H-indol-3-yl)propanoic acid	Backbone	alpha	Trp	238.67399999999998	1.7757	79.11	5.9	TRUE	N[C@H](Cc1(c[nH]c2(cc(Cl)ccc12)))C(=O)O	FICLVQOYKYBXFN-SECBINFHSA-N
D-Trp_7Br	7-bromo-D-tryptophan	D-Trp(7-Br)	(2R)-2-amino-3-(7-bromo-1H-indol-3-yl)propanoic acid	Backbone	alpha	Trp	283.125	1.8848	79.11	5.3	TRUE	N[C@H](Cc1(c[nH]c2(c(Br)cccc12)))C(=O)O	VMMOOBBCGTVDGP-SECBINFHSA-N
D-Trp_7F	7-fluoro-D-tryptophan	D-Trp(7-F)	(2R)-2-amino-3-(7-fluoro-1H-indol-3-yl)propanoic acid	Backbone	alpha	Trp	222.219	1.2614000000000003	79.11	5.6	TRUE	N[C@H](Cc1(c[nH]c2(c(F)cccc12)))C(=O)O	ADMHYWIKJSPIGJ-SECBINFHSA-N
Ala_thiazol2yl	β-(thiazol-2-yl)-L-alanine	Ala(thiazol-2-yl)	(2S)-2-amino-3-(thiazol-2-yl)propanoic acid	Backbone	alpha	Phe	172.20899999999997	0.09749999999999986	76.21	9.1	TRUE	N[C@@H](Cc1(nccs1))C(=O)O	PXFXXRSFSGRBRT-BYPYZUCNSA-N
Phe_2F_4Cl	4-chloro-2-fluoro-L-phenylalanine	Phe(2-F,4-Cl)	(2S)-2-amino-3-(4-chloro-2-fluorophenyl)propanoic acid	Backbone	alpha	Phe	217.62699999999998	1.4335000000000002	63.32000000000001	5.3	TRUE	N[C@@H](Cc1(ccc(Cl)cc1F))C(=O)O	ZPMGQOHZMMWUAT-QMMMGPOBSA-N
Cys_Ph	S-phenyl-L-cysteine	Cys(Ph)	(2R)-2-amino-3-(phenylsulfanyl)propanoic acid	Backbone	alpha	Cys	197.259	1.1906	63.32000000000001	8	TRUE	N[C@@H](CSc1(ccccc1))C(=O)O	XYUBQWNJDIAEES-QMMMGPOBSA-N
Trp_4OMe	4-methoxy-L-tryptophan	Trp(4-OMe)	(2S)-2-amino-3-(4-methoxy-1H-indol-3-yl)propanoic acid	Backbone	alpha	Trp	234.25499999999997	1.1309	88.34000000000002	6.1	TRUE	N[C@@H](Cc1(c[nH]c2(cccc(OC)c12)))C(=O)O	VYXPKRIKQJEAOO-QMMMGPOBSA-N
Trp_56diCl	5,6-dichloro-L-tryptophan	Trp(5,6-diCl)	(2S)-2-amino-3-(5,6-dichloro-1H-indol-3-yl)propanoic acid	Backbone	alpha	Trp	273.11899999999997	2.4291	79.11	4	TRUE	N[C@@H](Cc1(c[nH]c2(cc(Cl)c(Cl)cc12)))C(=O)O	PZPMDEQRXQHVJZ-VIFPVBQESA-N
Trp_5CN	5-cyano-L-tryptophan	Trp(5-CN)	(2S)-2-amino-3-(5-(nitrilomethyl)-1H-indol-3-yl)propanoic acid	Backbone	alpha	Trp	229.23899999999998	0.9939800000000003	102.89999999999999	4.2	TRUE	N[C@@H](Cc1(c[nH]c2(ccc(C#N)cc12)))C(=O)O	RWUVZHFIVNNDBO-JTQLQIEISA-N
Trp_6NO2	6-nitro-L-tryptophan	Trp(6-NO2)	(2S)-2-amino-3-(6-nitro-1H-indol-3-yl)propanoic acid	Backbone	alpha	Trp	249.22599999999997	1.0305	122.25000000000001	4.9	TRUE	N[C@@H](Cc1(c[nH]c2(cc(ccc12)[N+](=O)[O-])))C(=O)O	AWLWPSSHYJQPCH-VIFPVBQESA-N
Trp_7OMe	7-methoxy-L-tryptophan	Trp(7-OMe)	(2S)-2-amino-3-(7-methoxy-1H-indol-3-yl)propanoic acid	Backbone	alpha	Trp	234.255	1.1309	88.34000000000002	4.7	TRUE	N[C@@H](Cc1(c[nH]c2(c(OC)cccc12)))C(=O)O	MUZROTSTMQSBFK-VIFPVBQESA-N
NMe-Trp_Me	N-methyl-1-methyl-L-tryptophan	Me-Trp(Me)	(2S)-3-(1-methyl-1H-indol-3-yl)-2-(methylamino)propanoic acid	Backbone	alpha	Trp	232.28300000000002	1.3934	54.260000000000005	8.1	TRUE	N(C)[C@@H](Cc1(cn(C)c2(ccccc12)))C(=O)O	LLXSARQPJDZTPZ-NSHDSACASA-N
Tyr_2F	2-fluoro-L-tyrosine	Tyr(2-F)	(2S)-2-amino-3-(2-fluoro-4-hydroxyphenyl)propanoic acid	Backbone	alpha	Tyr	199.18099999999995	0.48570000000000013	83.55	8.4	TRUE	N[C@@H](Cc1(ccc(O)cc1F))C(=O)O	WEJIXBMNLWITCR-QMMMGPOBSA-N
Phe_4Oprop2ynyl	O-propargyl-L-tyrosine	Tyr(prop-2-ynyl)	(2S)-2-amino-3-(4-((prop-2-yn-1-yl)oxy)phenyl)propanoic acid	Backbone	alpha	Tyr	219.23999999999998	0.653	72.55	6.3	TRUE	N[C@@H](Cc1(ccc(OCC#C)cc1))C(=O)O	JSXMFBNJRFXRCX-NSHDSACASA-N
Nva_ethynyl	(S)-2-aminohept-6-ynoic acid	Nva(ethynyl)	(2S)-2-aminohept-6-ynoic acid	Backbone	alpha	Leu	141.17	0.20179999999999992	63.32000000000001	6.8	TRUE	N[C@@H](CCCC#C)C(=O)O	IJQLLGJUHGAQIC-LURJTMIESA-N
Phg_2OMe	(S)-2-amino-2-(2-methoxyphenyl)acetic acid	Phg(2-OMe)	(2S)-2-amino-2-(2-methoxyphenyl)acetic acid	Backbone	alpha	X	181.19099999999997	0.7796000000000001	72.55	7.5	TRUE	N[C@@H](c1(ccccc1OC))C(=O)O	DQSACLYOIBPCJU-QMMMGPOBSA-N
D-Nva_ethynyl	(R)-2-aminohept-6-ynoic acid	D-Nva(ethynyl)	(2R)-2-aminohept-6-ynoic acid	Backbone	alpha	Leu	141.17	0.20179999999999992	63.32000000000001	4	TRUE	N[C@H](CCCC#C)C(=O)O	IJQLLGJUHGAQIC-ZCFIWIBFSA-N
aMePra	(S)-2-amino-2-methylpent-4-ynoic acid	aMePra	(2S)-2-amino-2-methylpent-4-ynoic acid	Backbone	alpha	Leu	127.14299999999997	-0.18829999999999997	63.32000000000001	5.5	TRUE	N[C@@](C)(CC#C)C(=O)O	FSBNDYYRTZBHAN-LURJTMIESA-N
D-aMePra	(R)-2-amino-2-methylpent-4-ynoic acid	D-aMePra	(2R)-2-amino-2-methylpent-4-ynoic acid	Backbone	alpha	Leu	127.14299999999997	-0.18829999999999997	63.32000000000001	7.1	TRUE	N[C@](C)(CC#C)C(=O)O	FSBNDYYRTZBHAN-ZCFIWIBFSA-N
Ser_Pyranoseamino_RRSR	(2S)-2-amino-3-[(2S,3R,4R,5R,6R)-3-amino-4,5-dihydroxy-6-(hydroxymethyl)oxan-2-yl]oxypropanoic acid	Ser(Pyranose-amino(RRSR))	(2S)-2-amino-3-(((2S,3R,4R,5R,6R)-3-amino-4,5-dihydroxy-6-(hydroxymethyl)-oxan-2-yl)oxy)propanoic acid	Backbone	alpha	Ser	266.25	-3.818799999999995	168.49	5.4	TRUE	N[C@@H](CO[C@H]1(O[C@H](CO)[C@H](O)[C@H](O)[C@H]1N))C(=O)O	RWGDOKVLDPIJFL-MRXKBSKTSA-N
bAla_2ROH_3RPh	(2R,3R)-3-amino-2-hydroxy-3-phenylpropanoic acid	bAla(2R-OH,3R-Ph)	(2R,3R)-3-amino-2-hydroxy-3-phenylpropanoic acid	Backbone	beta	X	181.19099999999997	0.13190000000000013	83.55	6.4	TRUE	N[C@H](c1(ccccc1))[C@@H](O)C(=O)O	RZARFIRJROUVLM-HTQZYQBOSA-N
bAla_2ROH_3RPh_4F	(2R,3R)-3-amino-3-(4-fluorophenyl)-2-hydroxypropanoic acid	bAla(2R-OH,3R-Ph(4-F))	(2R,3R)-3-amino-3-(4-fluorophenyl)-2-hydroxypropanoic acid	Backbone	beta	X	199.18099999999998	0.2710000000000002	83.55	3.8	TRUE	N[C@H](c1(ccc(F)cc1))[C@@H](O)C(=O)O	MGNTZYNDHDKPQD-HTQZYQBOSA-N
bAla_2RPh	(R)-3-amino-2-phenylpropanoic acid	bAla(2R-Ph)	(2R)-3-amino-2-phenylpropanoic acid	Backbone	beta	X	165.19199999999995	0.8135000000000001	63.32000000000001	10.7	TRUE	NC[C@@H](c1(ccccc1))C(=O)O	LRCYAJZPDFSJPQ-QMMMGPOBSA-N
D-Phg_2OMe	(R)-2-amino-2-(2-methoxyphenyl)acetic acid	D-Phg(2-OMe)	(2R)-2-amino-2-(2-methoxyphenyl)acetic acid	Backbone	alpha	X	181.19099999999997	0.7796000000000001	72.55	7.3	TRUE	N[C@H](c1(ccccc1OC))C(=O)O	DQSACLYOIBPCJU-MRVPVSSYSA-N
aThr_Pyranose_RRSR	O-((2R,3R,4S,5R,6R)-3,4,5-trihydroxy-6-(hydroxymethyl)tetrahydro-2H-pyran-2-yl)-L-allothreonine	aThr(Pyranose(RRSR))	(2S,3S)-2-amino-3-(((2R,3R,4S,5R,6R)-3,4,5-trihydroxy-6-(hydroxymethyl)-oxan-2-yl)oxy)butanoic acid	Backbone	alpha	Thr	281.261	-3.3966999999999974	162.70000000000002	3.3	TRUE	N[C@@H]([C@@H](O[C@@H]1(O[C@H](CO)[C@H](O)[C@H](O)[C@H]1O))C)C(=O)O	DHIKRLNYEAMDOC-OBQVHOFBSA-N
Thr_Pyranose_RSSR	O-((2R,3R,4S,5S,6R)-3,4,5-trihydroxy-6-(hydroxymethyl)tetrahydro-2H-pyran-2-yl)-L-threonine	Thr(Pyranose(RSSR))	(2S,3R)-2-amino-3-(((2R,3R,4S,5S,6R)-3,4,5-trihydroxy-6-(hydroxymethyl)-oxan-2-yl)oxy)butanoic acid	Backbone	alpha	Thr	281.261	-3.3966999999999974	162.70000000000002	3.3	TRUE	N[C@@H]([C@H](O[C@@H]1(O[C@H](CO)[C@@H](O)[C@H](O)[C@H]1O))C)C(=O)O	DHIKRLNYEAMDOC-VUQUFYOQSA-N
bAla_2ROH_3RPh_4CF3	(2R,3R)-3-amino-2-hydroxy-3-(4-(trifluoromethyl)phenyl)propanoic acid	bAla(2R-OH,3R-Ph(4-CF3))	(2R,3R)-3-amino-2-hydroxy-3-(4-(trifluoromethyl)phenyl)propanoic acid	Backbone	beta	X	249.18799999999996	1.1507	83.55	2.8	TRUE	N[C@H](c1(ccc(cc1)C(F)(F)F))[C@@H](O)C(=O)O	OEGSRMZWWHEQGV-HTQZYQBOSA-N
D-Tyr_2I	(R)-2-amino-3-(4-hydroxy-2-iodophenyl)propanoic acid	D-Tyr(2-I)	(2R)-2-amino-3-(4-hydroxy-2-iodophenyl)propanoic acid	Backbone	alpha	Tyr	307.087	0.9512	83.55	3.1	TRUE	N[C@H](Cc1(ccc(O)cc1I))C(=O)O	BMBZSHPNHVPCNG-MRVPVSSYSA-N
Cys_SPh_24_6triOMe	S-((2,4,6-trimethoxyphenyl)thio)-L-cysteine	Cys(S-Ph(2,4,6-triOMe))	(2R)-2-amino-3-(((2,4,6-trimethoxyphenyl)sulfanyl)sulfanyl)propanoic acid	Backbone	alpha	Cys	319.40400000000005	1.8646	91.01	2.4	TRUE	N[C@@H](CSSc1(c(OC)cc(OC)cc1OC))C(=O)O	LREMIXCQRUIDAW-QMMMGPOBSA-N
D-hLys	(R)-2,7-diaminoheptanoic acid	D-hLys	(2R)-2,7-diaminoheptanoic acid	Backbone	alpha	Lys	160.217	-0.08260000000000067	89.34	9.3	TRUE	N[C@H](CCCCCN)C(=O)O	NMDDZEVVQDPECF-ZCFIWIBFSA-N
Ser_Pyranoseamino_RSSR	O-((2R,3R,4R,5S,6R)-3-amino-4,5-dihydroxy-6-(hydroxymethyl)tetrahydro-2H-pyran-2-yl)-L-serine	Ser(Pyranose-amino(RSSR))	(2S)-2-amino-3-(((2R,3R,4R,5S,6R)-3-amino-4,5-dihydroxy-6-(hydroxymethyl)-oxan-2-yl)oxy)propanoic acid	Backbone	alpha	Ser	266.25	-3.818799999999995	168.49	3.9	TRUE	N[C@@H](CO[C@@H]1(O[C@H](CO)[C@@H](O)[C@H](O)[C@H]1N))C(=O)O	RWGDOKVLDPIJFL-LSRLBZCKSA-N
Thr_Pyranoseamino_RSSR	O-((2R,3R,4R,5S,6R)-3-amino-4,5-dihydroxy-6-(hydroxymethyl)tetrahydro-2H-pyran-2-yl)-L-threonine	Thr(Pyranose-amino(RSSR))	(2S,3R)-2-amino-3-(((2R,3R,4R,5S,6R)-3-amino-4,5-dihydroxy-6-(hydroxymethyl)-oxan-2-yl)oxy)butanoic acid	Backbone	alpha	Thr	280.27700000000004	-3.4302999999999946	168.49	3.4	TRUE	N[C@@H]([C@H](O[C@@H]1(O[C@H](CO)[C@@H](O)[C@H](O)[C@H]1N))C)C(=O)O	FNKMCNJVMOTWSA-OMXDAKRKSA-N
Phe_4OPh	(S)-2-amino-3-(4-phenoxyphenyl)propanoic acid	Tyr(Ph)	(2S)-2-amino-3-(4-phenoxyphenyl)propanoic acid	Backbone	alpha	Tyr	257.289	2.4333	72.55	10.2	TRUE	N[C@@H](Cc2(ccc(Oc1(ccccc1))cc2))C(=O)O	DRDNRDDAAFSVNM-AWEZNQCLSA-N
Pro_3SPh	(2S,3S)-3-phenylpyrrolidine-2-carboxylic acid	Pro(3S-Ph)	(2S,3S)-3-phenylpyrrolidine-2-carboxylic acid	Backbone	alpha	Pro	191.23	1.2167	49.33	6.5	TRUE	N1[C@@H]([C@@H](CC1)c2(ccccc2))C(=O)O	VDEMEKSASUGYHM-UWVGGRQHSA-N
bAla_2SBn	(S)-3-amino-2-benzylpropanoic acid	bAla(2S-Bn)	(2S)-3-amino-2-benzylpropanoic acid	Backbone	beta	Phe	179.21899999999997	0.8885999999999998	63.32000000000001	12.8	TRUE	NC[C@H](Cc1(ccccc1))C(=O)O	DJYVEBBGKNAHKE-VIFPVBQESA-N
Aze_3SPh	(2S,3S)-3-phenylazetidine-2-carboxylic acid	Aze(3S-Ph)	(2S,3S)-3-phenylazetidine-2-carboxylic acid	Backbone	alpha	Pro	177.20299999999997	0.8266	49.33	5.2	TRUE	N1[C@@H]([C@H](C1)c2(ccccc2))C(=O)O	CCKKROBXZIZREN-BDAKNGLRSA-N
NMe-Dab	(S)-4-amino-2-(methylamino)butanoic acid	Me-Dab	(2S)-4-amino-2-(methylamino)butanoic acid	Backbone	alpha	X	132.163	-0.9921999999999993	75.35	14	TRUE	N(C)[C@@H](CCN)C(=O)O	AOUYBPUIMHMSSS-BYPYZUCNSA-N
Phe_3CO2H	(S)-3-(2-amino-2-carboxyethyl)benzoic acid	Phe(3-CO2H)	3-((2S)-2-amino-3-hydroxy-3-oxopropyl)benzoic acid	Backbone	alpha	Phe	209.20099999999996	0.33920000000000006	100.62000000000002	5.9	TRUE	N[C@@H](Cc1(cccc(c1)C(=O)O))C(=O)O	JANONUPBHGWOBP-QMMMGPOBSA-N
aMeIle	(2S,3S)-2-amino-2,3-dimethylpentanoic acid	aMeIle	(2S,3S)-2-amino-2,3-dimethylpentanoic acid	Backbone	alpha	Leu	145.202	0.8344999999999998	63.32000000000001	10	TRUE	N[C@@](C)([C@@H](C)CC)C(=O)O	RSPOGBIHKNKRFJ-FSPLSTOPSA-N
Ala_22diMe4H1_3benzodioxinyl	(S)-2-amino-3-(2,2-dimethyl-4H-benzo[d][1,3]dioxin-6-yl)propanoic acid	Ala(2,2-diMe-4H-1,3-benzodioxinyl)	(2S)-2-amino-3-(3,3-dimethyl-2,4-dioxabicyclo[4.4.0]deca-1(10),6,8-trien-8-yl)propanoic acid	Backbone	alpha	Tyr	251.28199999999995	1.2860999999999998	81.78	3.7	TRUE	N[C@@H](Cc2(ccc1(OC(OCc1c2)(C)C)))C(=O)O	YJUFZZSKANPCHI-JTQLQIEISA-N
bAla_3RBuNH2	(R)-3,7-diaminoheptanoic acid	bAla(3R-BuNH2)	(3R)-3,7-diaminoheptanoic acid	Backbone	beta	Lys	160.217	-0.08260000000000073	89.34	9.6	TRUE	N[C@H](CCCCN)CC(=O)O	PJDINCOFOROBQW-ZCFIWIBFSA-N
bAla_3RBn_4CN	(R)-3-amino-4-(4-cyanophenyl)butanoic acid	bAla(3R-Bn(4-CN))	(3R)-3-amino-4-(4-(nitrilomethyl)phenyl)butanoic acid	Backbone	beta	Phe	204.22899999999998	0.9027800000000001	87.11	4.8	TRUE	N[C@H](Cc1(ccc(C#N)cc1))CC(=O)O	YXRYZOCXTPVLRS-SNVBAGLBSA-N
bAla_3Rthien3ylmethyl	(R)-3-amino-4-(thiophen-3-yl)butanoic acid	bAla(3R-thien-3-ylmethyl)	(3R)-3-amino-4-(thiophen-3-yl)butanoic acid	Backbone	beta	Phe	185.24799999999996	1.0926	63.32000000000001	3.8	TRUE	N[C@H](Cc1(ccsc1))CC(=O)O	AZWUDBISUBOQFK-SSDOTTSWSA-N
bAla_3Sfurfuryl	(S)-3-amino-4-(furan-2-yl)butanoic acid	bAla(3S-furfuryl)	(3S)-3-amino-4-(furan-2-yl)butanoic acid	Backbone	beta	Phe	169.17999999999998	0.6240999999999999	76.46	3.2	TRUE	N[C@@H](Cc1(ccco1))CC(=O)O	ZIAIKPBTLUWDMG-LURJTMIESA-N
bAla_3Rfurfuryl	(R)-3-amino-4-(furan-2-yl)butanoic acid	bAla(3R-furfuryl)	(3R)-3-amino-4-(furan-2-yl)butanoic acid	Backbone	beta	Phe	169.17999999999998	0.6240999999999999	76.46	4.4	TRUE	N[C@H](Cc1(ccco1))CC(=O)O	ZIAIKPBTLUWDMG-ZCFIWIBFSA-N
Nle_Me_Me	(S)-2-amino-6-methylheptanoic acid	Nle(Me,Me)	(2S)-2-amino-6-methylheptanoic acid	Backbone	alpha	Leu	159.22899999999998	1.2245999999999997	63.32000000000001	10.6	TRUE	N[C@@H](CCCC(C)C)C(=O)O	HDIIAKZNFLPDPT-ZETCQYMHSA-N
bAla_3RPh_2OH	(S)-3-amino-3-(2-hydroxyphenyl)propanoic acid	bAla(3R-Ph(2-OH))	(3S)-3-amino-3-(2-hydroxyphenyl)propanoic acid	Backbone	beta	X	181.19099999999995	0.8667	83.55	8.1	TRUE	N[C@H](c1(ccccc1O))CC(=O)O	BMUFWTKVAWBABX-ZETCQYMHSA-N
bAla_3SPh_2OH	(R)-3-amino-3-(2-hydroxyphenyl)propanoic acid	bAla(3S-Ph(2-OH))	(3R)-3-amino-3-(2-hydroxyphenyl)propanoic acid	Backbone	beta	X	181.19099999999995	0.8667	83.55	8	TRUE	N[C@@H](c1(ccccc1O))CC(=O)O	BMUFWTKVAWBABX-SSDOTTSWSA-N
bAla_3Snaphth1yl	(R)-3-amino-3-(naphthalen-1-yl)propanoic acid	bAla(3S-naphth-1-yl)	(3R)-3-amino-3-(naphthalen-1-yl)propanoic acid	Backbone	beta	X	215.25199999999995	2.3143000000000002	63.32000000000001	7.9	TRUE	N[C@@H](c2(cccc1(ccccc12)))CC(=O)O	BIOQBKBTOAMMDG-GFCCVEGCSA-N
bAla_2RBn	(R)-3-amino-2-benzylpropanoic acid	bAla(2R-Bn)	(2R)-3-amino-2-benzylpropanoic acid	Backbone	beta	Phe	179.21899999999997	0.8885999999999998	63.32000000000001	12.4	TRUE	NC[C@@H](Cc1(ccccc1))C(=O)O	DJYVEBBGKNAHKE-SECBINFHSA-N
D-Tyr_26diMe	(R)-2-amino-3-(4-hydroxy-2,6-dimethylphenyl)propanoic acid	D-Tyr(2,6-diMe)	(2R)-2-amino-3-(4-hydroxy-2,6-dimethylphenyl)propanoic acid	Backbone	alpha	Tyr	209.24499999999998	0.9634400000000001	83.55	6.7	TRUE	N[C@H](Cc1(c(C)cc(O)cc1C))C(=O)O	LSNDLIKCFHLFKO-SNVBAGLBSA-N
aMeNva	(S)-2-amino-2-methylpentanoic acid	aMeNva	(2S)-2-amino-2-methylpentanoic acid	Backbone	alpha	Leu	131.175	0.5884999999999998	63.32000000000001	12.8	TRUE	N[C@@](C)(CCC)C(=O)O	HBJGLYBWNNQMOW-LURJTMIESA-N
bAla_2SOH_3SPh_4Me	(2S,3S)-3-amino-2-hydroxy-3-(4-methylphenyl)propanoic acid	bAla(2S-OH,3S-Ph(4-Me))	(2S,3S)-3-amino-2-hydroxy-3-(4-methylphenyl)propanoic acid	Backbone	beta	X	195.218	0.44032000000000004	83.55	4.4	TRUE	N[C@@H](c1(ccc(C)cc1))[C@H](O)C(=O)O	MXALXDNRLYPVEU-IUCAKERBSA-N
Ser_Pyranose_RRSR	O-((2R,3R,4S,5R,6R)-3,4,5-trihydroxy-6-(hydroxymethyl)tetrahydro-2H-pyran-2-yl)-L-serine	Ser(Pyranose(RRSR))	(2S)-2-amino-3-(((2R,3R,4S,5R,6R)-3,4,5-trihydroxy-6-(hydroxymethyl)-oxan-2-yl)oxy)propanoic acid	Backbone	alpha	Ser	267.234	-3.785199999999998	162.70000000000002	4	TRUE	N[C@@H](CO[C@@H]1(O[C@H](CO)[C@H](O)[C@H](O)[C@H]1O))C(=O)O	HGTOXWOVJAONKK-PRBAGFKUSA-N
D-Pro_4Samino	(2R,4S)-4-aminopyrrolidine-2-carboxylic acid	D-Pro(4S-amino)	(2R,4S)-4-aminopyrrolidine-2-carboxylic acid	Backbone	alpha	Pro	130.14700000000002	-1.2397999999999993	75.35	10.5	TRUE	N1[C@H](C[C@H](N)C1)C(=O)O	SHINASQYHDCLEU-IUYQGCFVSA-N
bAla_3naphth1yl	3-amino-3-naphthalen-1-ylpropanoic acid	bAla(3-naphth-1-yl)	3-amino-3-(naphthalen-1-yl)propanoic acid	Backbone	beta	X	215.25199999999995	2.3143000000000002	63.32000000000001	8.2	TRUE	NC(c1(cccc2(ccccc12)))CC(=O)O	BIOQBKBTOAMMDG-UHFFFAOYSA-N
piperidin-4-ylAc	2-(piperidin-4-yl)acetic acid	piperidin-4-ylAc	2-(piperidin-4-yl)acetic acid	Backbone	delta	Pro	143.186	0.46069999999999983	49.33	16.5	TRUE	N1CCC(CC1)CC(=O)O	YFNOTMRKVGZZNF-UHFFFAOYSA-N
bPro_R	(R)-pyrrolidine-3-carboxylic acid	bPro(R)	(3R)-pyrrolidine-3-carboxylic acid	Backbone	beta	Pro	115.13199999999999	-0.31949999999999995	49.33	13.2	TRUE	N1C[C@@H](CC1)C(=O)O	JAEIBKXSIXOLOL-SCSAIBSYSA-N
bPro_S	(S)-pyrrolidine-3-carboxylic acid	bPro(S)	(3S)-pyrrolidine-3-carboxylic acid	Backbone	beta	Pro	115.13199999999999	-0.31949999999999995	49.33	12	TRUE	N1C[C@H](CC1)C(=O)O	JAEIBKXSIXOLOL-BYPYZUCNSA-N
Pro_5RPh	(2S,5R)-5-phenylpyrrolidine-2-carboxylic acid	Pro(5R-Ph)	(2S,5R)-5-phenylpyrrolidine-2-carboxylic acid	Backbone	alpha	Pro	191.23	1.5642999999999998	49.33	10.5	TRUE	N1[C@@H](CC[C@@H]1c2(ccccc2))C(=O)O	SMWADGDVGCZIGK-ZJUUUORDSA-N
Abu_iPr	(S)-2-amino-5-methylhex-4-enoic acid	Abu(iPr)	(2S)-2-amino-5-methylhex-4-enoic acid	Backbone	alpha	Leu	143.186	0.7545999999999999	63.32000000000001	6.5	TRUE	N[C@@H](CC=C(C)C)C(=O)O	XRARHOAIGIRUNR-LURJTMIESA-N
b-4-oxa-Ac6c	2-(4-aminotetrahydro-2H-pyran-4-yl)acetic acid	b-4-oxa-Ac6c	2-(4-amino-oxan-4-yl)acetic acid	Backbone	beta	Ser	159.185	-0.031000000000000638	72.55	8.4	TRUE	NC1(CCOCC1)CC(=O)O	QRIAWCUEIMQLGG-UHFFFAOYSA-N
b-4-thia-Ac6c	2-(4-aminotetrahydro-2H-thiopyran-4-yl)acetic acid	b-4-thia-Ac6c	2-(4-amino-thian-4-yl)acetic acid	Backbone	beta	Met	175.253	0.6856	63.32000000000001	8.1	TRUE	NC1(CCSCC1)CC(=O)O	AGEPUGUICFKKBP-UHFFFAOYSA-N
NCF3CH2-G	(2,2,2-trifluoroethyl)glycine	CF3CH2-Gly	2-((2,2,2-trifluoroethyl)amino)acetic acid	Backbone	alpha	Gly	157.091	0.22289999999999982	49.33	10.9	TRUE	N(CC(F)(F)F)CC(=O)O	ULINGFKOGLHDJP-UHFFFAOYSA-N
hPhe_3F	(S)-2-amino-4-(3-fluorophenyl)butanoic acid	hPhe(3-F)	(2S)-2-amino-4-(3-fluorophenyl)butanoic acid	Backbone	alpha	Phe	197.20899999999997	1.1702	63.32000000000001	6.6	TRUE	N[C@@H](CCc1(cccc(F)c1))C(=O)O	IBUPJVAZBFPWLJ-VIFPVBQESA-N
hPhe_2CF3	(S)-2-amino-4-(2-(trifluoromethyl)phenyl)butanoic acid	hPhe(2-CF3)	(2S)-2-amino-4-(2-(trifluoromethyl)phenyl)butanoic acid	Backbone	alpha	Phe	247.21599999999992	2.0499	63.32000000000001	3.4	TRUE	N[C@@H](CCc1(ccccc1C(F)(F)F))C(=O)O	BCXGVVUDFMBXEM-VIFPVBQESA-N
4-aza-Ac6c_Me	4-amino-1-methylpiperidine-4-carboxylic acid	4-aza-Ac6c(Me)	4-amino-1-methylpiperidine-4-carboxylic acid	Backbone	alpha	X	158.201	-0.5059	66.56	12.7	TRUE	NC1(CCN(C)CC1)C(=O)O	PRROBIIYGSUPNR-UHFFFAOYSA-N
bAla_3SPh245triFmethyl	(S)-3-amino-4-(2,4,5-trifluorophenyl)butanoic acid	bAla(3S-Ph(2,4,5-triF)methyl)	(3S)-3-amino-4-(2,4,5-trifluorophenyl)butanoic acid	Backbone	beta	Phe	233.18899999999996	1.4484000000000001	63.32000000000001	4.2	TRUE	N[C@@H](Cc1(cc(F)c(F)cc1F))CC(=O)O	KEFQQJVYCWLKPL-LURJTMIESA-N
Phe_3OCF3	(S)-2-amino-3-(3-(trifluoromethoxy)phenyl)propanoic acid	Phe(3-OCF3)	(2S)-2-amino-3-(3-((trifluoromethyl)oxy)phenyl)propanoic acid	Backbone	alpha	Tyr	249.18799999999993	1.5396	72.55	3.1	TRUE	N[C@@H](Cc1(cccc(OC(F)(F)F)c1))C(=O)O	NIONQVYUGGCUHI-QMMMGPOBSA-N
Phe_2OCF3	(S)-2-amino-3-(2-(trifluoromethoxy)phenyl)propanoic acid	Phe(2-OCF3)	(2S)-2-amino-3-(2-((trifluoromethyl)oxy)phenyl)propanoic acid	Backbone	alpha	Tyr	249.18799999999993	1.5396000000000003	72.55	3.5	TRUE	N[C@@H](Cc1(ccccc1OC(F)(F)F))C(=O)O	ILPKLBNKYRAICX-ZETCQYMHSA-N
2R-amino-cyclohexane-1S-CO2H	(1S,2R)-2-aminocyclohexane-1-carboxylic acid	2R-amino-cyclohexane-1S-CO2H	(1S,2R)-2-aminocyclohexanecarboxylic acid	Backbone	beta	Leu	143.186	0.5884999999999998	63.32000000000001	13.9	TRUE	N[C@H]1[C@H](CCCC1)C(=O)O	USQHEVWOPJDAAX-NTSWFWBYSA-N
D-Phe_2OMe	(R)-2-amino-3-(2-methoxyphenyl)propanoic acid	D-Phe(2-OMe)	(2R)-2-amino-3-(2-methoxyphenyl)propanoic acid	Backbone	alpha	Tyr	195.21799999999996	0.6496	72.55	6.4	TRUE	N[C@H](Cc1(ccccc1OC))C(=O)O	SEUPQWHWULSGJC-MRVPVSSYSA-N
D-Pro_5RPh	(2R,5R)-5-phenylpyrrolidine-2-carboxylic acid	D-Pro(5R-Ph)	(2R,5R)-5-phenylpyrrolidine-2-carboxylic acid	Backbone	alpha	Pro	191.23	1.5642999999999998	49.33	8.4	TRUE	N1[C@H](CC[C@@H]1c2(ccccc2))C(=O)O	SMWADGDVGCZIGK-NXEZZACHSA-N
D-Gla	(R)-3-aminopropane-1,1,3-tricarboxylic acid	D-Gla	(2R)-2-amino-4-carboxypentanedioic acid	Backbone	alpha	Glu	191.13899999999998	-1.4261999999999997	137.92000000000002	5.5	TRUE	N[C@H](CC(C(=O)O)C(=O)O)C(=O)O	UHBYWPGGCSDKFX-GSVOUGTGSA-N
2S-amino-cyclohexane-1S-CO2H	(1S,2S)-2-aminocyclohexane-1-carboxylic acid	2S-amino-cyclohexane-1S-CO2H	(1S,2S)-2-aminocyclohexanecarboxylic acid	Backbone	beta	Leu	143.186	0.5884999999999998	63.32000000000001	11.2	TRUE	N[C@@H]1[C@H](CCCC1)C(=O)O	USQHEVWOPJDAAX-WDSKDSINSA-N
2S-amino-cyclohexane-1R-CO2H	(1R,2S)-2-aminocyclohexane-1-carboxylic acid	2S-amino-cyclohexane-1R-CO2H	(1R,2S)-2-aminocyclohexanecarboxylic acid	Backbone	beta	Leu	143.186	0.5884999999999998	63.32000000000001	9.1	TRUE	N[C@@H]1[C@@H](CCCC1)C(=O)O	USQHEVWOPJDAAX-RITPCOANSA-N
D-aMeAbu_vinyl	(R)-2-amino-2-methylhex-5-enoic acid	D-aMeAbu(vinyl)	(2R)-2-amino-2-methylhex-5-enoic acid	Backbone	alpha	Leu	143.186	0.7545999999999999	63.32000000000001	7.4	TRUE	N[C@](C)(CCC=C)C(=O)O	OQVMALDNOMXRAP-SSDOTTSWSA-N
D-Phg_3Cl	(2R)-2-amino-2-(3-chlorophenyl)acetic acid	D-Phg(3-Cl)	(2R)-2-amino-2-(3-chlorophenyl)acetic acid	Backbone	alpha	X	185.60999999999999	1.4244	63.32000000000001	6.7	TRUE	N[C@H](c1(cccc(Cl)c1))C(=O)O	MGOUENCSVMAGSE-SSDOTTSWSA-N
Gly_Me_cPr	(S)-2-amino-2-cyclopropylpropanoic acid	Gly(Me,cPr)	(2S)-2-amino-2-cyclopropylpropanoic acid	Backbone	alpha	X	129.15900000000002	0.19839999999999985	63.32000000000001	9.4	TRUE	N[C@@](C)(C1(CC1))C(=O)O	VRFYYCFVOBCXDL-LURJTMIESA-N
Phe_4Et	(S)-2-amino-3-(4-ethylphenyl)propanoic acid	Phe(4-Et)	(2S)-2-amino-3-(4-ethylphenyl)propanoic acid	Backbone	alpha	Phe	193.24599999999995	1.2034000000000002	63.32000000000001	7.8	TRUE	N[C@@H](Cc1(ccc(cc1)CC))C(=O)O	AWKDBHFQJATNBQ-JTQLQIEISA-N
bLeu	3-amino-4-methylpentanoic acid	bLeu	3-amino-4-methylpentanoic acid	Backbone	beta	Val	131.175	0.44439999999999985	63.32000000000001	15.1	TRUE	NC(C(C)C)CC(=O)O	GLUJNGJDHCTUJY-UHFFFAOYSA-N
Phe_2F_5Br	(S)-2-amino-3-(5-bromo-2-fluorophenyl)propanoic acid	Phe(2-F,5-Br)	(2S)-2-amino-3-(5-bromo-2-fluorophenyl)propanoic acid	Backbone	alpha	Phe	262.078	1.5426000000000002	63.32000000000001	3	TRUE	N[C@@H](Cc1(cc(Br)ccc1F))C(=O)O	BYTRLZMUWHKJRH-QMMMGPOBSA-N
Phe_23diF	(S)-2-amino-3-(2,3-difluorophenyl)propanoic acid	Phe(2,3-diF)	(2S)-2-amino-3-(2,3-difluorophenyl)propanoic acid	Backbone	alpha	Phe	201.17199999999997	0.9192	63.32000000000001	6.6	TRUE	N[C@@H](Cc1(cccc(F)c1F))C(=O)O	KSUXKFDPNKLPHX-ZETCQYMHSA-N
Gly_tetrahydropyran4yl	(S)-2-amino-2-(tetrahydro-2H-pyran-4-yl)acetic acid	Gly(tetrahydropyran-4-yl)	(2S)-2-amino-2-(oxan-4-yl)acetic acid	Backbone	alpha	X	159.185	-0.17510000000000053	72.55	6.7	TRUE	N[C@@H](C1(CCOCC1))C(=O)O	XLZJPHKIECMDPG-LURJTMIESA-N
hPhe_2OMe	(S)-2-amino-4-(2-methoxyphenyl)butanoic acid	hPhe(2-OMe)	(2S)-2-amino-4-(2-methoxyphenyl)butanoic acid	Backbone	alpha	Tyr	209.24499999999995	1.0396999999999998	72.55	5.6	TRUE	N[C@@H](CCc1(ccccc1OC))C(=O)O	XHMOJLCCRFYKKC-VIFPVBQESA-N
morpholine-2-CO2H	morpholine-2-carboxylic acid	morpholine-2-CO2H	morpholine-2-carboxylic acid	Backbone	beta	Pro	131.131	-0.9406000000000001	58.56	11	TRUE	N1CC(OCC1)C(=O)O	FYCRNRZIEVLZDO-UHFFFAOYSA-N
Pro_3RPh	(2S,3R)-3-phenylpyrrolidine-2-carboxylic acid	Pro(3R-Ph)	(2S,3R)-3-phenylpyrrolidine-2-carboxylic acid	Backbone	alpha	Pro	191.23	1.2167	49.33	8.7	TRUE	N1[C@@H]([C@H](CC1)c2(ccccc2))C(=O)O	VDEMEKSASUGYHM-ZJUUUORDSA-N
D-hPhe_3Cl	(R)-2-amino-4-(3-chlorophenyl)butanoic acid	D-hPhe(3-Cl)	(2R)-2-amino-4-(3-chlorophenyl)butanoic acid	Backbone	alpha	Phe	213.664	1.6844999999999999	63.32000000000001	6	TRUE	N[C@H](CCc1(cccc(Cl)c1))C(=O)O	XHVNXVGEFJHTMY-SECBINFHSA-N
NMe-bAla_3SMe	(S)-3-(methylamino)butanoic acid	Me-bAla(3S-Me)	(3S)-3-(methylamino)butanoic acid	Backbone	beta	Ala	117.14799999999998	0.06899999999999967	49.33	16.4	TRUE	N(C)[C@@H](C)CC(=O)O	VWQSQYOPIHNGBY-BYPYZUCNSA-N
Pro_5RMe	(2S,5R)-5-methylpyrrolidine-2-carboxylic acid	Pro(5R-Me)	(2S,5R)-5-methylpyrrolidine-2-carboxylic acid	Backbone	alpha	Pro	129.159	0.21149999999999974	49.33	10.3	TRUE	N1[C@@H](CC[C@H]1C)C(=O)O	YNSYWEFVEIFJPZ-UHNVWZDZSA-N
Nle_octyl	(S)-2-aminotetradecanoic acid	Nle(octyl)	(2S)-2-aminotetradecanoic acid	Backbone	alpha	X	243.39099999999996	3.7093000000000025	63.32000000000001	8.3	TRUE	N[C@@H](CCCCCCCCCCCC)C(=O)O	BVXKPGXJOLWHFI-ZDUSSCGKSA-N
D-Phe_4Ac	(R)-3-(4-acetylphenyl)-2-aminopropanoic acid	D-Phe(4-Ac)	(2R)-3-(4-(acetyl)phenyl)-2-aminopropanoic acid	Backbone	alpha	Phe	207.22899999999996	0.8435999999999999	80.39	8.2	TRUE	N[C@H](Cc1(ccc(cc1)C(=O)C))C(=O)O	ZXSBHXZKWRIEIA-SNVBAGLBSA-N
NMe-3-oxa-Ac4c	3-(methylamino)oxetane-3-carboxylic acid	Me-3-oxa-Ac4c	3-(methylamino)-1-oxacyclobutane-3-carboxylic acid	Backbone	alpha	Ser	131.131	-0.9406000000000001	58.56	7	TRUE	N(C)C1(COC1)C(=O)O	UFXHHNPUXSLYAC-UHFFFAOYSA-N
D-hPhe_3Me	(R)-2-amino-4-(m-tolyl)butanoic acid	D-hPhe(3-Me)	(2R)-2-amino-4-(3-methylphenyl)butanoic acid	Backbone	alpha	Phe	193.24599999999998	1.3395199999999998	63.32000000000001	6.6	TRUE	N[C@H](CCc1(cccc(C)c1))C(=O)O	HEJMMMOBDAVUBT-SNVBAGLBSA-N
hPhe_3Me	(S)-2-amino-4-(m-tolyl)butanoic acid	hPhe(3-Me)	(2S)-2-amino-4-(3-methylphenyl)butanoic acid	Backbone	alpha	Phe	193.24599999999998	1.3395199999999998	63.32000000000001	8.4	TRUE	N[C@@H](CCc1(cccc(C)c1))C(=O)O	HEJMMMOBDAVUBT-JTQLQIEISA-N
bAla_2naphth1yl	3-amino-2-(naphthalen-1-yl)propanoic acid	bAla(2-naphth-1-yl)	3-amino-2-(naphthalen-1-yl)propanoic acid	Backbone	beta	X	215.25199999999998	1.9667000000000001	63.32000000000001	6.7	TRUE	NCC(c2(cccc1(ccccc12)))C(=O)O	ZWJNCOMXRFGWCT-UHFFFAOYSA-N
bAla_2naphth2yl	3-amino-2-(naphthalen-2-yl)propanoic acid	bAla(2-naphth-2-yl)	3-amino-2-(naphthalen-2-yl)propanoic acid	Backbone	beta	X	215.25199999999998	1.9667000000000001	63.32000000000001	5.4	TRUE	NCC(c2(ccc1(ccccc1c2)))C(=O)O	XEFMMAOXYIOPSX-UHFFFAOYSA-N
hPhe_2F	(S)-2-amino-4-(2-fluorophenyl)butanoic acid	hPhe(2-F)	(2S)-2-amino-4-(2-fluorophenyl)butanoic acid	Backbone	alpha	Phe	197.20899999999995	1.1702	63.32000000000001	6.5	TRUE	N[C@@H](CCc1(ccccc1F))C(=O)O	HKDDGWLHCOPIQU-VIFPVBQESA-N
NMe-5-Ava	5-(methylamino)pentanoic acid	Me-5-Ava	5-(methylamino)pentanoic acid	Backbone	delta	Gly	131.175	0.46069999999999983	49.33	17.9	TRUE	N(C)CCCCC(=O)O	CMVZMERLBCRJAH-UHFFFAOYSA-N
NMe-4-oxa-Ac6c	4-(methylamino)tetrahydro-2H-pyran-4-carboxylic acid	Me-4-oxa-Ac6c	4-(methylamino)oxane-4-carboxylic acid	Backbone	alpha	Ser	159.185	-0.16040000000000038	58.56	6.8	TRUE	N(C)C1(CCOCC1)C(=O)O	XQSFETBRMIRLGH-UHFFFAOYSA-N
Npyrid4ylmethyl-G	(pyridin-4-ylmethyl)glycine	pyrid-4-ylmethyl-Gly	2-(((pyridin-4-yl)methyl)amino)acetic acid	Backbone	alpha	Gly	166.17999999999998	0.25579999999999975	62.22	9.7	TRUE	N(Cc1(ccncc1))CC(=O)O	VGXJOVFCVXOPPA-UHFFFAOYSA-N
Phe_3Oprop2ynyl	(S)-2-amino-3-(3-(prop-2-yn-1-yloxy)phenyl)propanoic acid	Phe(3-Oprop-2-ynyl)	(2S)-2-amino-3-(3-((prop-2-yn-1-yl)oxy)phenyl)propanoic acid	Backbone	alpha	Tyr	219.23999999999995	0.653	72.55	2.7	TRUE	N[C@@H](Cc1(cccc(OCC#C)c1))C(=O)O	BENMLSOQBDOBJH-NSHDSACASA-N
bAla_3RcBu	(S)-3-amino-3-cyclobutylpropanoic acid	bAla(3R-cBu)	(3S)-3-amino-3-cyclobutylpropanoic acid	Backbone	beta	X	143.186	0.5884999999999998	63.32000000000001	3.7	TRUE	N[C@H](C1(CCC1))CC(=O)O	BKTGHCWCUCSXIV-LURJTMIESA-N
bAla_3RcPr	(S)-3-amino-3-cyclopropylpropanoic acid	bAla(3R-cPr)	(3S)-3-amino-3-cyclopropylpropanoic acid	Backbone	beta	X	129.15900000000002	0.19839999999999985	63.32000000000001	7.4	TRUE	N[C@H](C1(CC1))CC(=O)O	IHWFMMMLMIDKCB-YFKPBYRVSA-N
Abu_cPr	(S)-2-amino-4-cyclopropylbutanoic acid	Abu(cPr)	(2S)-2-amino-4-cyclopropylbutanoic acid	Backbone	alpha	Ala	143.186	0.5884999999999998	63.32000000000001	7.1	TRUE	N[C@@H](CCC1(CC1))C(=O)O	XQBROTNHOLWMJR-LURJTMIESA-N
4-aza-Ac6c_Bn_2Me	4-amino-1-(2-methylbenzyl)piperidine-4-carboxylic acid	4-aza-Ac6c(Bn(2-Me))	4-amino-1-((2-methylphenyl)methyl)piperidine-4-carboxylic acid	Backbone	alpha	X	248.32600000000002	1.37292	66.56	5.6	TRUE	NC1(CCN(CC1)Cc2(ccccc2C))C(=O)O	HPGWIARCDHPCHI-UHFFFAOYSA-N
4-aza-Ac6c_Mbzl	4-amino-1-(4-methylbenzyl)piperidine-4-carboxylic acid	4-aza-Ac6c(Mbzl)	4-amino-1-((4-methylphenyl)methyl)piperidine-4-carboxylic acid	Backbone	alpha	X	248.32600000000002	1.37292	66.56	6.4	TRUE	NC1(CCN(CC1)Cc2(ccc(C)cc2))C(=O)O	CRIHNSOGDQGGAQ-UHFFFAOYSA-N
4-aza-Ac6c_Bn_4Cl	4-amino-1-(4-chlorobenzyl)piperidine-4-carboxylic acid	4-aza-Ac6c(Bn(4-Cl))	4-amino-1-((4-chlorophenyl)methyl)piperidine-4-carboxylic acid	Backbone	alpha	X	268.744	1.7179	66.56	4.6	TRUE	NC1(CCN(CC1)Cc2(ccc(Cl)cc2))C(=O)O	ABDIXVFLGWCHDW-UHFFFAOYSA-N
4-aza-Ac6c_Bn_4OMe	4-amino-1-(4-methoxybenzyl)piperidine-4-carboxylic acid	4-aza-Ac6c(Bn(4-OMe))	4-amino-1-((4-methoxyphenyl)methyl)piperidine-4-carboxylic acid	Backbone	alpha	X	264.325	1.0730999999999995	75.78999999999999	7.7	TRUE	NC1(CCN(CC1)Cc2(ccc(OC)cc2))C(=O)O	JEYKZZICXPKITI-UHFFFAOYSA-N
D-Gly_tetrahydropyran4yl	(R)-2-amino-2-(tetrahydro-2H-pyran-4-yl)acetic acid	D-Gly(tetrahydropyran-4-yl)	(2R)-2-amino-2-(oxan-4-yl)acetic acid	Backbone	alpha	X	159.185	-0.17510000000000053	72.55	5.4	TRUE	N[C@H](C1(CCOCC1))C(=O)O	XLZJPHKIECMDPG-ZCFIWIBFSA-N
b2-4-oxa-Ac6c	4-(aminomethyl)tetrahydro-2H-pyran-4-carboxylic acid	b2-4-oxa-Ac6c	4-(aminomethyl)oxane-4-carboxylic acid	Backbone	beta	Ser	159.185	-0.17350000000000027	72.55	8.3	TRUE	NCC1(CCOCC1)C(=O)O	MOQXTRBNZFLFOF-UHFFFAOYSA-N
bAla_2SOH	(S)-3-amino-2-hydroxypropanoic acid	bAla(2S-OH)	(2S)-3-amino-2-hydroxypropanoic acid	Backbone	beta	X	105.09299999999999	-1.6093999999999997	83.55	12.8	TRUE	NC[C@H](O)C(=O)O	BMYNFMYTOJXKLE-REOHCLBHSA-N
D-hPhe_4Cl	(R)-2-amino-4-(4-chlorophenyl)butanoic acid	D-hPhe(4-Cl)	(2R)-2-amino-4-(4-chlorophenyl)butanoic acid	Backbone	alpha	Phe	213.664	1.6844999999999999	63.32000000000001	9.2	TRUE	N[C@H](CCc1(ccc(Cl)cc1))C(=O)O	AQUBLNVPEAFNGD-SECBINFHSA-N
D-hPhe_3CF3	(R)-2-amino-4-(3-(trifluoromethyl)phenyl)butanoic acid	D-hPhe(3-CF3)	(2R)-2-amino-4-(3-(trifluoromethyl)phenyl)butanoic acid	Backbone	alpha	Phe	247.21599999999995	2.0499	63.32000000000001	4.6	TRUE	N[C@H](CCc1(cccc(c1)C(F)(F)F))C(=O)O	YHEKYBSDNWZYJS-SECBINFHSA-N
D-hPhe_24diCl	(R)-2-amino-4-(2,4-dichlorophenyl)butanoic acid	D-hPhe(2,4-diCl)	(2R)-2-amino-4-(2,4-dichlorophenyl)butanoic acid	Backbone	alpha	Phe	248.10899999999998	2.3379	63.32000000000001	5.9	TRUE	N[C@H](CCc1(ccc(Cl)cc1Cl))C(=O)O	VSJIELYJPAYOJA-SECBINFHSA-N
D-hPhe_34diCl	(R)-2-amino-4-(3,4-dichlorophenyl)butanoic acid	D-hPhe(3,4-diCl)	(2R)-2-amino-4-(3,4-dichlorophenyl)butanoic acid	Backbone	alpha	Phe	248.10899999999998	2.3379	63.32000000000001	4.3	TRUE	N[C@H](CCc1(ccc(Cl)c(Cl)c1))C(=O)O	PHCCQGLRCCLUBD-SECBINFHSA-N
Chg_OH	(S)-2-amino-2-(4-hydroxycyclohexyl)acetic acid	Chg(OH)	(2S)-2-amino-2-(4-hydroxycyclohexyl)acetic acid	Backbone	alpha	X	173.212	-0.05060000000000048	83.55	6.5	TRUE	N[C@@H](C1(CCC(O)CC1))C(=O)O	IMYYCZADDHYKLF-AHXFUIDQSA-N
b-4-aza-Ac6c	2-(4-aminopiperidin-4-yl)acetic acid	b-4-aza-Ac6c	2-(4-aminopiperidin-4-yl)acetic acid	Backbone	beta	X	158.201	-0.45800000000000046	75.35	7.7	TRUE	NC1(CCNCC1)CC(=O)O	RYPZAKWOLNJEHN-UHFFFAOYSA-N
aHyp_Ph	(2S,4S)-4-phenoxypyrrolidine-2-carboxylic acid	aHyp(Ph)	(2S,4S)-4-phenoxypyrrolidine-2-carboxylic acid	Backbone	alpha	Pro	207.22899999999998	0.8805000000000001	58.56	9	TRUE	N2[C@@H](C[C@H](Oc1(ccccc1))C2)C(=O)O	RWSHAZYNUOFZMI-UWVGGRQHSA-N
D-hPhe_4F	(R)-2-amino-4-(4-fluorophenyl)butanoic acid	D-hPhe(4-F)	(2R)-2-amino-4-(4-fluorophenyl)butanoic acid	Backbone	alpha	Phe	197.209	1.1702	63.32000000000001	6	TRUE	N[C@H](CCc1(ccc(F)cc1))C(=O)O	WMMMRQAUOPVWML-SECBINFHSA-N
hPhe_4F	(S)-2-amino-4-(4-fluorophenyl)butanoic acid	hPhe(4-F)	(2S)-2-amino-4-(4-fluorophenyl)butanoic acid	Backbone	alpha	Phe	197.209	1.1702	63.32000000000001	5.7	TRUE	N[C@@H](CCc1(ccc(F)cc1))C(=O)O	WMMMRQAUOPVWML-VIFPVBQESA-N
hLeu_Me	(S)-2-amino-5,5-dimethylhexanoic acid	hLeu(Me)	(2S)-2-amino-5,5-dimethylhexanoic acid	Backbone	alpha	Leu	159.22899999999998	1.2245999999999997	63.32000000000001	8.6	TRUE	N[C@@H](CCC(C)(C)C)C(=O)O	HMQBHFUPSBOCOE-LURJTMIESA-N
5-Ava_4carbonyl	5-amino-4-oxopentanoic acid	5-Ava(4-carbonyl)	5-amino-4-oxopentanoic acid	Backbone	delta	Gly	131.131	-0.6210000000000004	80.39	10.8	TRUE	NCC(=O)CCC(=O)O	ZGXJTSGNIOSYLO-UHFFFAOYSA-N
D-hTyr_Me	(R)-2-amino-4-(4-methoxyphenyl)butanoic acid	D-hTyr(Me)	(2R)-2-amino-4-(4-methoxyphenyl)butanoic acid	Backbone	alpha	Tyr	209.24499999999998	1.0396999999999998	72.55	6.4	TRUE	N[C@H](CCc1(ccc(OC)cc1))C(=O)O	JADFNIWVWZWOFA-SNVBAGLBSA-N
hTyr_Me	(S)-2-amino-4-(4-methoxyphenyl)butanoic acid	hTyr(Me)	(2S)-2-amino-4-(4-methoxyphenyl)butanoic acid	Backbone	alpha	Tyr	209.24499999999998	1.0396999999999998	72.55	7.7	TRUE	N[C@@H](CCc1(ccc(OC)cc1))C(=O)O	JADFNIWVWZWOFA-JTQLQIEISA-N
hPhe_3OMe	(S)-2-amino-4-(3-methoxyphenyl)butanoic acid	hPhe(3-OMe)	(2S)-2-amino-4-(3-methoxyphenyl)butanoic acid	Backbone	alpha	Tyr	209.24499999999998	1.0396999999999998	72.55	6.3	TRUE	N[C@@H](CCc1(cccc(OC)c1))C(=O)O	HEOJABVYJADWNP-JTQLQIEISA-N
D-hPhe_3OMe	(R)-2-amino-4-(3-methoxyphenyl)butanoic acid	D-hPhe(3-OMe)	(2R)-2-amino-4-(3-methoxyphenyl)butanoic acid	Backbone	alpha	Tyr	209.24499999999998	1.0396999999999998	72.55	5.9	TRUE	N[C@H](CCc1(cccc(OC)c1))C(=O)O	HEOJABVYJADWNP-SNVBAGLBSA-N
D-hPhe_2OMe	(R)-2-amino-4-(2-methoxyphenyl)butanoic acid	D-hPhe(2-OMe)	(2R)-2-amino-4-(2-methoxyphenyl)butanoic acid	Backbone	alpha	Tyr	209.24499999999995	1.0396999999999998	72.55	5.5	TRUE	N[C@H](CCc1(ccccc1OC))C(=O)O	XHMOJLCCRFYKKC-SECBINFHSA-N
D-hPhe_2F	(R)-2-amino-4-(2-fluorophenyl)butanoic acid	D-hPhe(2-F)	(2R)-2-amino-4-(2-fluorophenyl)butanoic acid	Backbone	alpha	Phe	197.20899999999995	1.1702	63.32000000000001	7.3	TRUE	N[C@H](CCc1(ccccc1F))C(=O)O	HKDDGWLHCOPIQU-SECBINFHSA-N
D-hPhe_2Cl	(R)-2-amino-4-(2-chlorophenyl)butanoic acid	D-hPhe(2-Cl)	(2R)-2-amino-4-(2-chlorophenyl)butanoic acid	Backbone	alpha	Phe	213.66399999999996	1.6844999999999999	63.32000000000001	6.3	TRUE	N[C@H](CCc1(ccccc1Cl))C(=O)O	ZYQDUOLAVXZHAL-SECBINFHSA-N
NEt-dA	ethyl-D-alanine	Et-D-Ala	(2R)-2-(ethylamino)propanoic acid	Backbone	alpha	Ala	117.14799999999998	0.06900000000000012	49.33	16.9	TRUE	N(CC)[C@H](C)C(=O)O	DATPFTPVGIHCCM-SCSAIBSYSA-N
D-hPhe_2CF3	(R)-2-amino-4-(2-(trifluoromethyl)phenyl)butanoic acid	D-hPhe(2-CF3)	(2R)-2-amino-4-(2-(trifluoromethyl)phenyl)butanoic acid	Backbone	alpha	Phe	247.21599999999992	2.0499	63.32000000000001	3.8	TRUE	N[C@H](CCc1(ccccc1C(F)(F)F))C(=O)O	BCXGVVUDFMBXEM-SECBINFHSA-N
D-hPhe_26diF	(R)-2-amino-4-(2,6-difluorophenyl)butanoic acid	D-hPhe(2,6-diF)	(2R)-2-amino-4-(2,6-difluorophenyl)butanoic acid	Backbone	alpha	Phe	215.19899999999998	1.3093	63.32000000000001	3.1	TRUE	N[C@H](CCc1(c(F)cccc1F))C(=O)O	OWSJVBLJVRUDJX-SECBINFHSA-N
D-hPhe_25diF	(R)-2-amino-4-(2,5-difluorophenyl)butanoic acid	D-hPhe(2,5-diF)	(2R)-2-amino-4-(2,5-difluorophenyl)butanoic acid	Backbone	alpha	Phe	215.19899999999998	1.3093	63.32000000000001	4.7	TRUE	N[C@H](CCc1(cc(F)ccc1F))C(=O)O	XEHBWDCZWQCJRP-SECBINFHSA-N
hPhe_25diF	(S)-2-amino-4-(2,5-difluorophenyl)butanoic acid	hPhe(2,5-diF)	(2S)-2-amino-4-(2,5-difluorophenyl)butanoic acid	Backbone	alpha	Phe	215.19899999999998	1.3093	63.32000000000001	5.4	TRUE	N[C@@H](CCc1(cc(F)ccc1F))C(=O)O	XEHBWDCZWQCJRP-VIFPVBQESA-N
Phe_35diOMe	(S)-2-amino-3-(3,5-dimethoxyphenyl)propanoic acid	Phe(3,5-diOMe)	(2S)-2-amino-3-(3,5-dimethoxyphenyl)propanoic acid	Backbone	alpha	Tyr	225.24399999999997	0.6581999999999999	81.78	4.6	TRUE	N[C@@H](Cc1(cc(OC)cc(OC)c1))C(=O)O	RGJFWLUOTAIYGQ-JTQLQIEISA-N
D-Phe_4OPh	(R)-2-amino-3-(4-phenoxyphenyl)propanoic acid	D-Tyr(Ph)	(2R)-2-amino-3-(4-phenoxyphenyl)propanoic acid	Backbone	alpha	Tyr	257.289	2.4333	72.55	7.7	TRUE	N[C@H](Cc2(ccc(Oc1(ccccc1))cc2))C(=O)O	DRDNRDDAAFSVNM-CQSZACIVSA-N
D-Nle_pentyl	(R)-2-aminoundecanoic acid	D-Nle(pentyl)	(2R)-2-aminoundecanoic acid	Backbone	alpha	X	201.31	2.5390000000000006	63.32000000000001	8.5	TRUE	N[C@H](CCCCCCCCC)C(=O)O	HASUJDLTAYUWCO-SNVBAGLBSA-N
D-Nle_hexyl	(R)-2-aminododecanoic acid	D-Nle(hexyl)	(2R)-2-aminododecanoic acid	Backbone	alpha	X	215.337	2.929100000000001	63.32000000000001	8.2	TRUE	N[C@H](CCCCCCCCCC)C(=O)O	QUBNFZFTFXTLKH-LLVKDONJSA-N
D-Nle_octyl	(R)-2-aminotetradecanoic acid	D-Nle(octyl)	(2R)-2-aminotetradecanoic acid	Backbone	alpha	X	243.39099999999996	3.7093000000000025	63.32000000000001	7.7	TRUE	N[C@H](CCCCCCCCCCCC)C(=O)O	BVXKPGXJOLWHFI-CYBMUJFWSA-N
D-Phe_2F_5Br	(R)-2-amino-3-(5-bromo-2-fluorophenyl)propanoic acid	D-Phe(2-F,5-Br)	(2R)-2-amino-3-(5-bromo-2-fluorophenyl)propanoic acid	Backbone	alpha	Phe	262.078	1.5426000000000002	63.32000000000001	3.4	TRUE	N[C@H](Cc1(cc(Br)ccc1F))C(=O)O	BYTRLZMUWHKJRH-MRVPVSSYSA-N
D-Phe_3Br_4F	(R)-2-amino-3-(3-bromo-4-fluorophenyl)propanoic acid	D-Phe(3-Br,4-F)	(2R)-2-amino-3-(3-bromo-4-fluorophenyl)propanoic acid	Backbone	alpha	Phe	262.078	1.5426000000000002	63.32000000000001	3	TRUE	N[C@H](Cc1(ccc(F)c(Br)c1))C(=O)O	FZVFOEFLGCXXCP-MRVPVSSYSA-N
Phe_3Br_4F	(S)-2-amino-3-(3-bromo-4-fluorophenyl)propanoic acid	Phe(3-Br,4-F)	(2S)-2-amino-3-(3-bromo-4-fluorophenyl)propanoic acid	Backbone	alpha	Phe	262.078	1.5426000000000002	63.32000000000001	4.3	TRUE	N[C@@H](Cc1(ccc(F)c(Br)c1))C(=O)O	FZVFOEFLGCXXCP-QMMMGPOBSA-N
Phe_34_5triOMe	(S)-2-amino-3-(3,4,5-trimethoxyphenyl)propanoic acid	Phe(3,4,5-triOMe)	(2S)-2-amino-3-(3,4,5-trimethoxyphenyl)propanoic acid	Backbone	alpha	Tyr	255.26999999999995	0.6667999999999998	91.01	5.5	TRUE	N[C@@H](Cc1(cc(OC)c(OC)c(OC)c1))C(=O)O	AYPXBNMIJGVJDE-QMMMGPOBSA-N
Phe_3OEt	(S)-2-amino-3-(3-ethoxyphenyl)propanoic acid	Phe(3-OEt)	(2S)-2-amino-3-(3-ethoxyphenyl)propanoic acid	Backbone	alpha	Tyr	209.24499999999995	1.0396999999999998	72.55	7.1	TRUE	N[C@@H](Cc1(cccc(OCC)c1))C(=O)O	SEYVYCRBBASCRX-JTQLQIEISA-N
Phe_4Ph_4Cl	(S)-2-amino-3-(4'-chloro-[1,1'-biphenyl]-4-yl)propanoic acid	Phe(4-Ph(4-Cl))	(2S)-2-amino-3-(4-(4-chlorophenyl)phenyl)propanoic acid	Backbone	alpha	Phe	275.735	2.961400000000001	63.32000000000001	4.9	TRUE	N[C@@H](Cc1(ccc(cc1)c2(ccc(Cl)cc2)))C(=O)O	YNAJOMWNXOKORZ-AWEZNQCLSA-N
NMe-Ala_tBu	(S)-4,4-dimethyl-2-(methylamino)pentanoic acid	Me-Ala(tBu)	(2S)-4,4-dimethyl-2-(methylamino)pentanoic acid	Backbone	alpha	Leu	159.22899999999998	1.0952	49.33	11.3	TRUE	N(C)[C@@H](CC(C)(C)C)C(=O)O	XKQSRLFMHOHZQR-LURJTMIESA-N
NMe-D-Ser_Me	N,O-dimethyl-D-serine	Me-D-Ser(Me)	(2R)-3-methoxy-2-(methylamino)propanoic acid	Backbone	alpha	Ser	133.147	-0.6946000000000001	58.56	10.9	TRUE	N(C)[C@H](COC)C(=O)O	AKTYKKADZQIESO-SCSAIBSYSA-N
bAla_3RMe_Ph	(R)-3-amino-4-(phenylthio)butanoic acid	bAla(3R-Me,Ph)	(3R)-3-amino-4-(phenylsulfanyl)butanoic acid	Backbone	beta	Cys	211.28599999999997	1.5807	63.32000000000001	5.5	TRUE	N[C@@H](CSc1(ccccc1))CC(=O)O	BAFKFCWMJAHLQJ-MRVPVSSYSA-N
Phe_3OMe_4Cl	(S)-2-amino-3-(4-chloro-3-methoxyphenyl)propanoic acid	Phe(3-OMe,4-Cl)	(2S)-2-amino-3-(4-chloro-3-methoxyphenyl)propanoic acid	Backbone	alpha	Tyr	229.66299999999998	1.303	72.55	3.1	TRUE	N[C@@H](Cc1(ccc(Cl)c(OC)c1))C(=O)O	DVSYRLUHXAYEMH-QMMMGPOBSA-N
Phe_2Me_4Cl	(S)-2-amino-3-(4-chloro-2-methylphenyl)propanoic acid	Phe(2-Me,4-Cl)	(2S)-2-amino-3-(4-chloro-2-methylphenyl)propanoic acid	Backbone	alpha	Phe	213.664	1.6028200000000001	63.32000000000001	3.5	TRUE	N[C@@H](Cc1(ccc(Cl)cc1C))C(=O)O	HOPMBDAOMZVFGR-VIFPVBQESA-N
hPhe_3CF3	(S)-2-amino-4-(3-(trifluoromethyl)phenyl)butanoic acid	hPhe(3-CF3)	(2S)-2-amino-4-(3-(trifluoromethyl)phenyl)butanoic acid	Backbone	alpha	Phe	247.21599999999995	2.0499	63.32000000000001	3.8	TRUE	N[C@@H](CCc1(cccc(c1)C(F)(F)F))C(=O)O	YHEKYBSDNWZYJS-VIFPVBQESA-N
hPhe_24diCl	(S)-2-amino-4-(2,4-dichlorophenyl)butanoic acid	hPhe(2,4-diCl)	(2S)-2-amino-4-(2,4-dichlorophenyl)butanoic acid	Backbone	alpha	Phe	248.10899999999998	2.3379	63.32000000000001	4.9	TRUE	N[C@@H](CCc1(ccc(Cl)cc1Cl))C(=O)O	VSJIELYJPAYOJA-VIFPVBQESA-N
D-hPhe_35diCl	(2R)-2-amino-4-(3,5-dichlorophenyl)butanoic acid	D-hPhe(3,5-diCl)	(2R)-2-amino-4-(3,5-dichlorophenyl)butanoic acid	Backbone	alpha	Phe	248.10899999999998	2.3379	63.32000000000001	3.4	TRUE	N[C@H](CCc1(cc(Cl)cc(Cl)c1))C(=O)O	KGZBOALXMBRBMM-SECBINFHSA-N
hPhe_35diCl	(S)-2-amino-4-(3,5-dichlorophenyl)butanoic acid	hPhe(3,5-diCl)	(2S)-2-amino-4-(3,5-dichlorophenyl)butanoic acid	Backbone	alpha	Phe	248.10899999999998	2.3379	63.32000000000001	3.4	TRUE	N[C@@H](CCc1(cc(Cl)cc(Cl)c1))C(=O)O	KGZBOALXMBRBMM-VIFPVBQESA-N
D-hPhe_2Me	(R)-2-amino-4-(o-tolyl)butanoic acid	D-hPhe(2-Me)	(2R)-2-amino-4-(2-methylphenyl)butanoic acid	Backbone	alpha	Phe	193.24599999999995	1.3395199999999998	63.32000000000001	8.8	TRUE	N[C@H](CCc1(ccccc1C))C(=O)O	UIINSJBTFLRMLY-SNVBAGLBSA-N
D-hPhe_4Me	(R)-2-amino-4-(p-tolyl)butanoic acid	D-hPhe(4-Me)	(2R)-2-amino-4-(4-methylphenyl)butanoic acid	Backbone	alpha	Phe	193.24599999999998	1.3395199999999998	63.32000000000001	6.4	TRUE	N[C@H](CCc1(ccc(C)cc1))C(=O)O	QHABQGXRISWAEZ-SNVBAGLBSA-N
Phe_4Ph_34diCl	(S)-2-amino-3-(3',4'-dichloro-[1,1'-biphenyl]-4-yl)propanoic acid	Phe(4-Ph(3,4-diCl))	(2S)-2-amino-3-(4-(3,4-dichlorophenyl)phenyl)propanoic acid	Backbone	alpha	Phe	310.18	3.6148000000000025	63.32000000000001	2.8	TRUE	N[C@@H](Cc1(ccc(cc1)c2(ccc(Cl)c(Cl)c2)))C(=O)O	JNGFTZCQSHBMTQ-AWEZNQCLSA-N
D-Tyr_35diF	(R)-2-amino-3-(3,5-difluoro-4-hydroxyphenyl)propanoic acid	D-Tyr(3,5-diF)	(2R)-2-amino-3-(3,5-difluoro-4-hydroxyphenyl)propanoic acid	Backbone	alpha	Tyr	217.17099999999996	0.6248	83.55	3.1	TRUE	N[C@H](Cc1(cc(F)c(O)c(F)c1))C(=O)O	KPKMCRFCNWVLDA-SSDOTTSWSA-N
aMeCha	(S)-2-amino-3-cyclohexyl-2-methylpropanoic acid	aMeCha	(2S)-2-amino-2-(cyclohexylmethyl)propanoic acid	Backbone	alpha	Ala	185.267	1.7588	63.32000000000001	5.9	TRUE	N[C@@](C)(CC1(CCCCC1))C(=O)O	RAUJVFYNXLFAKY-JTQLQIEISA-N
D-Nle_ethynyl	(R)-2-aminooct-7-ynoic acid	D-Nle(ethynyl)	(2R)-2-aminooct-7-ynoic acid	Backbone	alpha	Leu	155.197	0.5918999999999999	63.32000000000001	3.5	TRUE	N[C@H](CCCCC#C)C(=O)O	HYWGKAZTGORCAE-SSDOTTSWSA-N
Phe_4Ph_3F	(S)-2-amino-3-(3'-fluoro-[1,1'-biphenyl]-4-yl)propanoic acid	Phe(4-Ph(3-F))	(2S)-2-amino-3-(4-(3-fluorophenyl)phenyl)propanoic acid	Backbone	alpha	Phe	259.28	2.4471	63.32000000000001	4.5	TRUE	N[C@@H](Cc1(ccc(cc1)c2(cccc(F)c2)))C(=O)O	FCQAZEOPLJJZBF-AWEZNQCLSA-N
Ser_allyl	O-allyl-L-serine	Ser(allyl)	(2S)-2-amino-3-((prop-2-en-1-yl)oxy)propanoic acid	Backbone	alpha	Ser	145.158	-0.3991000000000003	72.55	8.5	TRUE	N[C@@H](COCC=C)C(=O)O	PLTOASLATKFEBR-YFKPBYRVSA-N
Ser_prop2ynyl	O-(prop-2-yn-1-yl)-L-serine	Ser(prop-2-ynyl)	(2S)-2-amino-3-((prop-2-yn-1-yl)oxy)propanoic acid	Backbone	alpha	Ser	143.142	-0.9518999999999997	72.55	5.8	TRUE	N[C@@H](COCC#C)C(=O)O	CBKWZMZSOKUORR-YFKPBYRVSA-N
Hyp_iBu	(2S,4R)-4-isobutoxypyrrolidine-2-carboxylic acid	Hyp(iBu)	(2S,4R)-4-isobutoxypyrrolidine-2-carboxylic acid	Backbone	alpha	Pro	187.23899999999998	0.47410000000000013	58.56	5.4	TRUE	N1[C@@H](C[C@@H](OCC(C)C)C1)C(=O)O	XYWFSMYUGPHGRN-SFYZADRCSA-N
Hyp_Me	(2S,4R)-4-methoxypyrrolidine-2-carboxylic acid	Hyp(Me)	(2S,4R)-4-methoxypyrrolidine-2-carboxylic acid	Backbone	alpha	Pro	145.15800000000002	-0.5521	58.56	13	TRUE	N1[C@@H](C[C@@H](OC)C1)C(=O)O	RNXKXUOGQKYKTH-UHNVWZDZSA-N
Inp_4Ph_4F	4-(4-fluorophenyl)piperidine-4-carboxylic acid	Inp(4-Ph(4-F))	4-(4-fluorophenyl)piperidine-4-carboxylic acid	Backbone	gamma	Pro	223.24699999999999	1.5315	49.33	6.6	TRUE	N1CCC(CC1)(c2(ccc(F)cc2))C(=O)O	QFHFMHREPUBQBP-UHFFFAOYSA-N
DL-hPip	2-(piperidin-2-yl)acetic acid	DL-hPip	2-(piperidin-2-yl)acetic acid	Backbone	beta	Pro	143.186	0.6032	49.33	11.5	TRUE	N1C(CCCC1)CC(=O)O	PRNLNZMJMCUWNV-UHFFFAOYSA-N
Abu_pyrid3yl	(S)-2-amino-4-(pyridin-3-yl)butanoic acid	Abu(pyrid-3-yl)	(2S)-2-amino-4-(pyridin-3-yl)butanoic acid	Backbone	alpha	Phe	180.207	0.42609999999999965	76.21	5.9	TRUE	N[C@@H](CCc1(cccnc1))C(=O)O	DKDFDEKVGHBVIX-QMMMGPOBSA-N
Abu_pyrid4yl	(S)-2-amino-4-(pyridin-4-yl)butanoic acid	Abu(pyrid-4-yl)	(2S)-2-amino-4-(pyridin-4-yl)butanoic acid	Backbone	alpha	Phe	180.207	0.42609999999999965	76.21	7.5	TRUE	N[C@@H](CCc1(ccncc1))C(=O)O	WHCQVPISOOTNON-QMMMGPOBSA-N
hPhe_3CN	(S)-2-amino-4-(3-cyanophenyl)butanoic acid	hPhe(3-CN)	(2S)-2-amino-4-(3-(nitrilomethyl)phenyl)butanoic acid	Backbone	alpha	Phe	204.22899999999998	0.9027799999999999	87.11	3.9	TRUE	N[C@@H](CCc1(cccc(C#N)c1))C(=O)O	UHVSGOJXLBBKAN-JTQLQIEISA-N
Phe_4Ph_4NH2	(S)-2-amino-3-(4'-amino-[1,1'-biphenyl]-4-yl)propanoic acid	Phe(4-Ph(4-NH2))	(2S)-2-amino-3-(4-(4-aminophenyl)phenyl)propanoic acid	Backbone	alpha	Phe	256.30499999999995	1.8902	89.34	4.5	TRUE	N[C@@H](Cc1(ccc(cc1)c2(ccc(N)cc2)))C(=O)O	NZPZPWPZATZTFX-AWEZNQCLSA-N
NMe-Tyr_allyl	(S)-3-(4-(allyloxy)phenyl)-2-(methylamino)propanoic acid	Me-Tyr(allyl)	(2S)-2-(methylamino)-3-(4-((prop-2-en-1-yl)oxy)phenyl)propanoic acid	Backbone	alpha	Tyr	235.28299999999996	1.4665	58.56	6.4	TRUE	N(C)[C@@H](Cc1(ccc(OCC=C)cc1))C(=O)O	KPNYHJRQXIMURF-LBPRGKRZSA-N
Cys_benzhydryl_44diSOMe	S-(bis(4-(methylsulfinyl)phenyl)methyl)-L-cysteine	Cys(benzhydryl(4,4-diS(O)Me))	(2R)-2-amino-3-((bis(4-(methylsulfinyl)phenyl)methyl)sulfanyl)propanoic acid	Backbone	alpha	Cys	411.5700000000001	2.3959	97.46000000000001	2.7	TRUE	N[C@@H](CSC(c1(ccc(cc1)S(=O)C))c2(ccc(cc2)S(=O)C))C(=O)O	GSLUEVJBZOPUNZ-PICNDJGISA-N
D-hArg_Me	N6-(N-methylcarbamimidoyl)-D-lysine	D-hArg(Me)	(2R)-2-amino-6-(((imino)(methylamino)methyl)amino)hexanoic acid	Backbone	alpha	Arg	202.258	-0.6876299999999986	111.23	3.9	TRUE	N[C@H](CCCCNC(=N)NC)C(=O)O	BISBENXUJVLWNC-ZCFIWIBFSA-N
NMe-Nva_53F	(S)-5,5,5-trifluoro-2-(methylamino)pentanoic acid	Me-Nva(5-3F)	(2S)-5,5,5-trifluoro-2-(methylamino)pentanoic acid	Backbone	alpha	X	185.145	1.0014999999999998	49.33	6.8	TRUE	N(C)[C@@H](CCC(F)(F)F)C(=O)O	AJGZUPHBUSKPNJ-BYPYZUCNSA-N
bhGlu_Oallyl	(S)-6-(allyloxy)-3-amino-6-oxohexanoic acid	bhGlu(Oallyl)	(3S)-3-amino-5-(((prop-2-en-1-yl)oxy)carbonyl)pentanoic acid	Backbone	beta	Glu	201.22199999999995	0.29779999999999957	89.62000000000002	3.1	TRUE	N[C@@H](CCC(=O)OCC=C)CC(=O)O	ZGRYWNXDCVYFFC-ZETCQYMHSA-N
Lys_EtO2H	N6-(carboxymethyl)-L-lysine	Lys(EtO2H)	(2S)-2-amino-6-((2-hydroxy-2-oxoethyl)amino)hexanoic acid	Backbone	alpha	Lys	204.226	-0.7571999999999992	112.64999999999999	6.7	TRUE	N[C@@H](CCCCNCC(=O)O)C(=O)O	NUXSIDPKKIEIMI-LURJTMIESA-N
aMeSer_allyl	(S)-3-(allyloxy)-2-amino-2-methylpropanoic acid	aMeSer(allyl)	(2S)-2-amino-2-(((prop-2-en-1-yl)oxy)methyl)propanoic acid	Backbone	alpha	Ser	159.185	-0.009000000000000397	72.55	4.4	TRUE	N[C@@](C)(COCC=C)C(=O)O	OFYKOCUXLKQTLH-ZETCQYMHSA-N
D-Gly_CF3_Me	(R)-2-amino-3,3,3-trifluoro-2-methylpropanoic acid	D-Gly(CF3,Me)	(2R)-2-amino-2-(trifluoromethyl)propanoic acid	Backbone	alpha	X	157.091	0.3506999999999998	63.32000000000001	5.4	TRUE	N[C@@](C)(C(F)(F)F)C(=O)O	JBQBFDPQDFDHEC-GSVOUGTGSA-N
D-acPrAla	(R)-2-amino-2-cyclopropylpropanoic acid hydrate	D-acPrAla	(2R)-2-amino-2-cyclopropylpropanoic acid	Backbone	alpha	X	129.15900000000002	0.19839999999999985	63.32000000000001	6.4	TRUE	N[C@](C)(C1(CC1))C(=O)O	VRFYYCFVOBCXDL-ZCFIWIBFSA-N
Phe_4CH2OPiv	(S)-2-amino-3-(4-((pivaloyloxy)methyl)phenyl)propanoic acid	Phe(4-CH2OPiv)	(2S)-2-amino-3-(4-((tert-butylcarbonyloxy)methyl)phenyl)propanoic acid	Backbone	alpha	Phe	279.33599999999996	1.7303000000000002	89.62	2.3	TRUE	N[C@@H](Cc1(ccc(cc1)COC(=O)C(C)(C)C))C(=O)O	PXBDSBSSXOLMHK-LBPRGKRZSA-N
Phe_3MeNH2	(S)-2-amino-3-(3-(aminomethyl)phenyl)propanoic acid	Phe(3-MeNH2)	(2S)-2-amino-3-(3-(aminomethyl)phenyl)propanoic acid	Backbone	alpha	Phe	194.23399999999995	0.09970000000000018	89.34	9.4	TRUE	N[C@@H](Cc1(cccc(c1)CN))C(=O)O	YBVDQQQEPCEKPR-VIFPVBQESA-N
Pro_4Rallyl	(2S,4R)-4-allylpyrrolidine-2-carboxylic acid	Pro(4R-allyl)	(2S,4R)-4-(prop-2-en-1-yl)pyrrolidine-2-carboxylic acid	Backbone	alpha	Pro	155.197	0.6251999999999998	49.33	5.8	TRUE	N1[C@@H](C[C@@H](CC=C)C1)C(=O)O	JMWRIQIIDLNILM-RQJHMYQMSA-N
bAla_2SOH_3SPh_4F	(2S,3S)-3-amino-3-(4-fluorophenyl)-2-hydroxypropanoic acid	bAla(2S-OH,3S-Ph(4-F))	(2S,3S)-3-amino-3-(4-fluorophenyl)-2-hydroxypropanoic acid	Backbone	beta	X	199.18099999999998	0.2710000000000002	83.55	4.9	TRUE	N[C@@H](c1(ccc(F)cc1))[C@H](O)C(=O)O	MGNTZYNDHDKPQD-YUMQZZPRSA-N
bAla_3REt	(R)-3-aminopentanoic acid	bAla(3R-Et)	(3R)-3-aminopentanoic acid	Backbone	beta	Ala	117.14799999999998	0.19839999999999985	63.32000000000001	16.1	TRUE	N[C@H](CC)CC(=O)O	QFRURJKLPJVRQY-SCSAIBSYSA-N
bAla_2SOH_3SPh_3Me	(2S,3S)-3-amino-2-hydroxy-3-(m-tolyl)propanoic acid	bAla(2S-OH,3S-Ph(3-Me))	(2S,3S)-3-amino-2-hydroxy-3-(3-methylphenyl)propanoic acid	Backbone	beta	X	195.218	0.44032000000000004	83.55	3.8	TRUE	N[C@@H](c1(cccc(C)c1))[C@H](O)C(=O)O	ALZYDSFTANAOHF-IUCAKERBSA-N
D-Ala_4piperidyl	(R)-2-amino-3-(piperidin-4-yl)propanoic acid	D-Ala(4-piperidyl)	(2R)-2-amino-3-(piperidin-4-yl)propanoic acid	Backbone	alpha	Lys	172.228	-0.21200000000000047	75.35	5.7	TRUE	N[C@H](CC1(CCNCC1))C(=O)O	VVDNQYDGDFYGMM-SSDOTTSWSA-N
hTyr_CF3	(S)-2-amino-4-(4-(trifluoromethoxy)phenyl)butanoic acid	hTyr(CF3)	(2S)-2-amino-4-(4-((trifluoromethyl)oxy)phenyl)butanoic acid	Backbone	alpha	Tyr	263.2149999999999	1.9297	72.55	3.2	TRUE	N[C@@H](CCc1(ccc(OC(F)(F)F)cc1))C(=O)O	QIVLRGSCOXBFIB-VIFPVBQESA-N
hPhe_2Me	(S)-2-amino-4-(o-tolyl)butanoic acid	hPhe(2-Me)	(2S)-2-amino-4-(2-methylphenyl)butanoic acid	Backbone	alpha	Phe	193.24599999999995	1.3395199999999998	63.32000000000001	8.1	TRUE	N[C@@H](CCc1(ccccc1C))C(=O)O	UIINSJBTFLRMLY-JTQLQIEISA-N
hPhe_2OCF3	(S)-2-amino-4-(2-(trifluoromethoxy)phenyl)butanoic acid	hPhe(2-OCF3)	(2S)-2-amino-4-(2-((trifluoromethyl)oxy)phenyl)butanoic acid	Backbone	alpha	Tyr	263.2149999999999	1.9297	72.55	2.7	TRUE	N[C@@H](CCc1(ccccc1OC(F)(F)F))C(=O)O	AKBSJHPDJHJGOW-QMMMGPOBSA-N
Phe_3ethynyl	(S)-2-amino-3-(3-ethynylphenyl)propanoic acid	Phe(3-ethynyl)	(2S)-2-amino-3-(3-(ethynyl)phenyl)propanoic acid	Backbone	alpha	Phe	189.21399999999997	0.6223000000000001	63.32000000000001	3.5	TRUE	N[C@@H](Cc1(cccc(C#C)c1))C(=O)O	XHBJLKMBAFTWJD-JTQLQIEISA-N
D-aMeDip	(R)-2-amino-2-methyl-3,3-diphenylpropanoic acid	D-aMeDip	(2R)-2-amino-2-(diphenylmethyl)propanoic acid	Backbone	alpha	Phe	255.317	2.6205000000000007	63.32000000000001	3.3	TRUE	N[C@](C)(C(c1(ccccc1))c2(ccccc2))C(=O)O	ASPQQADBNNQZME-MRXNPFEDSA-N
homoPip	(S)-azepane-2-carboxylic acid	homoPip	(2S)-1-azacycloheptane-2-carboxylic acid	Backbone	alpha	Pro	143.186	0.6032	49.33	7	TRUE	N1[C@@H](CCCCC1)C(=O)O	OPFURXRZISKMJV-LURJTMIESA-N
Aad_CO2H	(S)-4-aminobutane-1,1,4-tricarboxylic acid	Aad(CO2H)	(2S)-2-amino-5-carboxyhexanedioic acid	Backbone	alpha	X	205.16599999999997	-1.0360999999999987	137.92000000000002	4.3	TRUE	N[C@@H](CCC(C(=O)O)C(=O)O)C(=O)O	BSEWAJVZTJXACR-BYPYZUCNSA-N
Phe_4Ph_2CO2H	(S)-4'-(2-amino-2-carboxyethyl)-[1,1'-biphenyl]-2-carboxylic acid	Phe(4-Ph(2-CO2H))	2-(4-((2S)-2-amino-3-hydroxy-3-oxopropyl)phenyl)benzoic acid	Backbone	alpha	Phe	285.299	2.0062	100.62000000000002	3.4	TRUE	N[C@@H](Cc1(ccc(cc1)c2(ccccc2C(=O)O)))C(=O)O	PBGUUDQWSBFDJM-AWEZNQCLSA-N
Phe_4Ph_3CO2H	(S)-4'-(2-amino-2-carboxyethyl)-[1,1'-biphenyl]-3-carboxylic acid	Phe(4-Ph(3-CO2H))	3-(4-((2S)-2-amino-3-hydroxy-3-oxopropyl)phenyl)benzoic acid	Backbone	alpha	Phe	285.299	2.0062	100.62000000000002	4.1	TRUE	N[C@@H](Cc1(ccc(cc1)c2(cccc(c2)C(=O)O)))C(=O)O	JQKOMNVRHCDMFH-AWEZNQCLSA-N
Ala_7OMe2oxochromenyl	(S)-2-amino-3-(7-methoxy-2-oxo-2H-chromen-4-yl)propanoic acid	Ala(7-OMe-2-oxochromenyl)	(2S)-2-amino-3-(9-methoxy-3-oxo-2-oxabicyclo[4.4.0]deca-1(10),4,6,8-tetraen-5-yl)propanoic acid	Backbone	alpha	Tyr	263.24899999999997	0.7560000000000002	102.76	4.5	TRUE	N[C@@H](Cc2(cc(=O)oc1(cc(OC)ccc12)))C(=O)O	IOHUIWNMQPWOAX-JTQLQIEISA-N
Tyr_26diF	(S)-2-amino-3-(2,6-difluoro-4-hydroxyphenyl)propanoic acid	Tyr(2,6-diF)	(2S)-2-amino-3-(2,6-difluoro-4-hydroxyphenyl)propanoic acid	Backbone	alpha	Tyr	217.17099999999996	0.6248	83.55	5.6	TRUE	N[C@@H](Cc1(c(F)cc(O)cc1F))C(=O)O	GXXSRPQBOBZVBN-QMMMGPOBSA-N
bAla_3RCHF2	(S)-3-amino-4,4-difluorobutanoic acid	bAla(3R-CHF2)	(3S)-3-amino-4,4-difluorobutanoic acid	Backbone	beta	X	139.101	0.05350000000000005	63.32000000000001	5.3	TRUE	N[C@H](C(F)F)CC(=O)O	OLFYIMZVBDNOOK-REOHCLBHSA-N
Nva_Ph_35diF	(S)-2-amino-5-(3,5-difluorophenyl)pentanoic acid	Nva(Ph(3,5-diF))	(2S)-2-amino-5-(3,5-difluorophenyl)pentanoic acid	Backbone	alpha	X	229.226	1.6994	63.32000000000001	5.2	TRUE	N[C@@H](CCCc1(cc(F)cc(F)c1))C(=O)O	LIQASHMIOKGFMY-JTQLQIEISA-N
NMe-Nle_but3enyl	(2S)-2-(methylamino)dec-9-enoic acid	Me-Nle(but-3-enyl)	(2S)-2-(methylamino)dec-9-enoic acid	Backbone	alpha	X	199.294	2.1856	49.33	7.1	TRUE	N(C)[C@@H](CCCCCCC=C)C(=O)O	FKFFHGSQSDCSLG-JTQLQIEISA-N
N_3carboxypropyl-G	4-((carboxymethyl)amino)butanoic acid	3-carboxypropyl-Gly	4-((2-hydroxy-2-oxoethyl)amino)butanoic acid	Backbone	alpha	Gly	161.15699999999998	-0.4746000000000002	86.63000000000001	13.4	TRUE	N(CCCC(=O)O)CC(=O)O	LORSKKAGSYQQSO-UHFFFAOYSA-N
NtBuCH2-G	neopentylglycine	tBuCH2-Gly	2-((2,2-dimethylpropyl)amino)acetic acid	Backbone	alpha	Gly	145.202	0.7066999999999999	49.33	14.2	TRUE	N(CC(C)(C)C)CC(=O)O	ITYQPPZZOYSACT-UHFFFAOYSA-N
Cha_72F	(S)-2-amino-3-(4,4-difluorocyclohexyl)propanoic acid	Cha(7-2F)	(2S)-2-amino-3-(4,4-difluorocyclohexyl)propanoic acid	Backbone	alpha	X	207.21999999999997	1.6139000000000001	63.32000000000001	6.4	TRUE	N[C@@H](CC1(CCC(F)(F)CC1))C(=O)O	LXHJNUVCXGOEQF-ZETCQYMHSA-N
D-Ala_benzothiazol2yl	(R)-2-amino-3-(benzo[d]thiazol-2-yl)propanoic acid	D-Ala(benzothiazol-2-yl)	(2R)-2-amino-3-(benzothiazol-2-yl)propanoic acid	Backbone	alpha	Phe	222.26899999999998	1.2507000000000001	76.21	3.7	TRUE	N[C@H](Cc2(nc1(ccccc1s2)))C(=O)O	DNDVHMGBCGSRIY-ZCFIWIBFSA-N
NMe-Cys_MeNH2	S-(aminomethyl)-N-methyl-L-cysteine	Me-Cys(MeNH2)	(2R)-3-(aminomethylsulfanyl)-2-(methylamino)propanoic acid	Backbone	alpha	Cys	164.23000000000002	-0.6915999999999995	75.35	6.4	TRUE	N(C)[C@@H](CSCN)C(=O)O	DQVDELJPSHVLHM-BYPYZUCNSA-N
Ser_cBu	O-cyclobutyl-L-serine	Ser(cBu)	(2S)-2-amino-3-(cyclobutoxy)propanoic acid	Backbone	alpha	Ser	159.185	-0.03260000000000046	72.55	4.2	TRUE	N[C@@H](COC1(CCC1))C(=O)O	IYHHNZMURDQCNV-LURJTMIESA-N
Ser_CH2cHex	O-(cyclohexylmethyl)-L-serine	Ser(CH2cHex)	(2S)-2-amino-3-(cyclohexylmethoxy)propanoic acid	Backbone	alpha	Ser	201.26599999999996	0.9951999999999996	72.55	4.8	TRUE	N[C@@H](COCC1(CCCCC1))C(=O)O	GPAONAQVNZKTIE-VIFPVBQESA-N
Lys_N62Abz	N6-(2-aminobenzoyl)-L-lysine	Lys(N6-2Abz)	(2S)-2-amino-6-(2-aminophenylcarbonylamino)hexanoic acid	Backbone	alpha	Lys	265.3129999999999	0.5808	118.44000000000001	6.1	TRUE	N(C(=O)c1(ccccc1N))CCCC[C@H](N)C(=O)O	XFEKVIYTYFYQPG-NSHDSACASA-N
NMe-Lys_ivDde	(E)-N6-(1-(2-hydroxy-4,4-dimethyl-6-oxocyclohex-1-en-1-yl)-3-methylbutylidene)-N2-methyl-L-lysine	Me-Lys(ivDde)	(2S)-6-(((1E)-1-(2-hydroxy-4,4-dimethyl-6-oxocyclohex-1-en-1-yl)-3-methylbutylidene)amino)-2-(methylamino)hexanoic acid	Backbone	alpha	X	366.5020000000002	3.5176000000000016	98.99000000000001	2.9	TRUE	N(C)[C@@H](CCCC/N=C(\CC(C)C)C1=C(O)CC(C)(C)CC1=O)C(=O)O	BZUOWDLXRSHVEH-UGHXVNEISA-N
bAla_2REt	(R)-2-(aminomethyl)butanoic acid	bAla(2R-Et)	(2R)-2-(aminomethyl)butanoic acid	Backbone	beta	Ala	117.14799999999998	0.05590000000000023	63.32000000000001	17.3	TRUE	NC[C@@H](CC)C(=O)O	HBICVCPHTYGKKD-SCSAIBSYSA-N
Nle_Ph	(S)-2-amino-6-phenylhexanoic acid	Nle(Ph)	(2S)-2-amino-6-phenylhexanoic acid	Backbone	alpha	X	207.273	1.8113000000000001	63.32000000000001	9	TRUE	N[C@@H](CCCCc1(ccccc1))C(=O)O	PZXDKILRPSNHBC-NSHDSACASA-N
Gly_adamantyl	(S)-2-(adamantan-1-yl)-2-aminoacetic acid	Gly(adamantyl)	(2S)-2-(adamantan-1-yl)-2-aminoacetic acid	Backbone	alpha	X	209.28899999999993	1.6147	63.32000000000001	7.5	TRUE	N[C@@H](C32(CC1(CC(CC(C1)C2)C3)))C(=O)O	NJRFVURYVWPLKB-PZLWRYNDSA-N
Asu_Oallyl	(S)-8-(allyloxy)-2-amino-8-oxooctanoic acid	Asu(Oallyl)	(2S)-2-amino-7-(((prop-2-en-1-yl)oxy)carbonyl)heptanoic acid	Backbone	alpha	X	229.27599999999998	1.0779999999999998	89.62000000000002	3.6	TRUE	N[C@@H](CCCCCC(=O)OCC=C)C(=O)O	QEAPIOKHHBBIOG-VIFPVBQESA-N
bAla_3Bu	3-aminoheptanoic acid	bAla(3-Bu)	3-aminoheptanoic acid	Backbone	beta	Leu	145.202	0.9785999999999997	63.32000000000001	14.4	TRUE	NC(CCCC)CC(=O)O	FUENJGFCFZKXBX-UHFFFAOYSA-N
b2Ac6c	1-(aminomethyl)cyclohexane-1-carboxylic acid	b2Ac6c	1-(aminomethyl)cyclohexanecarboxylic acid	Backbone	beta	X	157.213	0.9802	63.32000000000001	10.3	TRUE	NCC1(CCCCC1)C(=O)O	UAFHRUBCOQPFFM-UHFFFAOYSA-N
D-Leu_45dehydro	(R)-2-amino-4-methylpent-4-enoic acid	D-Leu(4,5-dehydro)	(2R)-2-amino-4-methylpent-4-enoic acid	Backbone	alpha	Leu	129.159	0.3645	63.32000000000001	8.1	TRUE	N[C@H](CC(=C)C)C(=O)O	PABWDKROPVYJBH-RXMQYKEDSA-N
NMe-D-Phe_3NH2	(R)-3-(3-aminophenyl)-2-(methylamino)propanoic acid	Me-D-Phe(3-NH2)	(2R)-3-(3-aminophenyl)-2-(methylamino)propanoic acid	Backbone	alpha	Phe	194.23399999999995	0.48389999999999983	75.35	6.2	TRUE	N(C)[C@H](Cc1(cccc(N)c1))C(=O)O	MUOSUOQGASLARH-SECBINFHSA-N
Tyr_EtNH2	(S)-2-amino-3-(4-(2-aminoethoxy)phenyl)propanoic acid	Tyr(EtNH2)	(2S)-2-amino-3-(4-((2-aminoethyl)oxy)phenyl)propanoic acid	Backbone	alpha	Tyr	224.25999999999996	-0.021499999999999908	98.57000000000001	9.1	TRUE	N[C@@H](Cc1(ccc(OCCN)cc1))C(=O)O	YTTSZNIZRJUSDN-JTQLQIEISA-N
D-Tyr_EtNH2	(R)-2-amino-3-(4-(2-aminoethoxy)phenyl)propanoic acid	D-Tyr(EtNH2)	(2R)-2-amino-3-(4-((2-aminoethyl)oxy)phenyl)propanoic acid	Backbone	alpha	Tyr	224.25999999999996	-0.021499999999999908	98.57000000000001	4.9	TRUE	N[C@H](Cc1(ccc(OCCN)cc1))C(=O)O	YTTSZNIZRJUSDN-SNVBAGLBSA-N
hPro_4ROCO2H	2-((2S,4R)-4-(carboxyoxy)pyrrolidin-2-yl)acetic acid	hPro(4R-OCO2H)	(3R,5S)-5-(2-hydroxy-2-oxoethyl)pyrrolidin-3-yl hydrogen carbonate	Backbone	beta	Pro	189.16699999999997	-0.1138000000000004	95.86	2.5	TRUE	N1[C@@H](C[C@@H](OC(=O)O)C1)CC(=O)O	SHPVYUXXJREYHW-CRCLSJGQSA-N
D-aMePhe_25diF	(R)-2-amino-3-(2,5-difluorophenyl)-2-methylpropanoic acid	D-aMePhe(2,5-diF)	(2R)-2-amino-2-((2,5-difluorophenyl)methyl)propanoic acid	Backbone	alpha	Phe	215.19899999999998	1.3093	63.32000000000001	3	TRUE	N[C@](C)(Cc1(cc(F)ccc1F))C(=O)O	KVCNBKXHLOATHI-SNVBAGLBSA-N
Q0003	1-amino-15-oxo-4,7,10-trioxa-14-azaoctadecan-18-oic acid		3-((3-((2-((2-((3-aminopropyl)oxy)ethyl)oxy)ethyl)oxy)propyl)carbamoyl)propanoic acid	Backbone	gamma	Gly	320.386	-0.24389999999999762	120.11	5.8	TRUE	N(CCCOCCOCCOCCCN)C(=O)CCC(=O)O	FRJNIHLOMXIQKH-UHFFFAOYSA-N
Ac6c_4carbonyl	1-amino-4-oxocyclohexane-1-carboxylic acid	Ac6c(4-carbonyl)	1-amino-4-oxocyclohexanecarboxylic acid	Backbone	alpha	X	157.169	-0.08840000000000053	80.39	6.3	TRUE	NC1(CCC(=O)CC1)C(=O)O	CESXXYZXSIXCFU-UHFFFAOYSA-N
D-aBn4-OHGaba	(R)-4-amino-5-(4-hydroxyphenyl)pentanoic acid	D-aBn(4-OH)Gaba	(4R)-4-amino-5-(4-hydroxyphenyl)pentanoic acid	Backbone	gamma	Tyr	209.24499999999995	1.1268000000000002	83.55	6.6	TRUE	N[C@@H](Cc1(ccc(O)cc1))CCC(=O)O	VHWBYQPKMIHOSS-SECBINFHSA-N
D-aBn4-OMeGaba	(R)-4-amino-5-(4-methoxyphenyl)pentanoic acid	D-aBn(4-OMe)Gaba	(4R)-4-amino-5-(4-methoxyphenyl)pentanoic acid	Backbone	gamma	Tyr	223.27199999999996	1.4298000000000002	72.55	6.4	TRUE	N[C@@H](Cc1(ccc(OC)cc1))CCC(=O)O	XXPONAYSCHUORW-SNVBAGLBSA-N
Cys_3carboxypropyl	(R)-4-((2-amino-2-carboxyethyl)thio)butanoic acid	Cys(3-carboxypropyl)	4-(((2R)-2-amino-3-hydroxy-3-oxopropyl)sulfanyl)butanoic acid	Backbone	alpha	Cys	207.251	-0.0037000000000001476	100.62000000000002	5.4	TRUE	N[C@@H](CSCCCC(=O)O)C(=O)O	WNFNRNDFHINZLV-YFKPBYRVSA-N
Tyr_SO3	sodium (S)-4-(2-amino-2-carboxyethyl)phenyl sulfate	Tyr(SO3-)	4-((2S)-2-amino-3-hydroxy-3-oxopropyl)phenyl sulfate	Backbone	alpha	Tyr	260.24699999999996	-0.5200000000000002	129.75	5.5	TRUE	N[C@@H](Cc1(ccc(OS(=O)(=O)[O-])cc1))C(=O)O	CIQHWLTYGMYQQR-QMMMGPOBSA-M
Lys_octanoyl	N6-octanoyl-L-lysine	Lys(octanoyl)	(2S)-2-amino-6-heptylcarbonylaminohexanoic acid	Backbone	alpha	Lys	272.38899999999995	2.0453	92.42	7.4	TRUE	CCCCCCCC(=O)NCCCC[C@H](N)C(=O)O	DUZODDYGMSCYMJ-LBPRGKRZSA-N
NHOCOCH2-G	2,2'-azanediyldiacetic acid	HOCOCH2-Gly	2-((2-hydroxy-2-oxoethyl)amino)acetic acid	Backbone	alpha	Gly	133.103	-1.2548	86.63000000000001	16.6	TRUE	N(CC(=O)O)CC(=O)O	NBZBKCUXIYYUSX-UHFFFAOYSA-N
aMePhe_4F	(S)-2-amino-3-(4-fluorophenyl)-2-methylpropanoic acid	aMePhe(4-F)	(2S)-2-amino-2-((4-fluorophenyl)methyl)propanoic acid	Backbone	alpha	Phe	197.209	1.1702	63.32000000000001	6	TRUE	N[C@@](C)(Cc1(ccc(F)cc1))C(=O)O	BBRMBENCQBOTHY-JTQLQIEISA-N
Phe_3Oallyl	(S)-3-(3-(allyloxy)phenyl)-2-aminopropanoic acid	Phe(3-Oallyl)	(2S)-2-amino-3-(3-((prop-2-en-1-yl)oxy)phenyl)propanoic acid	Backbone	alpha	Tyr	221.25599999999994	1.2058000000000002	72.55	4.9	TRUE	N[C@@H](Cc1(cccc(OCC=C)c1))C(=O)O	WYLZWXCYLFVNHQ-NSHDSACASA-N
Ala-Gly	L-alanylglycine	Ala-Gly	2-((1S)-1-aminoethylcarbonylamino)acetic acid	Backbone	alpha	Gly	146.14600000000002	-1.4655999999999998	92.42	18.7	TRUE	N(C(=O)[C@H](C)N)CC(=O)O	CXISPYVYMQWFLE-VKHMYHEASA-N
D-Oic_3axi_7axi	(2R)-octahydro-1H-indole-2-carboxylic acid	D-Oic(3axi,7axi)	(8R)-7-azabicyclo[4.3.0]nonane-8-carboxylic acid	Backbone	alpha	Pro	169.22400000000002	0.9917	49.33	7.2	TRUE	N1[C@H](CC2(CCCCC12))C(=O)O	CQYBNXGHMBNGCG-KAVNDROISA-N
D-Phe_4CONH2	(R)-2-amino-3-(4-carbamoylphenyl)propanoic acid	D-Phe(4-CONH2)	(2R)-2-amino-3-(4-carbamoylphenyl)propanoic acid	Backbone	alpha	Phe	208.21699999999996	-0.2601000000000003	106.41000000000001	5	TRUE	N[C@H](Cc1(ccc(cc1)C(=O)N))C(=O)O	OZVAXCWACWDNIQ-MRVPVSSYSA-N
D-Phe_3CONH2	(R)-2-amino-3-(3-carbamoylphenyl)propanoic acid	D-Phe(3-CONH2)	(2R)-2-amino-3-(3-carbamoylphenyl)propanoic acid	Backbone	alpha	Phe	208.21699999999996	-0.2601000000000003	106.41000000000001	4	TRUE	N[C@H](Cc1(cccc(c1)C(=O)N))C(=O)O	NUHHYFSZGZXEGU-MRVPVSSYSA-N
bAla_3Sprop2ynyl	(S)-3-aminohex-5-ynoic acid	bAla(3S-prop-2-ynyl)	(3S)-3-aminohex-5-ynoic acid	Backbone	beta	Val	127.14299999999997	-0.18829999999999997	63.32000000000001	5.3	TRUE	N[C@@H](CC#C)CC(=O)O	DWFMCQGMVSIJBN-YFKPBYRVSA-N
bAla_3Rfur2yl	(S)-3-amino-3-(furan-2-yl)propanoic acid	bAla(3R-fur-2-yl)	(3S)-3-amino-3-(furan-2-yl)propanoic acid	Backbone	beta	X	155.153	0.7541	76.46	7.3	TRUE	N[C@H](c1(ccco1))CC(=O)O	YIKVKIOGYSPIMP-YFKPBYRVSA-N
D-Phe_3Oallyl	(R)-3-(3-(allyloxy)phenyl)-2-aminopropanoic acid	D-Phe(3-Oallyl)	(2R)-2-amino-3-(3-((prop-2-en-1-yl)oxy)phenyl)propanoic acid	Backbone	alpha	Tyr	221.25599999999994	1.2058000000000002	72.55	3.9	TRUE	N[C@H](Cc1(cccc(OCC=C)c1))C(=O)O	WYLZWXCYLFVNHQ-LLVKDONJSA-N
Phe_26diF	(S)-2-amino-3-(2,6-difluorophenyl)propanoic acid	Phe(2,6-diF)	(2S)-2-amino-3-(2,6-difluorophenyl)propanoic acid	Backbone	alpha	Phe	201.17199999999997	0.9192	63.32000000000001	7.3	TRUE	N[C@@H](Cc1(c(F)cccc1F))C(=O)O	RFOVYDPRGDZBLJ-QMMMGPOBSA-N
D-Phe_23diMe	(R)-2-amino-3-(2,3-dimethylphenyl)propanoic acid	D-Phe(2,3-diMe)	(2R)-2-amino-3-(2,3-dimethylphenyl)propanoic acid	Backbone	alpha	Phe	193.24599999999995	1.25784	63.32000000000001	4.6	TRUE	N[C@H](Cc1(cccc(C)c1C))C(=O)O	YOOQLMVNYYJZEI-SNVBAGLBSA-N
Phe_23diMe	(S)-2-amino-3-(2,3-dimethylphenyl)propanoic acid	Phe(2,3-diMe)	(2S)-2-amino-3-(2,3-dimethylphenyl)propanoic acid	Backbone	alpha	Phe	193.24599999999995	1.25784	63.32000000000001	5.2	TRUE	N[C@@H](Cc1(cccc(C)c1C))C(=O)O	YOOQLMVNYYJZEI-JTQLQIEISA-N
aMeNle_allyl	(S)-2-amino-2-methylnon-8-enoic acid	aMeNle(allyl)	(2S)-2-amino-2-methylnon-8-enoic acid	Backbone	alpha	X	185.267	1.9248999999999998	63.32000000000001	7.3	TRUE	N[C@@](C)(CCCCCC=C)C(=O)O	DRHBBJMAJLZSRN-JTQLQIEISA-N
Glu_Oallyl	(S)-5-(allyloxy)-2-amino-5-oxopentanoic acid	Glu(Oallyl)	(2S)-2-amino-4-(((prop-2-en-1-yl)oxy)carbonyl)butanoic acid	Backbone	alpha	Glu	187.19499999999996	-0.09230000000000033	89.62000000000002	5.7	TRUE	N[C@@H](CCC(=O)OCC=C)C(=O)O	VTLKWXRVMXKNBW-LURJTMIESA-N
bAla_3SMob	(S)-3-amino-4-(4-methoxyphenyl)butanoic acid	bAla(3S-Mob)	(3S)-3-amino-4-(4-methoxyphenyl)butanoic acid	Backbone	beta	Tyr	209.24499999999998	1.0396999999999998	72.55	6	TRUE	N[C@@H](Cc1(ccc(OC)cc1))CC(=O)O	GQFFGGKZIKRIFE-VIFPVBQESA-N
Cys_SSCys	(2R,2'R)-3,3'-disulfanediylbis(2-aminopropanoic acid)	Cys(S-S-Cys)	(2R)-2-amino-3-((((2R)-2-amino-3-hydroxy-3-oxopropyl)sulfanyl)sulfanyl)propanoic acid	Backbone	alpha	Cys	240.306	-0.8083999999999993	126.64	9	TRUE	N[C@@H](CSSC[C@H](N)C(=O)O)C(=O)O	LEVWYRKDKASIDU-IMJSIDKUSA-N
Cys_Mbzl	S-(4-methylbenzyl)-L-cysteine	Cys(Mbzl)	(2R)-2-amino-3-(((4-methylphenyl)methyl)sulfanyl)propanoic acid	Backbone	alpha	Cys	225.313	1.64012	63.32000000000001	6.1	TRUE	N[C@@H](CSCc1(ccc(C)cc1))C(=O)O	QOAPFSZIUBUTNW-JTQLQIEISA-N
D-Pen_Bn	(S)-2-amino-3-(benzylthio)-3-methylbutanoic acid	D-Pen(Bn)	(2S)-2-amino-3-(benzylsulfanyl)-3-methylbutanoic acid	Backbone	alpha	Val	239.34000000000003	2.1103	63.32000000000001	4.8	TRUE	N[C@H](C(C)(C)SCc1(ccccc1))C(=O)O	YPZAXRYHYTVHPA-JTQLQIEISA-N
Cys_2R3dipalmitoyloxypropyl	S-((R)-2,3-bis(palmitoyloxy)propyl)-L-cysteine	Cys(2R,3-dipalmitoyloxypropyl)	(2R)-2-amino-3-(((2R)-2,3-bis(pentadecylcarbonyloxy)propyl)sulfanyl)propanoic acid	Backbone	alpha	Cys	672.0700000000002	10.549099999999997	115.92	7	TRUE	N[C@@H](CSC[C@H](OC(=O)CCCCCCCCCCCCCCC)COC(=O)CCCCCCCCCCCCCCC)C(=O)O	UPAQRWMRKQCLSD-GPOMZPHUSA-N
Cys_2S3dipalmitoyloxypropyl	S-((S)-2,3-bis(palmitoyloxy)propyl)-L-cysteine	Cys(2S,3-dipalmitoyloxypropyl)	(2R)-2-amino-3-(((2S)-2,3-bis(pentadecylcarbonyloxy)propyl)sulfanyl)propanoic acid	Backbone	alpha	Cys	672.0700000000002	10.549099999999997	115.92	5.5	TRUE	N[C@@H](CSC[C@@H](OC(=O)CCCCCCCCCCCCCCC)COC(=O)CCCCCCCCCCCCCCC)C(=O)O	UPAQRWMRKQCLSD-PXLJZGITSA-N
Dap_octanoyl	(S)-2-amino-3-octanamidopropanoic acid	Dap(octanoyl)	(2S)-2-amino-3-heptylcarbonylaminopropanoic acid	Backbone	beta	X	230.308	0.875	92.42	7.6	TRUE	N(C(=O)CCCCCCC)C[C@H](N)C(=O)O	HXEZOTNYGXMRDJ-VIFPVBQESA-N
Val-Gly	L-valylglycine	Val-Gly	2-((1S)-1-amino-2-methylpropylcarbonylamino)acetic acid	Backbone	alpha	Gly	174.2	-0.8295000000000003	92.42	17.3	TRUE	N(C(=O)[C@@H](N)C(C)C)CC(=O)O	IOUPEELXVYPCPG-LURJTMIESA-N
His-Gly	L-histidylglycine	His-Gly	2-((1S)-1-amino-2-(1H-imidazol-4-yl)ethylcarbonylamino)acetic acid	Backbone	alpha	Gly	212.209	-1.5196999999999998	121.10000000000001	12	TRUE	N(C(=O)[C@@H](N)Cc1(c[nH]cn1))CC(=O)O	LYCVKHSJGDMDLM-LURJTMIESA-N
D-Phe_4ureido_tBu	(R)-2-amino-3-(4-(3-(tert-butyl)ureido)phenyl)propanoic acid	D-Phe(4-ureido(tBu))	(2R)-2-amino-3-(4-(((tert-butyl)carbamoyl)amino)phenyl)propanoic acid	Backbone	alpha	Phe	279.34	1.561	104.45	2.9	TRUE	N[C@H](Cc1(ccc(cc1)NC(=O)NC(C)(C)C))C(=O)O	QAUACHLRTFZNBE-LLVKDONJSA-N
Glu-OMe	(S)-4-amino-5-methoxy-5-oxopentanoic acid	Glu-OMe	(4S)-4-amino-4-(methoxycarbonyl)butanoic acid	Backbone	gamma	X	161.157	-0.6484999999999999	89.62000000000002	11.4	TRUE	N[C@H](C(=O)OC)CCC(=O)O	SEWIYICDCVPBEW-BYPYZUCNSA-N
Asp_Oallyl	(S)-4-(allyloxy)-2-amino-4-oxobutanoic acid	Asp(Oallyl)	(2S)-2-amino-3-(((prop-2-en-1-yl)oxy)carbonyl)propanoic acid	Backbone	alpha	Asp	173.16799999999998	-0.4824000000000002	89.62000000000002	4.7	TRUE	N[C@@H](CC(=O)OCC=C)C(=O)O	NJVZTIBJVLBLOL-YFKPBYRVSA-N
4-amino-cHex-1-CO2H_1r_4r	(1r,4r)-4-aminocyclohexane-1-carboxylic acid	4-amino-cHex-1-CO2H(1r,4r)	4-aminocyclohexane-1-carboxylic acid	Backbone	delta	Ala	143.186	0.5884999999999998	63.32000000000001	13.4	TRUE	N[C@H]1CC[C@@H](CC1)C(=O)O	DRNGLYHKYPNTEA-IZLXSQMJSA-N
bAla_3Sfur2yl	(R)-3-amino-3-(furan-2-yl)propanoic acid	bAla(3S-fur-2-yl)	(3R)-3-amino-3-(furan-2-yl)propanoic acid	Backbone	beta	X	155.153	0.7541	76.46	6.4	TRUE	N[C@@H](c1(ccco1))CC(=O)O	YIKVKIOGYSPIMP-RXMQYKEDSA-N
DL-Nip	piperidine-3-carboxylic acid	DL-Nip	piperidine-3-carboxylic acid	Backbone	beta	Pro	129.15900000000002	0.07059999999999994	49.33	16.9	TRUE	N1CC(CCC1)C(=O)O	XJLSEXAGTJCILF-UHFFFAOYSA-N
Nva_45dehydro_E_5Ph	(S,E)-2-amino-5-phenylpent-4-enoic acid	Nva(4,5-dehydro,E,5-Ph)	(2S,4E)-2-amino-5-phenylpent-4-enoic acid	Backbone	alpha	X	191.23	1.5018	63.32000000000001	3.8	TRUE	N[C@@H](C/C=C/c1ccccc1)C(=O)O	MCGSKGBMVBECNS-QBBOHKLWSA-N
D-Arg_NO2	Nw-nitro-D-arginine	D-Arg(NO2)	(2R)-2-amino-5-(((imino)(((oxido)(oxo)ammonio)amino)methyl)amino)pentanoic acid	Backbone	alpha	Arg	219.201	-1.5158299999999985	154.36999999999998	4.6	TRUE	N[C@H](CCCNC(=N)N[N+](=O)[O-])C(=O)O	MRAUNPAHJZDYCK-SCSAIBSYSA-N
NBn246triOMe-G	(2,4,6-trimethoxybenzyl)glycine	Bn(2,4,6-triOMe)-Gly	2-(((2,4,6-trimethoxyphenyl)methyl)amino)acetic acid	Backbone	alpha	Gly	255.26999999999995	0.8865999999999998	77.02	5.4	TRUE	N(Cc1(c(OC)cc(OC)cc1OC))CC(=O)O	IKJLUKFTUYDVAJ-UHFFFAOYSA-N
D-Cys_MeNH2	S-(aminomethyl)-D-cysteine	D-Cys(MeNH2)	(2S)-2-amino-3-(aminomethylsulfanyl)propanoic acid	Backbone	alpha	Cys	150.203	-0.9522999999999999	89.34	5.3	TRUE	N[C@H](CSCN)C(=O)O	JYURMMBKQADGPI-GSVOUGTGSA-N
aBnGaba	(S)-4-amino-5-phenylpentanoic acid	aBnGaba	(4S)-4-amino-5-phenylpentanoic acid	Backbone	gamma	Phe	193.24599999999992	1.4212	63.32000000000001	9	TRUE	N[C@H](Cc1(ccccc1))CCC(=O)O	URBAOHLJWLYLQE-JTQLQIEISA-N
D-Ala_cPr	(R)-2-amino-3-cyclopropylpropanoic acid	D-Ala(cPr)	(2R)-2-amino-3-cyclopropylpropanoic acid	Backbone	alpha	Ala	129.15900000000002	0.19839999999999985	63.32000000000001	10.5	TRUE	N[C@H](CC1(CC1))C(=O)O	XGUXJMWPVJQIHI-RXMQYKEDSA-N
bAla_3Ph_2NO2	3-amino-3-(2-nitrophenyl)propanoic acid	bAla(3-Ph(2-NO2))	3-amino-3-(2-nitrophenyl)propanoic acid	Backbone	beta	X	210.18899999999996	1.0693000000000001	106.46	7.7	TRUE	NC(c1(ccccc1[N+](=O)[O-]))CC(=O)O	XXBOYULKNZTOMN-UHFFFAOYSA-N
bAla_3RCbz	(S,E)-3-amino-4-((4-((1-(2-hydroxy-4,4-dimethyl-6-oxocyclohex-1-en-1-yl)-3-methylbutylidene)amino)benzyl)oxy)-4-oxobutanoic acid	bAla(3R-Cbz)	(3S)-3-amino-3-(((4-(((1E)-1-(2-hydroxy-4,4-dimethyl-6-oxocyclohex-1-en-1-yl)-3-methylbutylidene)amino)phenyl)methoxy)carbonyl)propanoic acid	Backbone	beta	X	444.52800000000025	3.851600000000002	139.28	2.5	TRUE	N[C@H](C(=O)OCc1ccc(/N=C(\CC(C)C)C2=C(O)CC(C)(C)CC2=O)cc1)CC(=O)O	HDLKFNYRIVDCAL-DXMZOVICSA-N
D-Glu-OMe	(R)-4-amino-5-methoxy-5-oxopentanoic acid	D-Glu-OMe	(4R)-4-amino-4-(methoxycarbonyl)butanoic acid	Backbone	gamma	X	161.157	-0.6484999999999999	89.62000000000002	8.8	TRUE	N[C@@H](C(=O)OC)CCC(=O)O	SEWIYICDCVPBEW-SCSAIBSYSA-N
D-Asp_Oallyl	(R)-4-(allyloxy)-2-amino-4-oxobutanoic acid	D-Asp(Oallyl)	(2R)-2-amino-3-(((prop-2-en-1-yl)oxy)carbonyl)propanoic acid	Backbone	alpha	Asp	173.16799999999998	-0.4824000000000002	89.62000000000002	3.6	TRUE	N[C@H](CC(=O)OCC=C)C(=O)O	NJVZTIBJVLBLOL-RXMQYKEDSA-N
D-Tic_7OH	(R)-7-hydroxy-1,2,3,4-tetrahydroisoquinoline-3-carboxylic acid	D-Tic(7-OH)	(4R)-9-hydroxy-3-azabicyclo[4.4.0]deca-1(10),6,8-triene-4-carboxylic acid	Backbone	alpha	Pro	193.20199999999994	0.49109999999999987	69.56	8.9	TRUE	N2[C@H](Cc1(ccc(O)cc1C2))C(=O)O	HIKCRLDSCSWXML-SECBINFHSA-N
NMe-Orn	(S)-5-amino-2-(methylamino)pentanoic acid	Me-Orn	(2S)-5-amino-2-(methylamino)pentanoic acid	Backbone	alpha	Lys	146.19000000000003	-0.6020999999999996	75.35	15.5	TRUE	N(C)[C@@H](CCCN)C(=O)O	OZRWQPFBXDVLAH-YFKPBYRVSA-N
Asn_EDANS	N4-(2-((5-sulfonaphthalen-1-yl)amino)ethyl)-L-asparagine	Asn(EDANS)	(2S)-2-amino-3-((2-((5-sulfonaphthalen-1-yl)amino)ethyl)carbamoyl)propanoic acid	Backbone	alpha	Asn	381.41000000000014	0.41659999999999975	158.82	3.9	TRUE	N[C@@H](CC(=O)NCCNc2(cccc1(c(cccc12)S(=O)(=O)O)))C(=O)O	IQLIDZWGEYIYPJ-LBPRGKRZSA-N
H2NEt-bAla_3Me	2-(piperazin-2-yl)acetic acid	H2NEt-bAla(3-Me)	2-(piperazin-2-yl)acetic acid	Backbone	beta	Pro	144.174	-0.9774999999999996	61.36	10.7	TRUE	N1C(CNCC1)CC(=O)O	VGEOCVZKPBSYQC-UHFFFAOYSA-N
Glu_EDANS	N5-(2-((5-sulfonaphthalen-1-yl)amino)ethyl)-L-glutamine	Glu(EDANS)	(2S)-2-amino-4-((2-((5-sulfonaphthalen-1-yl)amino)ethyl)carbamoyl)butanoic acid	Backbone	alpha	Gln	395.4370000000001	0.8067	158.82	4.2	TRUE	N[C@@H](CCC(=O)NCCNc2(cccc1(c(cccc12)S(=O)(=O)O)))C(=O)O	OMZFNWJGXBGMIA-ZDUSSCGKSA-N
D-hPro	(R)-2-(pyrrolidin-2-yl)acetic acid	D-hPro	2-((2R)-pyrrolidin-2-yl)acetic acid	Backbone	beta	Pro	129.15900000000002	0.2131	49.33	13.2	TRUE	N1[C@H](CCC1)CC(=O)O	ADSALMJPJUKESW-RXMQYKEDSA-N
azetidine-3-CO2H	azetidine-3-carboxylic acid	azetidine-3-CO2H	azetidine-3-carboxylic acid	Backbone	beta	Ala	101.10499999999999	-0.7096000000000002	49.33	12.4	TRUE	N1CC(C1)C(=O)O	GFZWHAAOIVMHOI-UHFFFAOYSA-N
Phe_4ureido_tBu	(S)-2-amino-3-(4-(3-(tert-butyl)ureido)phenyl)propanoic acid	Phe(4-ureido(tBu))	(2S)-2-amino-3-(4-(((tert-butyl)carbamoyl)amino)phenyl)propanoic acid	Backbone	alpha	Phe	279.34	1.561	104.45	2.9	TRUE	N[C@@H](Cc1(ccc(cc1)NC(=O)NC(C)(C)C))C(=O)O	QAUACHLRTFZNBE-NSHDSACASA-N
Phe_2F_5Cl	(S)-2-amino-3-(5-chloro-2-fluorophenyl)propanoic acid	Phe(2-F,5-Cl)	(2S)-2-amino-3-(5-chloro-2-fluorophenyl)propanoic acid	Backbone	alpha	Phe	217.62699999999998	1.4335	63.32000000000001	3.4	TRUE	N[C@@H](Cc1(cc(Cl)ccc1F))C(=O)O	FXDFUITYRFFOBD-QMMMGPOBSA-N
D-Cys_Mbzl	S-(4-methylbenzyl)-D-cysteine	D-Cys(Mbzl)	(2S)-2-amino-3-(((4-methylphenyl)methyl)sulfanyl)propanoic acid	Backbone	alpha	Cys	225.313	1.64012	63.32000000000001	5.5	TRUE	N[C@H](CSCc1(ccc(C)cc1))C(=O)O	QOAPFSZIUBUTNW-SNVBAGLBSA-N
Lys_palmitoyl	N6-palmitoyl-L-lysine	Lys(palmitoyl)	(2S)-2-amino-6-(pentadecylcarbonylamino)hexanoic acid	Backbone	alpha	Lys	384.6050000000002	5.166100000000003	92.42	7.4	TRUE	CCCCCCCCCCCCCCCC(=O)NCCCC[C@H](N)C(=O)O	IWKZTTDNVPAHNP-FQEVSTJZSA-N
D-Pen_MeNH2	(S)-2-amino-3-((aminomethyl)thio)-3-methylbutanoic acid	D-Pen(MeNH2)	(2S)-2-amino-3-(aminomethylsulfanyl)-3-methylbutanoic acid	Backbone	alpha	Val	178.25699999999998	-0.17369999999999997	89.34	4.4	TRUE	N[C@H](C(C)(C)SCN)C(=O)O	WBZBPOLEDXHAQE-BYPYZUCNSA-N
D-Glu_Oallyl	(R)-5-(allyloxy)-2-amino-5-oxopentanoic acid	D-Glu(Oallyl)	(2R)-2-amino-4-(((prop-2-en-1-yl)oxy)carbonyl)butanoic acid	Backbone	alpha	Glu	187.19499999999996	-0.09230000000000033	89.62000000000002	3.5	TRUE	N[C@H](CCC(=O)OCC=C)C(=O)O	VTLKWXRVMXKNBW-ZCFIWIBFSA-N
D-aAllocGaba	(R)-5-(allyloxy)-4-amino-5-oxopentanoic acid	D-aAllocGaba	(4R)-4-amino-4-(((prop-2-en-1-yl)oxy)carbonyl)butanoic acid	Backbone	gamma	X	187.19499999999996	-0.09230000000000033	89.62000000000002	3.6	TRUE	N[C@@H](C(=O)OCC=C)CCC(=O)O	RMYWMXHQMALKJA-ZCFIWIBFSA-N
Phe_34_5triF	(S)-2-amino-3-(3,4,5-trifluorophenyl)propanoic acid	Phe(3,4,5-triF)	(2S)-2-amino-3-(3,4,5-trifluorophenyl)propanoic acid	Backbone	alpha	Phe	219.16199999999998	1.0583000000000002	63.32000000000001	7.5	TRUE	N[C@@H](Cc1(cc(F)c(F)c(F)c1))C(=O)O	SFKCVRLOYOHGFK-ZETCQYMHSA-N
bPhe_S	(S)-3-amino-3-phenylpropanoic acid	bPhe(S)	(3S)-3-amino-3-phenylpropanoic acid	Backbone	beta	X	165.19199999999998	1.1611	63.32000000000001	13.7	TRUE	N[C@H](c1(ccccc1))CC(=O)O	UJOYFRCOTPUKAK-QMMMGPOBSA-N
bAla_3RBn	(R)-3-amino-4-phenylbutanoic acid	bAla(3R-Bn)	(3R)-3-amino-4-phenylbutanoic acid	Backbone	beta	Phe	179.21899999999994	1.0311000000000001	63.32000000000001	14.9	TRUE	N[C@H](Cc1(ccccc1))CC(=O)O	OFVBLKINTLPEGH-SECBINFHSA-N
Cys_23dipalmitoyloxypropyl	S-(2,3-bis(palmitoyloxy)propyl)-L-cysteine	Cys(2,3-dipalmitoyloxypropyl)	(2R)-2-amino-3-((2,3-bis(pentadecylcarbonyloxy)propyl)sulfanyl)propanoic acid	Backbone	alpha	Cys	672.0700000000002	10.549099999999997	115.92	6.3	TRUE	N[C@@H](CSCC(OC(=O)CCCCCCCCCCCCCCC)COC(=O)CCCCCCCCCCCCCCC)C(=O)O	UPAQRWMRKQCLSD-HTIIIDOHSA-N
bAla_3SEtPh	(S)-3-amino-5-phenylpentanoic acid	bAla(3S-EtPh)	(3S)-3-amino-5-phenylpentanoic acid	Backbone	beta	Phe	193.24599999999995	1.4211999999999998	63.32000000000001	9.7	TRUE	N[C@@H](CCc1(ccccc1))CC(=O)O	CJJYCYZKUNRKFP-JTQLQIEISA-N
D-aMeTrp	(R)-2-amino-3-(1H-indol-3-yl)-2-methylpropanoic acid	D-aMeTrp	(2R)-2-amino-2-((1H-indol-3-yl)methyl)propanoic acid	Backbone	alpha	Trp	218.256	1.5123999999999997	79.11	6.8	TRUE	N[C@](C)(Cc2(c[nH]c1(ccccc12)))C(=O)O	ZTTWHZHBPDYSQB-GFCCVEGCSA-N
3R-amino-cyclopentane-1S-CO2H	(1S,3R)-3-aminocyclopentane-1-carboxylic acid	3R-amino-cyclopentane-1S-CO2H	(1S,3R)-3-aminocyclopentanecarboxylic acid	Backbone	gamma	Ala	129.15900000000002	0.19839999999999985	63.32000000000001	11.4	TRUE	N[C@H]1C[C@H](CC1)C(=O)O	MLLSSTJTARJLHK-CRCLSJGQSA-N
bAla_3RPh_4Br	(S)-3-amino-3-(4-bromophenyl)propanoic acid	bAla(3R-Ph(4-Br))	(3S)-3-amino-3-(4-bromophenyl)propanoic acid	Backbone	beta	X	244.08799999999997	1.9236	63.32000000000001	8.2	TRUE	N[C@H](c1(ccc(Br)cc1))CC(=O)O	RBOUYDUXPMAYMJ-QMMMGPOBSA-N
D-Phe_2Br	(R)-2-amino-3-(2-bromophenyl)propanoic acid	D-Phe(2-Br)	(2R)-2-amino-3-(2-bromophenyl)propanoic acid	Backbone	alpha	Phe	244.08799999999997	1.4035000000000002	63.32000000000001	6.8	TRUE	N[C@H](Cc1(ccccc1Br))C(=O)O	JFVLNTLXEZDFHW-MRVPVSSYSA-N
bPhe_R	(R)-3-amino-3-phenylpropanoic acid	bPhe(R)	(3R)-3-amino-3-phenylpropanoic acid	Backbone	beta	X	165.19199999999998	1.1611	63.32000000000001	14.5	TRUE	N[C@@H](c1(ccccc1))CC(=O)O	UJOYFRCOTPUKAK-MRVPVSSYSA-N
bAla_3SPh_4Br	(R)-3-amino-3-(4-bromophenyl)propanoic acid	bAla(3S-Ph(4-Br))	(3R)-3-amino-3-(4-bromophenyl)propanoic acid	Backbone	beta	X	244.08799999999997	1.9236	63.32000000000001	8.7	TRUE	N[C@@H](c1(ccc(Br)cc1))CC(=O)O	RBOUYDUXPMAYMJ-MRVPVSSYSA-N
Cys_benzhydryl	S-benzhydryl-L-cysteine	Cys(benzhydryl)	(2R)-2-amino-3-((diphenylmethyl)sulfanyl)propanoic acid	Backbone	alpha	Cys	287.384	2.921100000000001	63.32000000000001	8.7	TRUE	N[C@@H](CSC(c1(ccccc1))c2(ccccc2))C(=O)O	SHOGZCIBPYFZRP-AWEZNQCLSA-N
Val_34dehydro	(S)-2-amino-3-methylbut-3-enoic acid	Val(3,4-dehydro)	(2S)-2-amino-3-methylbut-3-enoic acid	Backbone	alpha	Val	115.13199999999998	-0.0255999999999999	63.32000000000001	9	TRUE	N[C@@H](C(=C)C)C(=O)O	CJNBBWGXTPGZRW-BYPYZUCNSA-N
Npyrid3ylmethyl-G	(pyridin-3-ylmethyl)glycine	pyrid-3-ylmethyl-Gly	2-(((pyridin-3-yl)methyl)amino)acetic acid	Backbone	alpha	Gly	166.17999999999998	0.25579999999999975	62.22	13.6	TRUE	N(Cc1(cccnc1))CC(=O)O	FCJPXSDDZZUPQJ-UHFFFAOYSA-N
Nva_OMe	(S)-2-amino-5-methoxypentanoic acid	Nva(OMe)	(2S)-2-amino-5-methoxypentanoic acid	Backbone	alpha	X	147.174	-0.1751000000000001	72.55	9	TRUE	N[C@@H](CCCOC)C(=O)O	HBSSLDFHKZLODB-YFKPBYRVSA-N
bAla_3ScPr	(R)-3-amino-3-cyclopropylpropanoic acid	bAla(3S-cPr)	(3R)-3-amino-3-cyclopropylpropanoic acid	Backbone	beta	X	129.15900000000002	0.19839999999999985	63.32000000000001	7	TRUE	N[C@@H](C1(CC1))CC(=O)O	IHWFMMMLMIDKCB-RXMQYKEDSA-N
Phe_3F_4Me	(S)-2-amino-3-(3-fluoro-4-methylphenyl)propanoic acid	Phe(3-F,4-Me)	(2S)-2-amino-3-(3-fluoro-4-methylphenyl)propanoic acid	Backbone	alpha	Phe	197.20899999999997	1.0885200000000002	63.32000000000001	4.6	TRUE	N[C@@H](Cc1(ccc(C)c(F)c1))C(=O)O	MUTNDIMQYVVGMX-VIFPVBQESA-N
D-Phe_2Me_4OMe	(R)-2-amino-3-(4-methoxy-3-methylphenyl)propanoic acid	D-Phe(2-Me,4-OMe)	(2R)-2-amino-3-(4-methoxy-3-methylphenyl)propanoic acid	Backbone	alpha	Tyr	209.24499999999998	0.9580199999999999	72.55	4.7	TRUE	N[C@H](Cc1(ccc(OC)c(C)c1))C(=O)O	DXGNDDYTXLSPCE-SECBINFHSA-N
Phe_2Me_4OMe	(S)-2-amino-3-(4-methoxy-3-methylphenyl)propanoic acid	Phe(2-Me,4-OMe)	(2S)-2-amino-3-(4-methoxy-3-methylphenyl)propanoic acid	Backbone	alpha	Tyr	209.24499999999998	0.9580199999999999	72.55	6.7	TRUE	N[C@@H](Cc1(ccc(OC)c(C)c1))C(=O)O	DXGNDDYTXLSPCE-VIFPVBQESA-N
Phe_3Cl_4OMe	(S)-2-amino-3-(3-chloro-4-methoxyphenyl)propanoic acid	Phe(3-Cl,4-OMe)	(2S)-2-amino-3-(3-chloro-4-methoxyphenyl)propanoic acid	Backbone	alpha	Tyr	229.66299999999998	1.303	72.55	6.3	TRUE	N[C@@H](Cc1(ccc(OC)c(Cl)c1))C(=O)O	FVFCTFGTAWTEIF-QMMMGPOBSA-N
Phe_3Cl_4Me	(S)-2-amino-3-(3-chloro-4-methylphenyl)propanoic acid	Phe(3-Cl,4-Me)	(2S)-2-amino-3-(3-chloro-4-methylphenyl)propanoic acid	Backbone	alpha	Phe	213.664	1.6028200000000001	63.32000000000001	4.2	TRUE	N[C@@H](Cc1(ccc(C)c(Cl)c1))C(=O)O	AMMKDLMOXARMLH-VIFPVBQESA-N
Nle_56dehydro_5Me	(S)-2-amino-5-methylhex-5-enoic acid	Nle(5,6-dehydro,5-Me)	(2S)-2-amino-5-methylhex-5-enoic acid	Backbone	alpha	Leu	143.186	0.7545999999999999	63.32000000000001	8.2	TRUE	N[C@@H](CCC(=C)C)C(=O)O	OYGZAERTQAIZGU-LURJTMIESA-N
D-Nle_56dehydro_5Me	(R)-2-amino-5-methylhex-5-enoic acid	D-Nle(5,6-dehydro,5-Me)	(2R)-2-amino-5-methylhex-5-enoic acid	Backbone	alpha	Leu	143.186	0.7545999999999999	63.32000000000001	7.4	TRUE	N[C@H](CCC(=C)C)C(=O)O	OYGZAERTQAIZGU-ZCFIWIBFSA-N
D-Abu_cPr	(R)-2-amino-4-cyclopropylbutanoic acid	D-Abu(cPr)	(2R)-2-amino-4-cyclopropylbutanoic acid	Backbone	alpha	Ala	143.186	0.5884999999999998	63.32000000000001	8.1	TRUE	N[C@H](CCC1(CC1))C(=O)O	XQBROTNHOLWMJR-ZCFIWIBFSA-N
Hse_allyl	O-allyl-L-homoserine	Hse(allyl)	(2S)-2-amino-4-((prop-2-en-1-yl)oxy)butanoic acid	Backbone	alpha	Ser	159.185	-0.009000000000000397	72.55	5.7	TRUE	N[C@@H](CCOCC=C)C(=O)O	PWVANPLCFRYAIN-LURJTMIESA-N
D-hLeu_Me	(R)-2-amino-5,5-dimethylhexanoic acid	D-hLeu(Me)	(2R)-2-amino-5,5-dimethylhexanoic acid	Backbone	alpha	Leu	159.22899999999998	1.2245999999999997	63.32000000000001	6.6	TRUE	N[C@H](CCC(C)(C)C)C(=O)O	HMQBHFUPSBOCOE-ZCFIWIBFSA-N
D-hPhe_4CF3	(R)-2-amino-4-(4-(trifluoromethyl)phenyl)butanoic acid	D-hPhe(4-CF3)	(2R)-2-amino-4-(4-(trifluoromethyl)phenyl)butanoic acid	Backbone	alpha	Phe	247.21599999999995	2.0499	63.32000000000001	4.7	TRUE	N[C@H](CCc1(ccc(cc1)C(F)(F)F))C(=O)O	VOINSBLLXKDEJC-SECBINFHSA-N
hPhe_26diF	(S)-2-amino-4-(2,6-difluorophenyl)butanoic acid	hPhe(2,6-diF)	(2S)-2-amino-4-(2,6-difluorophenyl)butanoic acid	Backbone	alpha	Phe	215.19899999999998	1.3093	63.32000000000001	5	TRUE	N[C@@H](CCc1(c(F)cccc1F))C(=O)O	OWSJVBLJVRUDJX-VIFPVBQESA-N
Phe_2OMe_5Br	(S)-2-amino-3-(5-bromo-2-methoxyphenyl)propanoic acid	Phe(2-OMe,5-Br)	(2S)-2-amino-3-(5-bromo-2-methoxyphenyl)propanoic acid	Backbone	alpha	Tyr	274.114	1.4121000000000001	72.55	3.1	TRUE	N[C@@H](Cc1(cc(Br)ccc1OC))C(=O)O	REWQRRCVTMPNHM-QMMMGPOBSA-N
Phe_2Cl_5Br	(S)-2-amino-3-(5-bromo-2-chlorophenyl)propanoic acid	Phe(2-Cl,5-Br)	(2S)-2-amino-3-(5-bromo-2-chlorophenyl)propanoic acid	Backbone	alpha	Phe	278.533	2.0569	63.32000000000001	2.9	TRUE	N[C@@H](Cc1(cc(Br)ccc1Cl))C(=O)O	WHUPPRGZWKRSEB-QMMMGPOBSA-N
NMe-Nle_vinyl	(S)-2-(methylamino)oct-7-enoic acid	Me-Nle(vinyl)	(2S)-2-(methylamino)oct-7-enoic acid	Backbone	alpha	Leu	171.24	1.4054	49.33	8.3	TRUE	N(C)[C@@H](CCCCC=C)C(=O)O	GKWXPYKDCRDLFL-QMMMGPOBSA-N
aMehPhe	(S)-2-amino-2-methyl-4-phenylbutanoic acid	aMehPhe	(2S)-2-amino-2-methyl-4-phenylbutanoic acid	Backbone	alpha	Phe	193.24599999999998	1.4212	63.32000000000001	8.7	TRUE	N[C@@](C)(CCc1(ccccc1))C(=O)O	PHZKTNAAGCQMAO-NSHDSACASA-N
Phe_4Ph_2F	(S)-2-amino-3-(2'-fluoro-[1,1'-biphenyl]-4-yl)propanoic acid	Phe(4-Ph(2-F))	(2S)-2-amino-3-(4-(2-fluorophenyl)phenyl)propanoic acid	Backbone	alpha	Phe	259.28	2.4471	63.32000000000001	4.9	TRUE	N[C@@H](Cc1(ccc(cc1)c2(ccccc2F)))C(=O)O	JSOJVEHPJNZBIZ-AWEZNQCLSA-N
NBn4NO2-G	(4-nitrobenzyl)glycine	Bn(4-NO2)-Gly	2-(((4-nitrophenyl)methyl)amino)acetic acid	Backbone	alpha	Gly	210.18899999999996	0.7690000000000001	92.47000000000001	7.3	TRUE	N(Cc1(ccc(cc1)[N+](=O)[O-]))CC(=O)O	WNQZQOVOWAVAHI-UHFFFAOYSA-N
NBn3Me-G	(3-methylbenzyl)glycine	Bn(3-Me)-Gly	2-(((3-methylphenyl)methyl)amino)acetic acid	Backbone	alpha	Gly	179.21899999999997	1.16922	49.33	14.3	TRUE	N(Cc1(cccc(C)c1))CC(=O)O	SGXUVYXVOSVNPH-UHFFFAOYSA-N
NBn3F-G	(3-fluorobenzyl)glycine	Bn(3-F)-Gly	2-(((3-fluorophenyl)methyl)amino)acetic acid	Backbone	alpha	Gly	183.18199999999996	0.9999000000000002	49.33	10.1	TRUE	N(Cc1(cccc(F)c1))CC(=O)O	FYGJHZLHWJYEAC-UHFFFAOYSA-N
NBn2Me-G	(2-methylbenzyl)glycine	Bn(2-Me)-Gly	2-(((2-methylphenyl)methyl)amino)acetic acid	Backbone	alpha	Gly	179.21899999999997	1.16922	49.33	14	TRUE	N(Cc1(ccccc1C))CC(=O)O	FSHQMEULJGMJPU-UHFFFAOYSA-N
NBn3Br-G	(3-bromobenzyl)glycine	Bn(3-Br)-Gly	2-(((3-bromophenyl)methyl)amino)acetic acid	Backbone	alpha	Gly	244.08799999999997	1.6233	49.33	8.5	TRUE	N(Cc1(cccc(Br)c1))CC(=O)O	VQMCEIXNBBYYAF-UHFFFAOYSA-N
NBn2Br-G	(2-bromobenzyl)glycine	Bn(2-Br)-Gly	2-(((2-bromophenyl)methyl)amino)acetic acid	Backbone	alpha	Gly	244.08799999999997	1.6233000000000002	49.33	9.2	TRUE	N(Cc1(ccccc1Br))CC(=O)O	KHUZHEPVJSJMMQ-UHFFFAOYSA-N
NBn2Cl-G	(2-chlorobenzyl)glycine	Bn(2-Cl)-Gly	2-(((2-chlorophenyl)methyl)amino)acetic acid	Backbone	alpha	Gly	199.63699999999994	1.5142	49.33	11.5	TRUE	N(Cc1(ccccc1Cl))CC(=O)O	CBQHOZRSTUYWGQ-UHFFFAOYSA-N
NMbzl-G	(4-methylbenzyl)glycine	Mbzl-Gly	2-(((4-methylphenyl)methyl)amino)acetic acid	Backbone	alpha	Gly	179.21899999999997	1.16922	49.33	13.6	TRUE	N(Cc1(ccc(C)cc1))CC(=O)O	LZBYHWQHNZFDSR-UHFFFAOYSA-N
NMob-G	(4-methoxybenzyl)glycine	Mob-Gly	2-(((4-methoxyphenyl)methyl)amino)acetic acid	Backbone	alpha	Gly	195.21799999999996	0.8694000000000002	58.56	13	TRUE	N(Cc1(ccc(OC)cc1))CC(=O)O	QEOHOHDWOLGNLN-UHFFFAOYSA-N
NBn4F-G	(4-fluorobenzyl)glycine	Bn(4-F)-Gly	2-(((4-fluorophenyl)methyl)amino)acetic acid	Backbone	alpha	Gly	183.18199999999996	0.9999000000000002	49.33	9.2	TRUE	N(Cc1(ccc(F)cc1))CC(=O)O	NWZUJCANYJTQFS-UHFFFAOYSA-N
NBn4CF3-G	(4-(trifluoromethyl)benzyl)glycine	Bn(4-CF3)-Gly	2-(((4-(trifluoromethyl)phenyl)methyl)amino)acetic acid	Backbone	alpha	Gly	233.18899999999994	1.8796000000000002	49.33	8	TRUE	N(Cc1(ccc(cc1)C(F)(F)F))CC(=O)O	PWHUOSWTEIHEEV-UHFFFAOYSA-N
Lys_Poc	N6-((prop-2-yn-1-yloxy)carbonyl)-L-lysine	Lys(Poc)	(2S)-2-amino-6-((prop-2-yn-1-yl)oxycarbonylamino)hexanoic acid	Backbone	alpha	Lys	228.24799999999996	-0.0719999999999994	101.64999999999999	3.9	TRUE	C#CCOC(=O)NCCCC[C@H](N)C(=O)O	KRFMMSZGIQEBIJ-QMMMGPOBSA-N
Nallyl-F	allyl-L-phenylalanine	allyl-Phe	(2S)-3-phenyl-2-((prop-2-en-1-yl)amino)propanoic acid	Backbone	alpha	Phe	205.257	1.4579	49.33	8.1	TRUE	N(CC=C)[C@@H](Cc1(ccccc1))C(=O)O	HSASCPKHTQHHLP-NSHDSACASA-N
Nbut3enyl-A	but-3-en-1-yl-L-alanine	but-3-enyl-Ala	(2S)-2-((but-3-en-1-yl)amino)propanoic acid	Backbone	alpha	Ala	143.186	0.6252000000000002	49.33	11.2	TRUE	N(CCC=C)[C@@H](C)C(=O)O	BIBPZLSHNULEDH-LURJTMIESA-N
Nbut3enyl-L	but-3-en-1-yl-L-leucine	but-3-enyl-Leu	(2S)-2-((but-3-en-1-yl)amino)-4-methylpentanoic acid	Backbone	alpha	Leu	185.267	1.6514000000000002	49.33	6.6	TRUE	N(CCC=C)[C@@H](CC(C)C)C(=O)O	XRNXJJCFVVIGFC-VIFPVBQESA-N
hPhe_4CN	(S)-2-amino-4-(4-cyanophenyl)butanoic acid	hPhe(4-CN)	(2S)-2-amino-4-(4-(nitrilomethyl)phenyl)butanoic acid	Backbone	alpha	Phe	204.22899999999998	0.9027799999999999	87.11	5.3	TRUE	N[C@@H](CCc1(ccc(C#N)cc1))C(=O)O	KCYCPUKPRHBVCZ-JTQLQIEISA-N
Nvinyl-G	N-vinylglycine	vinyl-Gly	2-(ethenylamino)acetic acid	Backbone	alpha	Gly	101.10499999999999	-0.19590000000000024	49.33	10.4	TRUE	N(C=C)CC(=O)O	CUHFCSMYBZBTIT-UHFFFAOYSA-N
D-Ala_pyrid2yl_5Me	(R)-2-amino-3-(5-methylpyridin-2-yl)propanoic acid	D-Ala(pyrid-2-yl(5-Me))	(2R)-2-amino-3-(5-methylpyridin-2-yl)propanoic acid	Backbone	alpha	Phe	180.20699999999997	0.3444200000000001	76.21	3.4	TRUE	N[C@H](Cc1(ccc(C)cn1))C(=O)O	KGYQCBBDLIEYEA-MRVPVSSYSA-N
Phe_2ethynyl	(S)-2-amino-3-(2-ethynylphenyl)propanoic acid	Phe(2-ethynyl)	(2S)-2-amino-3-(2-(ethynyl)phenyl)propanoic acid	Backbone	alpha	Phe	189.21399999999997	0.6223000000000001	63.32000000000001	2.8	TRUE	N[C@@H](Cc1(ccccc1C#C))C(=O)O	APKBULUIYAENSD-JTQLQIEISA-N
D-hPhe_2OCF3	(R)-2-amino-4-(2-(trifluoromethoxy)phenyl)butanoic acid	D-hPhe(2-OCF3)	(2R)-2-amino-4-(2-((trifluoromethyl)oxy)phenyl)butanoic acid	Backbone	alpha	Tyr	263.2149999999999	1.9297	72.55	2.7	TRUE	N[C@H](CCc1(ccccc1OC(F)(F)F))C(=O)O	AKBSJHPDJHJGOW-MRVPVSSYSA-N
Ala_pyrid2yl_4Me	(S)-2-amino-3-(4-methylpyridin-2-yl)propanoic acid	Ala(pyrid-2-yl(4-Me))	(2S)-2-amino-3-(4-methylpyridin-2-yl)propanoic acid	Backbone	alpha	Phe	180.20699999999997	0.3444200000000001	76.21	4.1	TRUE	N[C@@H](Cc1(cc(C)ccn1))C(=O)O	YRWVUIFELULWFC-QMMMGPOBSA-N
DL-aMeGaba	4-aminopentanoic acid	DL-aMeGaba	4-aminopentanoic acid	Backbone	gamma	Ala	117.14799999999998	0.19839999999999985	63.32000000000001	18.1	TRUE	NC(C)CCC(=O)O	ABSTXSZPGHDTAF-UHFFFAOYSA-N
Nva_g_gdiF	(S)-2-amino-4,4-difluoropentanoic acid	Nva(g,g-diF)	(2S)-2-amino-4,4-difluoropentanoic acid	Backbone	alpha	X	153.12800000000001	0.44359999999999994	63.32000000000001	6.5	TRUE	N[C@@H](CC(C)(F)F)C(=O)O	HNZGXYVBLJPLTD-VKHMYHEASA-N
N_5carboxypentyl-G	6-((carboxymethyl)amino)hexanoic acid	5-carboxypentyl-Gly	6-((2-hydroxy-2-oxoethyl)amino)hexanoic acid	Backbone	alpha	Gly	189.21099999999998	0.30559999999999954	86.63000000000001	11.1	TRUE	N(CCCCCC(=O)O)CC(=O)O	TUOBABBAWKYTHA-UHFFFAOYSA-N
pyrrolidin-2S-ylPr	(S)-3-(pyrrolidin-2-yl)propanoic acid	pyrrolidin-2S-ylPr	3-((2S)-pyrrolidin-2-yl)propanoic acid	Backbone	gamma	Pro	143.186	0.6032	49.33	11.4	TRUE	N1[C@@H](CCC1)CCC(=O)O	HIDODKLFTVMWQL-LURJTMIESA-N
NMe-3Pal_6Me	(S)-2-(methylamino)-3-(6-methylpyridin-3-yl)propanoic acid	Me-3Pal(6-Me)	(2S)-2-(methylamino)-3-(6-methylpyridin-3-yl)propanoic acid	Backbone	alpha	Phe	194.23399999999998	0.6051199999999999	62.22	4.1	TRUE	N(C)[C@@H](Cc1(ccc(C)nc1))C(=O)O	GQTLMMCPKUQWBP-VIFPVBQESA-N
Arg_pyrrolidino	(S)-2-amino-5-(pyrrolidine-1-carboximidamido)pentanoic acid	Arg(pyrrolidino)	(2S)-2-amino-5-(((imino)pyrrolidin-1-ylmethyl)amino)pentanoic acid	Backbone	alpha	Arg	228.29599999999996	-0.20132999999999895	102.44000000000001	2.6	TRUE	N[C@@H](CCCNC(=N)N1(CCCC1))C(=O)O	HDXHWGSPJWIYMM-QMMMGPOBSA-N
D-homoPip	(R)-azepane-2-carboxylic acid	D-homoPip	(2R)-1-azacycloheptane-2-carboxylic acid	Backbone	alpha	Pro	143.186	0.6032	49.33	5.7	TRUE	N1[C@H](CCCCC1)C(=O)O	OPFURXRZISKMJV-ZCFIWIBFSA-N
NMe-Ser_cBu	O-cyclobutyl-N-methyl-L-serine	Me-Ser(cBu)	(2S)-3-(cyclobutoxy)-2-(methylamino)propanoic acid	Backbone	alpha	Ser	173.212	0.22809999999999925	58.56	4.2	TRUE	N(C)[C@@H](COC1(CCC1))C(=O)O	BFRITKJPGLNNES-ZETCQYMHSA-N
bAla-Gly	(3-aminopropanoyl)glycine	bAla-Gly	2-(2-aminoethylcarbonylamino)acetic acid	Backbone	alpha	Gly	146.14600000000002	-1.463999999999999	92.42	13.8	TRUE	N(C(=O)CCN)CC(=O)O	QDHYJVJAGQLHBA-UHFFFAOYSA-N
bAla-Lys	(3-aminopropanoyl)-L-lysine	bAla-Lys	(2S)-6-amino-2-(2-aminoethylcarbonylamino)hexanoic acid	Backbone	alpha	Lys	217.26899999999998	-0.9663999999999981	118.44000000000001	6.6	TRUE	N(C(=O)CCN)[C@@H](CCCCN)C(=O)O	PLDCWKCPEXNWJH-ZETCQYMHSA-N
bAla-Phe	(3-aminopropanoyl)-L-phenylalanine	bAla-Phe	(2S)-2-(2-aminoethylcarbonylamino)-3-phenylpropanoic acid	Backbone	alpha	Phe	236.27100000000004	0.14730000000000038	92.42	8.3	TRUE	N(C(=O)CCN)[C@@H](Cc1(ccccc1))C(=O)O	FLJLAJANCPPHDW-JTQLQIEISA-N
bAla_3RBn_2Cl	(R)-3-amino-4-(2-chlorophenyl)butanoic acid	bAla(3R-Bn(2-Cl))	(3R)-3-amino-4-(2-chlorophenyl)butanoic acid	Backbone	beta	Phe	213.66399999999993	1.6845	63.32000000000001	4.8	TRUE	N[C@H](Cc1(ccccc1Cl))CC(=O)O	URIOIHMVAXZFMB-MRVPVSSYSA-N
bAla_3Ph_4Ph	3-([1,1'-biphenyl]-4-yl)-3-aminopropanoic acid	bAla(3-Ph(4-Ph))	3-amino-3-(4-phenylphenyl)propanoic acid	Backbone	beta	X	241.29	2.828100000000001	63.32000000000001	7.1	TRUE	NC(c1(ccc(cc1)c2(ccccc2)))CC(=O)O	BJZGTTDEOZUSRH-UHFFFAOYSA-N
bAla_3RBn_24diCl	(R)-3-amino-4-(2,4-dichlorophenyl)butanoic acid	bAla(3R-Bn(2,4-diCl))	(3R)-3-amino-4-(2,4-dichlorophenyl)butanoic acid	Backbone	beta	Phe	248.10899999999998	2.3379000000000003	63.32000000000001	4.1	TRUE	N[C@H](Cc1(ccc(Cl)cc1Cl))CC(=O)O	TYJLKWUTGBOOBY-MRVPVSSYSA-N
bAla_3RBn_34diCl	(R)-3-amino-4-(3,4-dichlorophenyl)butanoic acid	bAla(3R-Bn(3,4-diCl))	(3R)-3-amino-4-(3,4-dichlorophenyl)butanoic acid	Backbone	beta	Phe	248.10899999999998	2.3379000000000003	63.32000000000001	4.9	TRUE	N[C@H](Cc1(ccc(Cl)c(Cl)c1))CC(=O)O	MVUQWYZNNRALPX-SSDOTTSWSA-N
bAla_3RBn_4I	(R)-3-amino-4-(4-iodophenyl)butanoic acid	bAla(3R-Bn(4-I))	(3R)-3-amino-4-(4-iodophenyl)butanoic acid	Backbone	beta	Phe	305.11500000000007	1.6357000000000002	63.32000000000001	3.8	TRUE	N[C@H](Cc1(ccc(I)cc1))CC(=O)O	JZJBJZHUZJDMMU-SECBINFHSA-N
bAla_3RBn_2Me	(R)-3-amino-4-(o-tolyl)butanoic acid	bAla(3R-Bn(2-Me))	(3R)-3-amino-4-(2-methylphenyl)butanoic acid	Backbone	beta	Phe	193.24599999999995	1.33952	63.32000000000001	6.3	TRUE	N[C@H](Cc1(ccccc1C))CC(=O)O	PBGLTHUKEHCADU-SNVBAGLBSA-N
bAla_3RBn_3Me	(R)-3-amino-4-(m-tolyl)butanoic acid	bAla(3R-Bn(3-Me))	(3R)-3-amino-4-(3-methylphenyl)butanoic acid	Backbone	beta	Phe	193.24599999999995	1.33952	63.32000000000001	12.2	TRUE	N[C@H](Cc1(cccc(C)c1))CC(=O)O	SMOOMZALOMCYEF-SNVBAGLBSA-N
bAla_3RMbzl	(R)-3-amino-4-(p-tolyl)butanoic acid	bAla(3R-Mbzl)	(3R)-3-amino-4-(4-methylphenyl)butanoic acid	Backbone	beta	Phe	193.24599999999995	1.3395200000000003	63.32000000000001	8.2	TRUE	N[C@H](Cc1(ccc(C)cc1))CC(=O)O	OCNPVFDANAYUCR-SNVBAGLBSA-N
bAla_3RBn_23_45_6pentaF	(R)-3-amino-4-(perfluorophenyl)butanoic acid	bAla(3R-Bn(2,3,4,5,6-pentaF))	(3R)-3-amino-4-(2,3,4,5,6-pentafluorophenyl)butanoic acid	Backbone	beta	Phe	269.1689999999999	1.7266000000000001	63.32000000000001	3.3	TRUE	N[C@H](Cc1(c(F)c(F)c(F)c(F)c1F))CC(=O)O	IBSVXBXKRWGCRU-GSVOUGTGSA-N
bAla_3RBn_3CN	(R)-3-amino-4-(3-cyanophenyl)butanoic acid	bAla(3R-Bn(3-CN))	(3R)-3-amino-4-(3-(nitrilomethyl)phenyl)butanoic acid	Backbone	beta	Phe	204.22899999999996	0.9027800000000001	87.11	3.6	TRUE	N[C@H](Cc1(cccc(C#N)c1))CC(=O)O	CSBSIUBNUHRWDO-SNVBAGLBSA-N
bAla_3Sthien2ylmethyl	(R)-3-amino-4-(thiophen-2-yl)butanoic acid	bAla(3S-thien-2-ylmethyl)	(3R)-3-amino-4-(thiophen-2-yl)butanoic acid	Backbone	beta	Phe	185.24799999999996	1.0926	63.32000000000001	4.2	TRUE	N[C@@H](Cc1(cccs1))CC(=O)O	LRHQHHDPWZCVTR-LURJTMIESA-N
bAla_3Rallyl	(R)-3-aminohex-5-enoic acid	bAla(3R-allyl)	(3R)-3-aminohex-5-enoic acid	Backbone	beta	Val	129.15900000000002	0.3645	63.32000000000001	14.4	TRUE	N[C@H](CC=C)CC(=O)O	UEMNCMYSSFWTCS-RXMQYKEDSA-N
bAla_3SBn_4F	(S)-3-amino-4-(4-fluorophenyl)butanoic acid	bAla(3S-Bn(4-F))	(3S)-3-amino-4-(4-fluorophenyl)butanoic acid	Backbone	beta	Phe	197.20899999999997	1.1702000000000001	63.32000000000001	7.4	TRUE	N[C@@H](Cc1(ccc(F)cc1))CC(=O)O	MWAZHPYPJNEKID-VIFPVBQESA-N
bAla_3SBn_4Br	(S)-3-amino-4-(4-bromophenyl)butanoic acid	bAla(3S-Bn(4-Br))	(3S)-3-amino-4-(4-bromophenyl)butanoic acid	Backbone	beta	Phe	258.11499999999995	1.7936	63.32000000000001	6.6	TRUE	N[C@@H](Cc1(ccc(Br)cc1))CC(=O)O	DAUFDZAPQZNOGC-VIFPVBQESA-N
bAla_3SBn_4NO2	(S)-3-amino-4-(4-nitrophenyl)butanoic acid	bAla(3S-Bn(4-NO2))	(3S)-3-amino-4-(4-nitrophenyl)butanoic acid	Backbone	beta	Phe	224.21599999999992	0.9393	106.46	3.2	TRUE	N[C@@H](Cc1(ccc(cc1)[N+](=O)[O-]))CC(=O)O	SMTCEKUITUZDPM-QMMMGPOBSA-N
bAla_3SBn_3Me	(S)-3-amino-4-(m-tolyl)butanoic acid	bAla(3S-Bn(3-Me))	(3S)-3-amino-4-(3-methylphenyl)butanoic acid	Backbone	beta	Phe	193.24599999999995	1.33952	63.32000000000001	5.3	TRUE	N[C@@H](Cc1(cccc(C)c1))CC(=O)O	SMOOMZALOMCYEF-JTQLQIEISA-N
THIQ3S-bAla	(S)-2-(1,2,3,4-tetrahydroisoquinolin-3-yl)acetic acid	THIQ(3S)-bAla	2-((4S)-3-azabicyclo[4.4.0]deca-1(10),6,8-trien-4-yl)acetic acid	Backbone	beta	Pro	191.22999999999993	1.1756	49.33	7.1	TRUE	N2[C@@H](Cc1(ccccc1C2))CC(=O)O	QYYIBCOJRFOBDJ-JTQLQIEISA-N
bAla_3SBn_23_45_6pentaF	(S)-3-amino-4-(perfluorophenyl)butanoic acid	bAla(3S-Bn(2,3,4,5,6-pentaF))	(3S)-3-amino-4-(2,3,4,5,6-pentafluorophenyl)butanoic acid	Backbone	beta	Phe	269.1689999999999	1.7266000000000001	63.32000000000001	2.9	TRUE	N[C@@H](Cc1(c(F)c(F)c(F)c(F)c1F))CC(=O)O	IBSVXBXKRWGCRU-VKHMYHEASA-N
bAla_3Sbenzothiophen3yl	(S)-3-amino-4-(benzo[b]thiophen-3-yl)butanoic acid	bAla(3S-benzothiophen-3-yl)	(3S)-3-amino-4-(1-benzothiophen-3-yl)butanoic acid	Backbone	beta	Phe	235.308	2.2458	63.32000000000001	3.4	TRUE	N[C@@H](Cc2(csc1(ccccc12)))CC(=O)O	FGCYUNZSPGBIGH-VIFPVBQESA-N
bAla_3SBn_24diCl	(S)-3-amino-4-(2,4-dichlorophenyl)butanoic acid	bAla(3S-Bn(2,4-diCl))	(3S)-3-amino-4-(2,4-dichlorophenyl)butanoic acid	Backbone	beta	Phe	248.10899999999998	2.3379000000000003	63.32000000000001	3.5	TRUE	N[C@@H](Cc1(ccc(Cl)cc1Cl))CC(=O)O	TYJLKWUTGBOOBY-QMMMGPOBSA-N
bAla_3SBn_34diCl	(S)-3-amino-4-(3,4-dichlorophenyl)butanoic acid	bAla(3S-Bn(3,4-diCl))	(3S)-3-amino-4-(3,4-dichlorophenyl)butanoic acid	Backbone	beta	Phe	248.10899999999998	2.3379000000000003	63.32000000000001	3.7	TRUE	N[C@@H](Cc1(ccc(Cl)c(Cl)c1))CC(=O)O	MVUQWYZNNRALPX-ZETCQYMHSA-N
bAla_3SBn_34diF	(S)-3-amino-4-(3,4-difluorophenyl)butanoic acid	bAla(3S-Bn(3,4-diF))	(3S)-3-amino-4-(3,4-difluorophenyl)butanoic acid	Backbone	beta	Phe	215.19899999999996	1.3093000000000001	63.32000000000001	5.8	TRUE	N[C@@H](Cc1(ccc(F)c(F)c1))CC(=O)O	LYHJWUKHUZUWDC-ZETCQYMHSA-N
bAla_3SBn_4I	(S)-3-amino-4-(4-iodophenyl)butanoic acid	bAla(3S-Bn(4-I))	(3S)-3-amino-4-(4-iodophenyl)butanoic acid	Backbone	beta	Phe	305.11500000000007	1.6357000000000002	63.32000000000001	3	TRUE	N[C@@H](Cc1(ccc(I)cc1))CC(=O)O	JZJBJZHUZJDMMU-VIFPVBQESA-N
bAla_3SBn_4CN	(S)-3-amino-4-(4-cyanophenyl)butanoic acid	bAla(3S-Bn(4-CN))	(3S)-3-amino-4-(4-(nitrilomethyl)phenyl)butanoic acid	Backbone	beta	Phe	204.22899999999998	0.9027800000000001	87.11	3.5	TRUE	N[C@@H](Cc1(ccc(C#N)cc1))CC(=O)O	YXRYZOCXTPVLRS-JTQLQIEISA-N
bAla_3Rthien2ylmethyl	(S)-3-amino-4-(thiophen-2-yl)butanoic acid	bAla(3R-thien-2-ylmethyl)	(3S)-3-amino-4-(thiophen-2-yl)butanoic acid	Backbone	beta	Phe	185.24799999999996	1.0926	63.32000000000001	6.6	TRUE	N[C@H](Cc1(cccs1))CC(=O)O	LRHQHHDPWZCVTR-ZCFIWIBFSA-N
bAla_3Sthien3ylmethyl	(S)-3-amino-4-(thiophen-3-yl)butanoic acid	bAla(3S-thien-3-ylmethyl)	(3S)-3-amino-4-(thiophen-3-yl)butanoic acid	Backbone	beta	Phe	185.24799999999996	1.0926	63.32000000000001	3.8	TRUE	N[C@@H](Cc1(ccsc1))CC(=O)O	AZWUDBISUBOQFK-ZETCQYMHSA-N
bAla_3Sallyl	(S)-3-aminohex-5-enoic acid	bAla(3S-allyl)	(3S)-3-aminohex-5-enoic acid	Backbone	beta	Val	129.15900000000002	0.3645	63.32000000000001	9.4	TRUE	N[C@@H](CC=C)CC(=O)O	UEMNCMYSSFWTCS-YFKPBYRVSA-N
bAla_3SBn_2Cl	(S)-3-amino-4-(2-chlorophenyl)butanoic acid	bAla(3S-Bn(2-Cl))	(3S)-3-amino-4-(2-chlorophenyl)butanoic acid	Backbone	beta	Phe	213.66399999999993	1.6845	63.32000000000001	3.8	TRUE	N[C@@H](Cc1(ccccc1Cl))CC(=O)O	URIOIHMVAXZFMB-QMMMGPOBSA-N
bAla_3SBn_4Cl	(S)-3-amino-4-(4-chlorophenyl)butanoic acid	bAla(3S-Bn(4-Cl))	(3S)-3-amino-4-(4-chlorophenyl)butanoic acid	Backbone	beta	Phe	213.664	1.6845	63.32000000000001	5.7	TRUE	N[C@@H](Cc1(ccc(Cl)cc1))CC(=O)O	LCYHDQUYYVDIPY-VIFPVBQESA-N
bAla_3SBn_2F	(S)-3-amino-4-(2-fluorophenyl)butanoic acid	bAla(3S-Bn(2-F))	(3S)-3-amino-4-(2-fluorophenyl)butanoic acid	Backbone	beta	Phe	197.20899999999995	1.1702000000000001	63.32000000000001	4.4	TRUE	N[C@@H](Cc1(ccccc1F))CC(=O)O	CTZJKXPNBFSWAK-QMMMGPOBSA-N
bAla_3SBn_3F	(S)-3-amino-4-(3-fluorophenyl)butanoic acid	bAla(3S-Bn(3-F))	(3S)-3-amino-4-(3-fluorophenyl)butanoic acid	Backbone	beta	Phe	197.20899999999997	1.1702000000000001	63.32000000000001	4.6	TRUE	N[C@@H](Cc1(cccc(F)c1))CC(=O)O	UVEHSQZQGJXLEV-VIFPVBQESA-N
bAla_3Ph_3OMe	3-amino-3-(3-methoxyphenyl)propanoic acid	bAla(3-Ph(3-OMe))	3-amino-3-(3-methoxyphenyl)propanoic acid	Backbone	beta	X	195.21799999999996	1.1697	72.55	11.6	TRUE	NC(c1(cccc(OC)c1))CC(=O)O	FGMPGCPZEOXEES-UHFFFAOYSA-N
aMeNle_but3enyl	(S)-2-amino-2-methyldec-9-enoic acid	aMeNle(but-3-enyl)	(2S)-2-amino-2-methyldec-9-enoic acid	Backbone	alpha	X	199.294	2.315	63.32000000000001	8.5	TRUE	N[C@@](C)(CCCCCCC=C)C(=O)O	JWZFECWHKQLRGK-NSHDSACASA-N
D-aMeGly_allyl	(R)-2-amino-2-methylpent-4-enoic acid	D-aMeGly(allyl)	(2R)-2-amino-2-methylpent-4-enoic acid	Backbone	alpha	Leu	129.159	0.3645	63.32000000000001	13.9	TRUE	N[C@](C)(CC=C)C(=O)O	QMBTZYHBJFPEJB-ZCFIWIBFSA-N
D-aMeNva_vinyl	(R)-2-amino-2-methylhept-6-enoic acid	D-aMeNva(vinyl)	(2R)-2-amino-2-methylhept-6-enoic acid	Backbone	alpha	Leu	157.213	1.1446999999999998	63.32000000000001	7.7	TRUE	N[C@](C)(CCCC=C)C(=O)O	AERCCJGORROTKW-MRVPVSSYSA-N
D-aMeNle_vinyl	(R)-2-amino-2-methyloct-7-enoic acid	D-aMeNle(vinyl)	(2R)-2-amino-2-methyloct-7-enoic acid	Backbone	alpha	X	171.24	1.5348	63.32000000000001	7.1	TRUE	N[C@](C)(CCCCC=C)C(=O)O	LZZHLUIHALMSMF-SECBINFHSA-N
bAla_3RBn_3Cl	(R)-3-amino-4-(3-chlorophenyl)butanoic acid	bAla(3R-Bn(3-Cl))	(3R)-3-amino-4-(3-chlorophenyl)butanoic acid	Backbone	beta	Phe	213.66399999999996	1.6845	63.32000000000001	5.5	TRUE	N[C@H](Cc1(cccc(Cl)c1))CC(=O)O	IWIJTZNQNXPKGN-SECBINFHSA-N
bAla_3RBn_2F	(R)-3-amino-4-(2-fluorophenyl)butanoic acid	bAla(3R-Bn(2-F))	(3R)-3-amino-4-(2-fluorophenyl)butanoic acid	Backbone	beta	Phe	197.20899999999995	1.1702000000000001	63.32000000000001	11.3	TRUE	N[C@H](Cc1(ccccc1F))CC(=O)O	CTZJKXPNBFSWAK-MRVPVSSYSA-N
bAla_3RBn_3F	(R)-3-amino-4-(3-fluorophenyl)butanoic acid	bAla(3R-Bn(3-F))	(3R)-3-amino-4-(3-fluorophenyl)butanoic acid	Backbone	beta	Phe	197.20899999999997	1.1702000000000001	63.32000000000001	10	TRUE	N[C@H](Cc1(cccc(F)c1))CC(=O)O	UVEHSQZQGJXLEV-SECBINFHSA-N
bAla_3RBn_4F	(R)-3-amino-4-(4-fluorophenyl)butanoic acid	bAla(3R-Bn(4-F))	(3R)-3-amino-4-(4-fluorophenyl)butanoic acid	Backbone	beta	Phe	197.20899999999997	1.1702000000000001	63.32000000000001	12.2	TRUE	N[C@H](Cc1(ccc(F)cc1))CC(=O)O	MWAZHPYPJNEKID-SECBINFHSA-N
bAla_3Rbenzhydryl	(S)-3-amino-4,4-diphenylbutanoic acid	bAla(3R-benzhydryl)	(3S)-3-amino-4,4-diphenylbutanoic acid	Backbone	beta	Phe	255.31699999999998	2.6205000000000007	63.32000000000001	3.6	TRUE	N[C@H](C(c1(ccccc1))c2(ccccc2))CC(=O)O	BMWWMUHNEWGJJH-AWEZNQCLSA-N
THIQ3R-bAla	2-[(3R)-1,2,3,4-tetrahydroisoquinolin-3-yl]acetic acid	THIQ(3R)-bAla	2-((4R)-3-azabicyclo[4.4.0]deca-1(10),6,8-trien-4-yl)acetic acid	Backbone	beta	Pro	191.22999999999993	1.1756	49.33	7.8	TRUE	N2[C@H](Cc1(ccccc1C2))CC(=O)O	QYYIBCOJRFOBDJ-SNVBAGLBSA-N
D-Asp-OMe	(R)-3-amino-4-methoxy-4-oxobutanoic acid	D-Asp-OMe	(3R)-3-amino-3-(methoxycarbonyl)propanoic acid	Backbone	beta	X	147.13	-1.0385999999999997	89.62000000000002	7.8	TRUE	N[C@@H](C(=O)OC)CC(=O)O	SWWBMHIMADRNIK-GSVOUGTGSA-N
bAla_3RPh_3NO2	(S)-3-amino-3-(3-nitrophenyl)propanoic acid	bAla(3R-Ph(3-NO2))	(3S)-3-amino-3-(3-nitrophenyl)propanoic acid	Backbone	beta	Lys	210.18899999999996	1.0693000000000001	106.46	8.3	TRUE	N[C@H](c1(cccc(c1)[N+](=O)[O-]))CC(=O)O	SJBFILRQMRECCK-QMMMGPOBSA-N
bAla_3SPh_3NO2	(R)-3-amino-3-(3-nitrophenyl)propanoic acid	bAla(3S-Ph(3-NO2))	(3R)-3-amino-3-(3-nitrophenyl)propanoic acid	Backbone	beta	Lys	210.18899999999996	1.0693000000000001	106.46	7	TRUE	N[C@@H](c1(cccc(c1)[N+](=O)[O-]))CC(=O)O	SJBFILRQMRECCK-MRVPVSSYSA-N
Lys_Mca	N6-(2-(7-methoxy-2-oxo-2H-chromen-4-yl)acetyl)-L-lysine	Lys(Mca)	(2S)-2-amino-6-((9-methoxy-3-oxo-2-oxabicyclo[4.4.0]deca-1(10),4,6,8-tetraen-5-yl)methylcarbonylamino)hexanoic acid	Backbone	alpha	Lys	362.38200000000006	1.0425000000000004	131.86	4	TRUE	COc1ccc2c(CC(=O)NCCCC[C@H](N)C(=O)O)cc(=O)oc2c1	QRFZXDIMTUJAAN-AWEZNQCLSA-N
bAla_3RBn_4tBu	(R)-3-amino-4-(4-(tert-butyl)phenyl)butanoic acid	bAla(3R-Bn(4-tBu))	(3R)-3-amino-4-(4-(tert-butyl)phenyl)butanoic acid	Backbone	beta	Phe	235.32699999999994	2.3286000000000002	63.32000000000001	3.4	TRUE	N[C@H](Cc1(ccc(cc1)C(C)(C)C))CC(=O)O	KDMFJTJDCJZSGE-GFCCVEGCSA-N
D-Ala_cBu	(R)-2-amino-3-cyclobutylpropanoic acid	D-Ala(cBu)	(2R)-2-amino-3-cyclobutylpropanoic acid	Backbone	alpha	Ala	143.186	0.5884999999999998	63.32000000000001	7.5	TRUE	N[C@H](CC1(CCC1))C(=O)O	SRGOJUDAJKUDAZ-ZCFIWIBFSA-N
bAla_3RPh_4F	(S)-3-amino-3-(4-fluorophenyl)propanoic acid	bAla(3R-Ph(4-F))	(3S)-3-amino-3-(4-fluorophenyl)propanoic acid	Backbone	beta	X	183.18199999999996	1.3002000000000002	63.32000000000001	9.1	TRUE	N[C@H](c1(ccc(F)cc1))CC(=O)O	CPGFMWPQXUXQRX-QMMMGPOBSA-N
bAla_3RPh_4Cl	(S)-3-amino-3-(4-chlorophenyl)propanoic acid	bAla(3R-Ph(4-Cl))	(3S)-3-amino-3-(4-chlorophenyl)propanoic acid	Backbone	beta	X	199.63699999999997	1.8145000000000002	63.32000000000001	9.4	TRUE	N[C@H](c1(ccc(Cl)cc1))CC(=O)O	BXGDBHAMTMMNTO-QMMMGPOBSA-N
bAla_3SPh_4Cl	(R)-3-amino-3-(4-chlorophenyl)propanoic acid	bAla(3S-Ph(4-Cl))	(3R)-3-amino-3-(4-chlorophenyl)propanoic acid	Backbone	beta	X	199.63699999999997	1.8145000000000002	63.32000000000001	10.2	TRUE	N[C@@H](c1(ccc(Cl)cc1))CC(=O)O	BXGDBHAMTMMNTO-MRVPVSSYSA-N
bAla_3SPh_4F	(R)-3-amino-3-(4-fluorophenyl)propanoic acid	bAla(3S-Ph(4-F))	(3R)-3-amino-3-(4-fluorophenyl)propanoic acid	Backbone	beta	X	183.18199999999996	1.3002000000000002	63.32000000000001	9.7	TRUE	N[C@@H](c1(ccc(F)cc1))CC(=O)O	CPGFMWPQXUXQRX-MRVPVSSYSA-N
bAla_3SPh_4Me	(R)-3-amino-3-(p-tolyl)propanoic acid	bAla(3S-Ph(4-Me))	(3R)-3-amino-3-(4-methylphenyl)propanoic acid	Backbone	beta	X	179.21899999999997	1.4695200000000002	63.32000000000001	9.7	TRUE	N[C@@H](c1(ccc(C)cc1))CC(=O)O	XPDAKEOBPKFUAH-SECBINFHSA-N
bAla_3RPh_4Me	(S)-3-amino-3-(p-tolyl)propanoic acid	bAla(3R-Ph(4-Me))	(3S)-3-amino-3-(4-methylphenyl)propanoic acid	Backbone	beta	X	179.21899999999997	1.4695200000000002	63.32000000000001	10.2	TRUE	N[C@H](c1(ccc(C)cc1))CC(=O)O	XPDAKEOBPKFUAH-VIFPVBQESA-N
bAla_3RPh_4NO2	(S)-3-amino-3-(4-nitrophenyl)propanoic acid	bAla(3R-Ph(4-NO2))	(3S)-3-amino-3-(4-nitrophenyl)propanoic acid	Backbone	beta	Lys	210.18899999999996	1.0693	106.46	6.9	TRUE	N[C@H](c1(ccc(cc1)[N+](=O)[O-]))CC(=O)O	JVQPVKJZKRICRR-QMMMGPOBSA-N
bAla_3RPh_2Me	(S)-3-amino-3-(o-tolyl)propanoic acid	bAla(3R-Ph(2-Me))	(3S)-3-amino-3-(2-methylphenyl)propanoic acid	Backbone	beta	X	179.21899999999997	1.4695200000000002	63.32000000000001	9.7	TRUE	N[C@H](c1(ccccc1C))CC(=O)O	GORGZFRGYDIRJA-VIFPVBQESA-N
bAla_3RPh_3Me	(S)-3-amino-3-(m-tolyl)propanoic acid	bAla(3R-Ph(3-Me))	(3S)-3-amino-3-(3-methylphenyl)propanoic acid	Backbone	beta	X	179.21899999999997	1.4695200000000002	63.32000000000001	8.3	TRUE	N[C@H](c1(cccc(C)c1))CC(=O)O	HMLYKNGYKKJNLC-VIFPVBQESA-N
bAla_3RPh_2OMe	(S)-3-amino-3-(2-methoxyphenyl)propanoic acid	bAla(3R-Ph(2-OMe))	(3S)-3-amino-3-(2-methoxyphenyl)propanoic acid	Backbone	beta	X	195.21799999999996	1.1697	72.55	7.6	TRUE	N[C@H](c1(ccccc1OC))CC(=O)O	UAZGIQATDPCZHH-QMMMGPOBSA-N
bAla_3RPh_3OMe	(S)-3-amino-3-(3-methoxyphenyl)propanoic acid	bAla(3R-Ph(3-OMe))	(3S)-3-amino-3-(3-methoxyphenyl)propanoic acid	Backbone	beta	X	195.21799999999996	1.1697	72.55	9.9	TRUE	N[C@H](c1(cccc(OC)c1))CC(=O)O	FGMPGCPZEOXEES-VIFPVBQESA-N
bAla_3RPh_4OMe	(S)-3-amino-3-(4-methoxyphenyl)propanoic acid	bAla(3R-Ph(4-OMe))	(3S)-3-amino-3-(4-methoxyphenyl)propanoic acid	Backbone	beta	X	195.21799999999996	1.1697	72.55	11.1	TRUE	N[C@H](c1(ccc(OC)cc1))CC(=O)O	NYTANCDDCQVQHG-VIFPVBQESA-N
bAla_3RPh_24diCl	(S)-3-amino-3-(2,4-dichlorophenyl)propanoic acid	bAla(3R-Ph(2,4-diCl))	(3S)-3-amino-3-(2,4-dichlorophenyl)propanoic acid	Backbone	beta	X	234.08199999999997	2.4679	63.32000000000001	6.4	TRUE	N[C@H](c1(ccc(Cl)cc1Cl))CC(=O)O	QGHQDRDWQIHGKZ-QMMMGPOBSA-N
bAla_3RPh_23diCl	(S)-3-amino-3-(2,3-dichlorophenyl)propanoic acid	bAla(3R-Ph(2,3-diCl))	(3S)-3-amino-3-(2,3-dichlorophenyl)propanoic acid	Backbone	beta	X	234.08199999999997	2.4679	63.32000000000001	6.5	TRUE	N[C@H](c1(cccc(Cl)c1Cl))CC(=O)O	GQKLESLYMHWBOP-ZETCQYMHSA-N
bAla_3Rpyrid3yl	(S)-3-amino-3-(pyridin-3-yl)propanoic acid	bAla(3R-pyrid-3-yl)	(3S)-3-amino-3-(pyridin-3-yl)propanoic acid	Backbone	beta	X	166.17999999999998	0.5561	76.21	11	TRUE	N[C@H](c1(cccnc1))CC(=O)O	QOTCEJINJFHMLO-ZETCQYMHSA-N
bAla_3Rthien2yl	(S)-3-amino-3-(thiophen-2-yl)propanoic acid	bAla(3R-thien-2-yl)	(3S)-3-amino-3-(thiophen-2-yl)propanoic acid	Backbone	beta	X	171.221	1.2226000000000001	63.32000000000001	8.9	TRUE	N[C@H](c1(cccs1))CC(=O)O	GYAYLYLPTPXESE-YFKPBYRVSA-N
bAla_3Rnaphth1yl	(S)-3-amino-3-(naphthalen-1-yl)propanoic acid	bAla(3R-naphth-1-yl)	(3S)-3-amino-3-(naphthalen-1-yl)propanoic acid	Backbone	beta	X	215.25199999999995	2.3143000000000002	63.32000000000001	8.9	TRUE	N[C@H](c2(cccc1(ccccc12)))CC(=O)O	BIOQBKBTOAMMDG-LBPRGKRZSA-N
bAla_3Rnaphth2yl	(S)-3-amino-3-(naphthalen-2-yl)propanoic acid	bAla(3R-naphth-2-yl)	(3S)-3-amino-3-(naphthalen-2-yl)propanoic acid	Backbone	beta	X	215.25199999999995	2.3143000000000002	63.32000000000001	6.2	TRUE	N[C@H](c2(ccc1(ccccc1c2)))CC(=O)O	JASNXOXPNZWQRV-LBPRGKRZSA-N
bAla_3RPh_3F	(S)-3-amino-3-(3-fluorophenyl)propanoic acid	bAla(3R-Ph(3-F))	(3S)-3-amino-3-(3-fluorophenyl)propanoic acid	Backbone	beta	X	183.18199999999996	1.3002000000000002	63.32000000000001	9.9	TRUE	N[C@H](c1(cccc(F)c1))CC(=O)O	GZNJUJNKZBHINS-QMMMGPOBSA-N
bAla_3RPh_3Cl	(S)-3-amino-3-(3-chlorophenyl)propanoic acid	bAla(3R-Ph(3-Cl))	(3S)-3-amino-3-(3-chlorophenyl)propanoic acid	Backbone	beta	X	199.63699999999997	1.8145000000000002	63.32000000000001	9	TRUE	N[C@H](c1(cccc(Cl)c1))CC(=O)O	LIDRHPCWOYOBIZ-QMMMGPOBSA-N
bAla_3RPh_2Br	(S)-3-amino-3-(2-bromophenyl)propanoic acid	bAla(3R-Ph(2-Br))	(3S)-3-amino-3-(2-bromophenyl)propanoic acid	Backbone	beta	X	244.08799999999997	1.9236	63.32000000000001	6.6	TRUE	N[C@H](c1(ccccc1Br))CC(=O)O	OETRFEPZCAGEMK-QMMMGPOBSA-N
bAla_3RPh_2CF3	(S)-3-amino-3-(2-(trifluoromethyl)phenyl)propanoic acid	bAla(3R-Ph(2-CF3))	(3S)-3-amino-3-(2-(trifluoromethyl)phenyl)propanoic acid	Backbone	beta	X	233.18899999999994	2.1799	63.32000000000001	6.7	TRUE	N[C@H](c1(ccccc1C(F)(F)F))CC(=O)O	MXKROQQTKYAUJB-QMMMGPOBSA-N
bAla_3RPh_3CF3	(S)-3-amino-3-(3-(trifluoromethyl)phenyl)propanoic acid	bAla(3R-Ph(3-CF3))	(3S)-3-amino-3-(3-(trifluoromethyl)phenyl)propanoic acid	Backbone	beta	X	233.18899999999994	2.1799	63.32000000000001	8.2	TRUE	N[C@H](c1(cccc(c1)C(F)(F)F))CC(=O)O	WZXBASRNQXYUIP-QMMMGPOBSA-N
bAla_3RPh_3CN	(S)-3-amino-3-(3-cyanophenyl)propanoic acid	bAla(3R-Ph(3-CN))	(3S)-3-amino-3-(3-(nitrilomethyl)phenyl)propanoic acid	Backbone	beta	Lys	190.20199999999997	1.03278	87.11	5.5	TRUE	N[C@H](c1(cccc(C#N)c1))CC(=O)O	RRUDIPCLABXNDE-VIFPVBQESA-N
bAla_3RPh_4CN	(S)-3-amino-3-(4-cyanophenyl)propanoic acid	bAla(3R-Ph(4-CN))	(3S)-3-amino-3-(4-(nitrilomethyl)phenyl)propanoic acid	Backbone	beta	Lys	190.20199999999997	1.03278	87.11	7.6	TRUE	N[C@H](c1(ccc(C#N)cc1))CC(=O)O	JFPLLJRLBHIJPS-VIFPVBQESA-N
bAla_3RPh_2NO2	(S)-3-amino-3-(2-nitrophenyl)propanoic acid	bAla(3R-Ph(2-NO2))	(3S)-3-amino-3-(2-nitrophenyl)propanoic acid	Backbone	beta	X	210.18899999999996	1.0693000000000001	106.46	7.1	TRUE	N[C@H](c1(ccccc1[N+](=O)[O-]))CC(=O)O	XXBOYULKNZTOMN-ZETCQYMHSA-N
bAla_3SPh_4NO2	(R)-3-amino-3-(4-nitrophenyl)propanoic acid	bAla(3S-Ph(4-NO2))	(3R)-3-amino-3-(4-nitrophenyl)propanoic acid	Backbone	beta	Lys	210.18899999999996	1.0693	106.46	7.8	TRUE	N[C@@H](c1(ccc(cc1)[N+](=O)[O-]))CC(=O)O	JVQPVKJZKRICRR-MRVPVSSYSA-N
bAla_3SPh_2Me	(R)-3-amino-3-(o-tolyl)propanoic acid	bAla(3S-Ph(2-Me))	(3R)-3-amino-3-(2-methylphenyl)propanoic acid	Backbone	beta	X	179.21899999999997	1.4695200000000002	63.32000000000001	9.8	TRUE	N[C@@H](c1(ccccc1C))CC(=O)O	GORGZFRGYDIRJA-SECBINFHSA-N
bAla_3SPh_3Me	(R)-3-amino-3-(m-tolyl)propanoic acid	bAla(3S-Ph(3-Me))	(3R)-3-amino-3-(3-methylphenyl)propanoic acid	Backbone	beta	X	179.21899999999997	1.4695200000000002	63.32000000000001	8.1	TRUE	N[C@@H](c1(cccc(C)c1))CC(=O)O	HMLYKNGYKKJNLC-SECBINFHSA-N
bAla_3SPh_3OMe	(R)-3-amino-3-(3-methoxyphenyl)propanoic acid	bAla(3S-Ph(3-OMe))	(3R)-3-amino-3-(3-methoxyphenyl)propanoic acid	Backbone	beta	X	195.21799999999996	1.1697	72.55	8.4	TRUE	N[C@@H](c1(cccc(OC)c1))CC(=O)O	FGMPGCPZEOXEES-SECBINFHSA-N
bAla_3SPh_3OH	(R)-3-amino-3-(3-hydroxyphenyl)propanoic acid	bAla(3S-Ph(3-OH))	(3R)-3-amino-3-(3-hydroxyphenyl)propanoic acid	Backbone	beta	X	181.19099999999995	0.8667	83.55	8.6	TRUE	N[C@@H](c1(cccc(O)c1))CC(=O)O	NYHNEKBZZXSUNO-MRVPVSSYSA-N
bTyr_S	(R)-3-amino-3-(4-hydroxyphenyl)propanoic acid	bTyr(S)	(3R)-3-amino-3-(4-hydroxyphenyl)propanoic acid	Backbone	beta	X	181.19099999999995	0.8667	83.55	10.4	TRUE	N[C@@H](c1(ccc(O)cc1))CC(=O)O	JYPHNHPXFNEZBR-MRVPVSSYSA-N
bAla_3SPh_24diCl	(R)-3-amino-3-(2,4-dichlorophenyl)propanoic acid	bAla(3S-Ph(2,4-diCl))	(3R)-3-amino-3-(2,4-dichlorophenyl)propanoic acid	Backbone	beta	X	234.08199999999997	2.4679	63.32000000000001	6.6	TRUE	N[C@@H](c1(ccc(Cl)cc1Cl))CC(=O)O	QGHQDRDWQIHGKZ-MRVPVSSYSA-N
bAla_3SPh_23diCl	(R)-3-amino-3-(2,3-dichlorophenyl)propanoic acid	bAla(3S-Ph(2,3-diCl))	(3R)-3-amino-3-(2,3-dichlorophenyl)propanoic acid	Backbone	beta	X	234.08199999999997	2.4679	63.32000000000001	6.5	TRUE	N[C@@H](c1(cccc(Cl)c1Cl))CC(=O)O	GQKLESLYMHWBOP-SSDOTTSWSA-N
bAla_3SPh_35diOMe	(R)-3-amino-3-(3,5-dimethoxyphenyl)propanoic acid	bAla(3S-Ph(3,5-diOMe))	(3R)-3-amino-3-(3,5-dimethoxyphenyl)propanoic acid	Backbone	beta	X	225.24399999999997	1.1783000000000001	81.78	6.8	TRUE	N[C@@H](c1(cc(OC)cc(OC)c1))CC(=O)O	HUPNLRFWWQFWCS-SNVBAGLBSA-N
bAla_3Spyrid3yl	(R)-3-amino-3-(pyridin-3-yl)propanoic acid	bAla(3S-pyrid-3-yl)	(3R)-3-amino-3-(pyridin-3-yl)propanoic acid	Backbone	beta	X	166.17999999999998	0.5561	76.21	7.4	TRUE	N[C@@H](c1(cccnc1))CC(=O)O	QOTCEJINJFHMLO-SSDOTTSWSA-N
bAla_3Sthien2yl	(R)-3-amino-3-(thiophen-2-yl)propanoic acid	bAla(3S-thien-2-yl)	(3R)-3-amino-3-(thiophen-2-yl)propanoic acid	Backbone	beta	X	171.221	1.2226000000000001	63.32000000000001	9.5	TRUE	N[C@@H](c1(cccs1))CC(=O)O	GYAYLYLPTPXESE-RXMQYKEDSA-N
bAla_3SPh_2F	(R)-3-amino-3-(2-fluorophenyl)propanoic acid	bAla(3S-Ph(2-F))	(3R)-3-amino-3-(2-fluorophenyl)propanoic acid	Backbone	beta	X	183.18199999999996	1.3002000000000002	63.32000000000001	8.4	TRUE	N[C@@H](c1(ccccc1F))CC(=O)O	RSCLTSJQAQBNCE-MRVPVSSYSA-N
bAla_3SPh_2Cl	(R)-3-amino-3-(2-chlorophenyl)propanoic acid	bAla(3S-Ph(2-Cl))	(3R)-3-amino-3-(2-chlorophenyl)propanoic acid	Backbone	beta	X	199.63699999999994	1.8145000000000002	63.32000000000001	8.4	TRUE	N[C@@H](c1(ccccc1Cl))CC(=O)O	NXXFYRJVRISCCP-MRVPVSSYSA-N
bAla_3SPh_3Cl	(R)-3-amino-3-(3-chlorophenyl)propanoic acid	bAla(3S-Ph(3-Cl))	(3R)-3-amino-3-(3-chlorophenyl)propanoic acid	Backbone	beta	X	199.63699999999997	1.8145000000000002	63.32000000000001	9.3	TRUE	N[C@@H](c1(cccc(Cl)c1))CC(=O)O	LIDRHPCWOYOBIZ-MRVPVSSYSA-N
bAla_3SPh_2Br	(R)-3-amino-3-(2-bromophenyl)propanoic acid	bAla(3S-Ph(2-Br))	(3R)-3-amino-3-(2-bromophenyl)propanoic acid	Backbone	beta	X	244.08799999999997	1.9236	63.32000000000001	6.8	TRUE	N[C@@H](c1(ccccc1Br))CC(=O)O	OETRFEPZCAGEMK-MRVPVSSYSA-N
bAla_3SPh_3Br	(R)-3-amino-3-(3-bromophenyl)propanoic acid	bAla(3S-Ph(3-Br))	(3R)-3-amino-3-(3-bromophenyl)propanoic acid	Backbone	beta	X	244.08799999999997	1.9236000000000002	63.32000000000001	8.8	TRUE	N[C@@H](c1(cccc(Br)c1))CC(=O)O	RLYAXKJHJUXZOT-MRVPVSSYSA-N
bAla_3SPh_2CF3	(R)-3-amino-3-(2-(trifluoromethyl)phenyl)propanoic acid	bAla(3S-Ph(2-CF3))	(3R)-3-amino-3-(2-(trifluoromethyl)phenyl)propanoic acid	Backbone	beta	X	233.18899999999994	2.1799	63.32000000000001	6.1	TRUE	N[C@@H](c1(ccccc1C(F)(F)F))CC(=O)O	MXKROQQTKYAUJB-MRVPVSSYSA-N
bAla_3SPh_4CF3	(R)-3-amino-3-(4-(trifluoromethyl)phenyl)propanoic acid	bAla(3S-Ph(4-CF3))	(3R)-3-amino-3-(4-(trifluoromethyl)phenyl)propanoic acid	Backbone	beta	X	233.18899999999994	2.1799	63.32000000000001	7.3	TRUE	N[C@@H](c1(ccc(cc1)C(F)(F)F))CC(=O)O	ABDRZHVLIRZFQO-MRVPVSSYSA-N
bAla_3SPh_2NO2	(R)-3-amino-3-(2-nitrophenyl)propanoic acid	bAla(3S-Ph(2-NO2))	(3R)-3-amino-3-(2-nitrophenyl)propanoic acid	Backbone	beta	X	210.18899999999996	1.0693000000000001	106.46	5.9	TRUE	N[C@@H](c1(ccccc1[N+](=O)[O-]))CC(=O)O	XXBOYULKNZTOMN-SSDOTTSWSA-N
Lys_N6Cys	N6-(L-cysteinyl)-L-lysine	Lys(N6-Cys)	(2S)-2-amino-6-((1R)-1-amino-2-sulfanylethylcarbonylamino)hexanoic acid	Backbone	alpha	Lys	249.33599999999996	-1.0580999999999992	118.44000000000001	4.9	TRUE	N(C(=O)[C@@H](N)CS)CCCC[C@H](N)C(=O)O	ZPLTXTROMWYDIX-BQBZGAKWSA-N
Asp_OFm	(S)-4-((9H-fluoren-9-yl)methoxy)-2-amino-4-oxobutanoic acid	Asp(OFm)	(2S)-2-amino-3-((((tricyclo[7.4.0.0^{2,7}]trideca-1(13),2,4,6,9,11-hexaen-8-yl)methyl)oxy)carbonyl)propanoic acid	Backbone	alpha	Asp	311.3370000000001	2.1440999999999995	89.62000000000002	4.2	TRUE	N[C@@H](CC(=O)OCC3(c1(ccccc1c2(ccccc23))))C(=O)O	FDNQJSUPJXCUFZ-INIZCTEOSA-N
NMe-Phe_4Ph	(S)-3-([1,1'-biphenyl]-4-yl)-2-(methylamino)propanoic acid	Me-Phe(4-Ph)	(2S)-2-(methylamino)-3-(4-phenylphenyl)propanoic acid	Backbone	alpha	Phe	255.317	2.5686999999999998	49.33	8.4	TRUE	N(C)[C@@H](Cc1(ccc(cc1)c2(ccccc2)))C(=O)O	ZRCUZTGKMSPCBH-HNNXBMFYSA-N
Met-Gly	L-methionylglycine	Met-Gly	2-((1S)-1-amino-3-(methylsulfanyl)propylcarbonylamino)acetic acid	Backbone	alpha	Gly	206.267	-0.7324000000000002	92.42	11	TRUE	N(C(=O)[C@@H](N)CCSC)CC(=O)O	QXOHLNCNYLGICT-YFKPBYRVSA-N
bAla-Leu	(3-aminopropanoyl)-L-leucine	bAla-Leu	(2S)-2-(2-aminoethylcarbonylamino)-4-methylpentanoic acid	Backbone	alpha	Leu	202.254	-0.04929999999999929	92.42	8.8	TRUE	N(C(=O)CCN)[C@@H](CC(C)C)C(=O)O	YVFFCSSMTOXAQS-ZETCQYMHSA-N
Ala_22diMe1_3benzodioxolyl	(S)-2-amino-3-(2,2-dimethylbenzo[d][1,3]dioxol-5-yl)propanoic acid	Ala(2,2-diMe-1,3-benzodioxolyl)	(2S)-2-amino-3-(8,8-dimethyl-7,9-dioxabicyclo[4.3.0]nona-1,3,5-trien-3-yl)propanoic acid	Backbone	alpha	Tyr	237.25499999999997	1.1482999999999999	81.78	5.2	TRUE	N[C@@H](Cc2(ccc1(OC(Oc1c2)(C)C)))C(=O)O	PFPPGLZXDDFWGF-QMMMGPOBSA-N
D-Abu_vinyl	(R)-2-aminohex-5-enoic acid	D-Abu(vinyl)	(2R)-2-aminohex-5-enoic acid	Backbone	alpha	Leu	129.159	0.3645	63.32000000000001	9.4	TRUE	N[C@H](CCC=C)C(=O)O	NPSWHDAHNWWMEG-RXMQYKEDSA-N
Gly-Val	glycyl-L-valine	Gly-Val	(2S)-2-aminomethylcarbonylamino-3-methylbutanoic acid	Backbone	alpha	Val	174.19999999999996	-0.8295000000000003	92.42	16.1	TRUE	N(C(=O)CN)[C@@H](C(C)C)C(=O)O	STKYPAFSDFAEPH-LURJTMIESA-N
Gaba_3cHex	2-(1-(aminomethyl)cyclohexyl)acetic acid	Gaba(3-cHex)	2-(1-(aminomethyl)cyclohexyl)acetic acid	Backbone	gamma	X	171.24	1.3703000000000003	63.32000000000001	10.5	TRUE	NCC1(CCCCC1)CC(=O)O	UGJMXCAKCUNAIE-UHFFFAOYSA-N
bPro	pyrrolidine-3-carboxylic acid	bPro	pyrrolidine-3-carboxylic acid	Backbone	beta	Pro	115.13199999999999	-0.31949999999999995	49.33	15.3	TRUE	N1CC(CC1)C(=O)O	JAEIBKXSIXOLOL-UHFFFAOYSA-N
Thr_OVal	O-(L-valyl)-L-threonine	Thr(O-Val)	(2S,3R)-2-amino-3-((1S)-1-amino-2-methylpropylcarbonyloxy)butanoic acid	Backbone	alpha	Thr	218.253	-0.6866999999999994	115.64	8.5	TRUE	N[C@@H]([C@H](OC(=O)[C@@H](N)C(C)C)C)C(=O)O	KLFVKVGMKBUROO-VQVTYTSYSA-N
Asp-Gly	(S)-3-amino-4-((carboxymethyl)amino)-4-oxobutanoic acid	Asp-Gly	(3S)-3-amino-3-((2-hydroxy-2-oxoethyl)carbamoyl)propanoic acid	Backbone	alpha	Gly	190.155	-2.0107999999999997	129.72	14.2	TRUE	N(C(=O)[C@@H](N)CC(=O)O)CC(=O)O	JHFNSBBHKSZXKB-VKHMYHEASA-N
Ser_OThr	O-(L-threonyl)-L-serine	Ser(O-Thr)	(2S)-2-amino-3-((1S,2R)-1-amino-2-hydroxypropylcarbonyloxy)propanoic acid	Backbone	alpha	Ser	206.198	-2.3503999999999987	135.87	4.7	TRUE	N[C@@H](COC(=O)[C@@H](N)[C@H](O)C)C(=O)O	HYSIMHWTLUDZPY-WISUUJSJSA-N
Ser_OAsn	O-(L-asparaginyl)-L-serine	Ser(O-Asn)	(2S)-2-amino-3-((1S)-1,3-diamino-3-oxopropylcarbonyloxy)propanoic acid	Backbone	alpha	Ser	219.19699999999997	-2.8557999999999977	158.73	2.9	TRUE	N[C@@H](COC(=O)[C@@H](N)CC(=O)N)C(=O)O	XBSLWEZXUKNJHF-IMJSIDKUSA-N
Ser_OGlu	(S)-4-amino-5-((S)-2-amino-2-carboxyethoxy)-5-oxopentanoic acid	Ser(O-Glu)	(4S)-4-amino-4-(((2S)-2-amino-3-hydroxy-3-oxopropoxy)carbonyl)butanoic acid	Backbone	alpha	Ser	234.20799999999997	-1.8663999999999978	152.94	2.8	TRUE	N[C@@H](COC(=O)[C@@H](N)CCC(=O)O)C(=O)O	JCWTXEASOZBHFE-WHFBIAKZSA-N
Ser_OHis	O-(L-histidyl)-L-serine	Ser(O-His)	(2S)-2-amino-3-((1S)-1-amino-2-(1H-imidazol-4-yl)ethylcarbonyloxy)propanoic acid	Backbone	alpha	Ser	242.235	-1.7653999999999987	144.32	2.6	TRUE	N[C@@H](COC(=O)[C@@H](N)Cc1(c[nH]cn1))C(=O)O	PAQXXADZWSMFKN-BQBZGAKWSA-N
Ser_OLys	O-(L-lysyl)-L-serine	Ser(O-Lys)	(2S)-2-amino-3-((1S)-1,5-diaminopentylcarbonyloxy)propanoic acid	Backbone	alpha	Ser	233.26799999999994	-1.6021999999999972	141.66	3.7	TRUE	N[C@@H](COC(=O)[C@@H](N)CCCCN)C(=O)O	CKPSQKYHBPKIFS-BQBZGAKWSA-N
Ser_OArg	O-(L-arginyl)-L-serine	Ser(O-Arg)	(2S)-2-amino-3-((1S)-1-amino-4-(((amino)(imino)methyl)amino)butylcarbonyloxy)propanoic acid	Backbone	alpha	Arg	261.282	-2.4679299999999973	177.54	2.6	TRUE	N[C@@H](COC(=O)[C@@H](N)CCCNC(=N)N)C(=O)O	WVJYMQMPIZUASP-WDSKDSINSA-N
Thr_OGly	O-glycyl-L-threonine	Thr(O-Gly)	(2S,3R)-2-amino-3-(aminomethylcarbonyloxy)butanoic acid	Backbone	alpha	Thr	176.172	-1.7112999999999987	115.64	8.1	TRUE	N[C@@H]([C@H](OC(=O)CN)C)C(=O)O	MIYOEFIPPDFVIH-WUJLRWPWSA-N
Thr_OLeu	O-(L-leucyl)-L-threonine	Thr(O-Leu)	(2S,3R)-2-amino-3-((1S)-1-amino-3-methylbutylcarbonyloxy)butanoic acid	Backbone	alpha	Thr	232.27999999999997	-0.2965999999999998	115.64	5.3	TRUE	N[C@@H]([C@H](OC(=O)[C@@H](N)CC(C)C)C)C(=O)O	DYNITRWDUHBGGK-CSMHCCOUSA-N
Thr_OIle	O-(L-isoleucyl)-L-threonine	Thr(O-Ile)	(2S,3R)-2-amino-3-((1S,2S)-1-amino-2-methylbutylcarbonyloxy)butanoic acid	Backbone	alpha	Thr	232.27999999999997	-0.2965999999999998	115.64	5.4	TRUE	N[C@@H]([C@H](OC(=O)[C@@H](N)[C@@H](C)CC)C)C(=O)O	UUKZOJWIRCCKAB-YWIQKCBGSA-N
Thr_OSer	O-(L-seryl)-L-threonine	Thr(O-Ser)	(2S,3R)-2-amino-3-((1S)-1-amino-2-hydroxyethylcarbonyloxy)butanoic acid	Backbone	alpha	Thr	206.19799999999998	-2.3503999999999987	135.87	5	TRUE	N[C@@H]([C@H](OC(=O)[C@@H](N)CO)C)C(=O)O	OTAJDSDBSOANJV-WISUUJSJSA-N
Thr_OTyr	O-(L-tyrosyl)-L-threonine	Thr(O-Tyr)	(2S,3R)-2-amino-3-((1S)-1-amino-2-(4-hydroxyphenyl)ethylcarbonyloxy)butanoic acid	Backbone	alpha	Thr	282.296	-0.39439999999999925	135.87	5	TRUE	N[C@@H]([C@H](OC(=O)[C@@H](N)Cc1(ccc(O)cc1))C)C(=O)O	LJCSZIJLALGPLZ-GGVZMXCHSA-N
Phe_25diF	(S)-2-amino-3-(2,5-difluorophenyl)propanoic acid	Phe(2,5-diF)	(2S)-2-amino-3-(2,5-difluorophenyl)propanoic acid	Backbone	alpha	Phe	201.17199999999997	0.9192	63.32000000000001	6.7	TRUE	N[C@@H](Cc1(cc(F)ccc1F))C(=O)O	YHYQITHAFYELNW-QMMMGPOBSA-N
Glu-OSu	(S)-4-amino-5-((2,5-dioxopyrrolidin-1-yl)oxy)-5-oxopentanoic acid	Glu-OSu	(4S)-4-amino-4-(((2,5-dioxopyrrolidin-1-yl)oxy)carbonyl)butanoic acid	Backbone	gamma	X	244.20299999999995	-1.2143000000000006	127.00000000000001	3.1	TRUE	N[C@H](C(=O)ON1(C(=O)CCC1=O))CCC(=O)O	RJJBAKLTINWYFX-YFKPBYRVSA-N
NMe-Val_3Me	(S)-3,3-dimethyl-2-(methylamino)butanoic acid	Me-Val(3-Me)	(2S)-3,3-dimethyl-2-(methylamino)butanoic acid	Backbone	alpha	Val	145.202	0.7051000000000001	49.33	14.2	TRUE	N(C)[C@@H](C(C)(C)C)C(=O)O	KWWFNGCKGYUCLC-RXMQYKEDSA-N
NMe-D-Cha	(R)-3-cyclohexyl-2-(methylamino)propanoic acid	Me-D-Cha	(2R)-3-cyclohexyl-2-(methylamino)propanoic acid	Backbone	alpha	Ala	185.267	1.6294	49.33	10	TRUE	N(C)[C@H](CC1(CCCCC1))C(=O)O	GBMDYACPQYNUGA-SECBINFHSA-N
hPhe_CONH2	(2S)-2-amino-3-(2-oxoindolin-3-yl)propanoic acid	hPhe(CONH2)	(2S)-2-amino-3-(2-oxoindolin-3-yl)propanoic acid	Backbone	alpha	Phe	220.228	0.5242999999999998	92.42	6.5	TRUE	N[C@@H](CC2(C(=O)Nc1(ccccc12)))C(=O)O	SFJCKRJKEWLPTL-MQWKRIRWSA-N
Gly_allyl_allyl	2-allyl-2-aminopent-4-enoic acid	Gly(allyl,allyl)	2-amino-2-(prop-2-en-1-yl)pent-4-enoic acid	Backbone	alpha	Leu	155.197	0.9207000000000001	63.32000000000001	3.9	TRUE	NC(CC=C)(CC=C)C(=O)O	VRYCIOSKXNZGLD-UHFFFAOYSA-N
Phe_4Oallyl	(S)-3-(4-(allyloxy)phenyl)-2-aminopropanoic acid	Tyr(allyl)	(2S)-2-amino-3-(4-((prop-2-en-1-yl)oxy)phenyl)propanoic acid	Backbone	alpha	Tyr	221.25599999999997	1.2058000000000002	72.55	6.5	TRUE	N[C@@H](Cc1(ccc(OCC=C)cc1))C(=O)O	PHUOJEKTSKQBNT-NSHDSACASA-N
Cys_Npys	S-((3-nitropyridin-2-yl)thio)-L-cysteine	Cys(Npys)	(2R)-2-amino-3-(((3-nitropyridin-2-yl)sulfanyl)sulfanyl)propanoic acid	Backbone	alpha	Cys	275.31100000000004	1.142	119.35000000000001	5	TRUE	N[C@@H](CSSc1(ncccc1[N+](=O)[O-]))C(=O)O	SOGTULYCPNFAGT-YFKPBYRVSA-N
bAla_3Ph_4F	3-amino-3-(4-fluorophenyl)propanoic acid	bAla(3-Ph(4-F))	3-amino-3-(4-fluorophenyl)propanoic acid	Backbone	beta	X	183.18199999999996	1.3002000000000002	63.32000000000001	10.3	TRUE	NC(c1(ccc(F)cc1))CC(=O)O	CPGFMWPQXUXQRX-UHFFFAOYSA-N
D-Asp-NH2	(R)-3,4-diamino-4-oxobutanoic acid	D-Asp-NH2	(3R)-3-amino-3-carbamoylpropanoic acid	Backbone	beta	X	132.119	-1.7263000000000002	106.41000000000001	12.4	TRUE	N[C@@H](C(=O)N)CC(=O)O	PMLJIHNCYNOQEQ-UWTATZPHSA-N
D-imidazolidine-2-CO2H	D-imidazolidine-2-carboxylic acid	D-imidazolidine-2-CO2H	imidazolidine-2-carboxylic acid	Backbone	alpha	Pro	116.11999999999999	-1.4100999999999997	61.36	4.3	FALSE	N1C(NCC1)C(=O)O	DKXKVWKTEATBQK-UHFFFAOYSA-N
D-Phe_4Oallyl	(R)-3-(4-(allyloxy)phenyl)-2-aminopropanoic acid	D-Tyr(allyl)	(2R)-2-amino-3-(4-((prop-2-en-1-yl)oxy)phenyl)propanoic acid	Backbone	alpha	Tyr	221.25599999999997	1.2058000000000002	72.55	5	TRUE	N[C@H](Cc1(ccc(OCC=C)cc1))C(=O)O	PHUOJEKTSKQBNT-LLVKDONJSA-N
MeO-bAla	3-(methoxyamino)propanoic acid	MeO-bAla	3-(methoxyamino)propanoic acid	Backbone	beta	Gly	119.11999999999999	-0.3879000000000004	58.56	11.5	TRUE	N(OC)CCC(=O)O	VKDCHAMVLXCQRF-UHFFFAOYSA-N
bAla_3SBn_4CF3	(S)-3-amino-4-(4-(trifluoromethyl)phenyl)butanoic acid	bAla(3S-Bn(4-CF3))	(3S)-3-amino-4-(4-(trifluoromethyl)phenyl)butanoic acid	Backbone	beta	Phe	247.21599999999992	2.0499	63.32000000000001	5.3	TRUE	N[C@@H](Cc1(ccc(cc1)C(F)(F)F))CC(=O)O	RCVBUWYXFGWFHR-VIFPVBQESA-N
bAla_3Ph_3Br	3-amino-3-(3-bromophenyl)propanoic acid	bAla(3-Ph(3-Br))	3-amino-3-(3-bromophenyl)propanoic acid	Backbone	beta	X	244.08799999999997	1.9236000000000002	63.32000000000001	7.3	TRUE	NC(c1(cccc(Br)c1))CC(=O)O	RLYAXKJHJUXZOT-UHFFFAOYSA-N
bAla_3Ph_3Cl	3-amino-3-(3-chlorophenyl)propanoic acid	bAla(3-Ph(3-Cl))	3-amino-3-(3-chlorophenyl)propanoic acid	Backbone	beta	X	199.63699999999997	1.8145000000000002	63.32000000000001	9.1	TRUE	NC(c1(cccc(Cl)c1))CC(=O)O	LIDRHPCWOYOBIZ-UHFFFAOYSA-N
bAla_3Bn	3-amino-4-phenylbutanoic acid	bAla(3-Bn)	3-amino-4-phenylbutanoic acid	Backbone	beta	Phe	179.21899999999994	1.0311000000000001	63.32000000000001	14.6	TRUE	NC(Cc1(ccccc1))CC(=O)O	OFVBLKINTLPEGH-UHFFFAOYSA-N
bAla_3Ph_2F	3-amino-3-(2-fluorophenyl)propanoic acid	bAla(3-Ph(2-F))	3-amino-3-(2-fluorophenyl)propanoic acid	Backbone	beta	X	183.18199999999996	1.3002000000000002	63.32000000000001	8.8	TRUE	NC(c1(ccccc1F))CC(=O)O	RSCLTSJQAQBNCE-UHFFFAOYSA-N
bAla_3Ph_3F	3-amino-3-(3-fluorophenyl)propanoic acid	bAla(3-Ph(3-F))	3-amino-3-(3-fluorophenyl)propanoic acid	Backbone	beta	X	183.18199999999996	1.3002000000000002	63.32000000000001	9	TRUE	NC(c1(cccc(F)c1))CC(=O)O	GZNJUJNKZBHINS-UHFFFAOYSA-N
bAla_3Ph_2Cl	3-amino-3-(2-chlorophenyl)propanoic acid	bAla(3-Ph(2-Cl))	3-amino-3-(2-chlorophenyl)propanoic acid	Backbone	beta	X	199.63699999999994	1.8145000000000002	63.32000000000001	8	TRUE	NC(c1(ccccc1Cl))CC(=O)O	NXXFYRJVRISCCP-UHFFFAOYSA-N
D-Phe_3I	(R)-2-amino-3-(3-iodophenyl)propanoic acid	D-Phe(3-I)	(2R)-2-amino-3-(3-iodophenyl)propanoic acid	Backbone	alpha	Phe	291.088	1.2456000000000003	63.32000000000001	7.4	TRUE	N[C@H](Cc1(cccc(I)c1))C(=O)O	BABTYIKKTLTNRX-MRVPVSSYSA-N
bAla_3SPh_3CN	(R)-3-amino-3-(3-cyanophenyl)propanoic acid	bAla(3S-Ph(3-CN))	(3R)-3-amino-3-(3-(nitrilomethyl)phenyl)propanoic acid	Backbone	beta	Lys	190.20199999999997	1.03278	87.11	5.6	TRUE	N[C@@H](c1(cccc(C#N)c1))CC(=O)O	RRUDIPCLABXNDE-SECBINFHSA-N
Abu_vinyl	(S)-2-aminohex-5-enoic acid	Abu(vinyl)	(2S)-2-aminohex-5-enoic acid	Backbone	alpha	Leu	129.159	0.3645	63.32000000000001	12.2	TRUE	N[C@@H](CCC=C)C(=O)O	NPSWHDAHNWWMEG-YFKPBYRVSA-N
Tyr_SO3nP	(2S)-2-amino-3-[4-(2,2-dimethylpropoxysulfonyloxy)phenyl]propanoic acid	Tyr(SO3nP)	(2S)-2-amino-3-(4-((2,2-dimethylpropyl)oxysulfonyloxy)phenyl)propanoic acid	Backbone	alpha	Tyr	331.39	1.3272999999999997	115.92	2.7	TRUE	N[C@@H](Cc1(ccc(OS(=O)(=O)OCC(C)(C)C)cc1))C(=O)O	JEHCBXZLLVIZPO-LBPRGKRZSA-N
bAla_3Spyrid4ylmethyl	(S)-3-amino-4-(pyridin-4-yl)butanoic acid	bAla(3S-pyrid-4-ylmethyl)	(3S)-3-amino-4-(pyridin-4-yl)butanoic acid	Backbone	beta	Phe	180.20699999999997	0.4261000000000001	76.21	3.6	TRUE	N[C@@H](Cc1(ccncc1))CC(=O)O	HPMMXBBRJNNDBV-QMMMGPOBSA-N
Asp-NH2	(S)-3,4-diamino-4-oxobutanoic acid	Asp-NH2	(3S)-3-amino-3-carbamoylpropanoic acid	Backbone	beta	X	132.119	-1.7263000000000002	106.41000000000001	14.4	TRUE	N[C@H](C(=O)N)CC(=O)O	PMLJIHNCYNOQEQ-REOHCLBHSA-N
aBnGaba_3SOH	(3S,4S)-4-amino-3-hydroxy-5-phenylpentanoic acid	aBnGaba(3S-OH)	(3S,4S)-4-amino-3-hydroxy-5-phenylpentanoic acid	Backbone	gamma	Phe	209.24499999999995	0.3920000000000001	83.55	8.4	TRUE	N[C@@H](Cc1(ccccc1))[C@@H](O)CC(=O)O	JAJQQUQHMLWDFB-UWVGGRQHSA-N
imidazolidine-2-CO2H	L-imidazolidine-2-carboxylic acid	imidazolidine-2-CO2H	imidazolidine-2-carboxylic acid	Backbone	alpha	Pro	116.11999999999999	-1.4100999999999997	61.36	6.8	TRUE	N1C(NCC1)C(=O)O	DKXKVWKTEATBQK-UHFFFAOYSA-N
D-aMePro	(R)-2-methylpyrrolidine-2-carboxylic acid	D-aMePro	(2R)-2-methylpyrrolidine-2-carboxylic acid	Backbone	alpha	Pro	129.15900000000002	0.2131	49.33	12.2	TRUE	N1[C@](C)(CCC1)C(=O)O	LWHHAVWYGIBIEU-ZCFIWIBFSA-N
NMe-D-Phe_4Cl	(R)-3-(4-chlorophenyl)-2-(methylamino)propanoic acid	Me-D-Phe(4-Cl)	(2R)-3-(4-chlorophenyl)-2-(methylamino)propanoic acid	Backbone	alpha	Phe	213.664	1.5551	49.33	7.6	TRUE	N(C)[C@H](Cc1(ccc(Cl)cc1))C(=O)O	PVXYVWVFWHBBMH-SECBINFHSA-N
2R-amino-cyclohexane-1R-CO2H	(1R,2R)-2-aminocyclohexane-1-carboxylic acid	2R-amino-cyclohexane-1R-CO2H	(1R,2R)-2-aminocyclohexanecarboxylic acid	Backbone	beta	Leu	143.186	0.5884999999999998	63.32000000000001	9.4	TRUE	N[C@H]1[C@@H](CCCC1)C(=O)O	USQHEVWOPJDAAX-PHDIDXHHSA-N
D-aMePhe_4F	(R)-2-amino-3-(4-fluorophenyl)-2-methylpropanoic acid	D-aMePhe(4-F)	(2R)-2-amino-2-((4-fluorophenyl)methyl)propanoic acid	Backbone	alpha	Phe	197.209	1.1702	63.32000000000001	7.8	TRUE	N[C@](C)(Cc1(ccc(F)cc1))C(=O)O	BBRMBENCQBOTHY-SNVBAGLBSA-N
bAla_3RBn_4OH	(R)-3-amino-4-(4-hydroxyphenyl)butanoic acid	bAla(3R-Bn(4-OH))	(3R)-3-amino-4-(4-hydroxyphenyl)butanoic acid	Backbone	beta	Tyr	195.21799999999996	0.7367000000000001	83.55	12.3	TRUE	N[C@H](Cc1(ccc(O)cc1))CC(=O)O	VUNPIAMEJXBAFP-MRVPVSSYSA-N
D-Ala_13benzodioxol5yl	(R)-2-amino-3-(benzo[d][1,3]dioxol-5-yl)propanoic acid	D-Ala(1,3-benzodioxol-5-yl)	(2R)-2-amino-3-(7,9-dioxabicyclo[4.3.0]nona-1,3,5-trien-3-yl)propanoic acid	Backbone	alpha	Tyr	209.20099999999996	0.36969999999999986	81.78	4.4	TRUE	N[C@H](Cc2(ccc1(OCOc1c2)))C(=O)O	XHBLRJRZRFZSGW-SSDOTTSWSA-N
Phe_pyrid3yl	(S)-2-amino-3-(4-(pyridin-3-yl)phenyl)propanoic acid	Phe(pyrid-3-yl)	(2S)-2-amino-3-(4-(pyridin-3-yl)phenyl)propanoic acid	Backbone	alpha	Phe	242.278	1.703	76.21	6	TRUE	N[C@@H](Cc1(ccc(cc1)c2(cccnc2)))C(=O)O	HWAKOCNTLFYOFR-ZDUSSCGKSA-N
Phe_25diCl	(S)-2-amino-3-(2,5-dichlorophenyl)propanoic acid	Phe(2,5-diCl)	(2S)-2-amino-3-(2,5-dichlorophenyl)propanoic acid	Backbone	alpha	Phe	234.082	1.9478	63.32000000000001	4.9	TRUE	N[C@@H](Cc1(cc(Cl)ccc1Cl))C(=O)O	SDKIMTATYJGPBJ-QMMMGPOBSA-N
aCbz4-NH2Gaba	(S)-4-amino-5-((4-aminobenzyl)oxy)-5-oxopentanoic acid	aCbz(4-NH2)Gaba	(4S)-4-amino-4-((((4-aminophenyl)methyl)oxy)carbonyl)butanoic acid	Backbone	gamma	X	252.26999999999995	0.5040999999999991	115.64	3	TRUE	N[C@H](C(=O)OCc1(ccc(N)cc1))CCC(=O)O	JFYMDVPMPMTFKA-JTQLQIEISA-N
bAla_3RMe_PhEt	(R,E)-3-amino-6-phenylhex-5-enoic acid	bAla(3R-Me,PhEt)	(3R,5E)-3-amino-6-phenylhex-5-enoic acid	Backbone	beta	X	205.25699999999998	1.8919	63.32000000000001	3.6	TRUE	N[C@H](C/C=C/c1ccccc1)CC(=O)O	BYMYELCZQGMMKN-TZOMUSMUSA-N
Lys_propionyl	N6-propionyl-L-lysine	Lys(propionyl)	(2S)-2-amino-6-ethylcarbonylaminohexanoic acid	Backbone	alpha	Lys	202.254	0.09479999999999905	92.42	19.1	TRUE	N[C@@H](CCCCNC(=O)CC)C(=O)O	PCANIHQHQYUJPY-ZETCQYMHSA-N
D-Cys_NH2	S-amino-D-cysteine	D-Cys(NH2)	(2S)-2-amino-3-(aminosulfanyl)propanoic acid	Backbone	alpha	Cys	136.17600000000002	-0.9947999999999999	89.34	6.7	TRUE	N[C@H](CSN)C(=O)O	BIZJDMCTNSRKLZ-UWTATZPHSA-N
Asp-Oallyl	(S)-4-(allyloxy)-3-amino-4-oxobutanoic acid	Asp-Oallyl	(3S)-3-amino-3-(((prop-2-en-1-yl)oxy)carbonyl)propanoic acid	Backbone	beta	X	173.16799999999998	-0.4824000000000002	89.62000000000002	4.9	TRUE	N[C@H](C(=O)OCC=C)CC(=O)O	KHIQYWBMJLMXHH-YFKPBYRVSA-N
D-Nle_Pr	(R)-2-aminononanoic acid	D-Nle(Pr)	(2R)-2-aminononanoic acid	Backbone	alpha	X	173.256	1.7588	63.32000000000001	11.1	TRUE	N[C@H](CCCCCCC)C(=O)O	JVPFOKXICYJJSC-MRVPVSSYSA-N
D-Nle_but3enyl	(R)-2-aminodec-9-enoic acid	D-Nle(but-3-enyl)	(2R)-2-aminodec-9-enoic acid	Backbone	alpha	X	185.267	1.9248999999999998	63.32000000000001	6.2	TRUE	N[C@H](CCCCCCC=C)C(=O)O	XDHWDJVNBSJHRY-SECBINFHSA-N
NMe-D-Phe_4F	(R)-3-(4-fluorophenyl)-2-(methylamino)propanoic acid	Me-D-Phe(4-F)	(2R)-3-(4-fluorophenyl)-2-(methylamino)propanoic acid	Backbone	alpha	Phe	197.209	1.0407999999999997	49.33	8.3	TRUE	N(C)[C@H](Cc1(ccc(F)cc1))C(=O)O	RQAMVTQIJKZDAC-SECBINFHSA-N
Deg_g_gdiEt	2-amino-2-butylhexanoic acid	Deg(g,g-diEt)	2-amino-2-butylhexanoic acid	Backbone	alpha	X	187.28300000000002	2.1489	63.32000000000001	11.1	TRUE	NC(CCCC)(CCCC)C(=O)O	CAITYLFVJGDODP-UHFFFAOYSA-N
Arg-Gly	L-arginylglycine	Arg-Gly	2-((1S)-1-amino-4-(((amino)(imino)methyl)amino)butylcarbonylamino)acetic acid	Backbone	alpha	Gly	231.256	-2.222229999999998	154.32	12.7	TRUE	N(C(=O)[C@@H](N)CCCNC(=N)N)CC(=O)O	XUUXCWCKKCZEAW-YFKPBYRVSA-N
bAla_3RPh_2Cl	(S)-3-amino-3-(2-chlorophenyl)propanoic acid	bAla(3R-Ph(2-Cl))	(3S)-3-amino-3-(2-chlorophenyl)propanoic acid	Backbone	beta	X	199.63699999999994	1.8145000000000002	63.32000000000001	8.1	TRUE	N[C@H](c1(ccccc1Cl))CC(=O)O	NXXFYRJVRISCCP-QMMMGPOBSA-N
D-Ala_thien2yl_5Br	(R)-2-amino-3-(5-bromothiophen-2-yl)propanoic acid	D-Ala(thien-2-yl(5-Br))	(2R)-2-amino-3-(5-bromothiophen-2-yl)propanoic acid	Backbone	alpha	Phe	250.11699999999996	1.465	63.32000000000001	5	TRUE	N[C@H](Cc1(ccc(Br)s1))C(=O)O	LKORPMMOJAJYLC-RXMQYKEDSA-N
bAla_3naphth2yl	3-amino-3-(naphthalen-2-yl)propanoic acid	bAla(3-naphth-2-yl)	3-amino-3-(naphthalen-2-yl)propanoic acid	Backbone	beta	X	215.25199999999995	2.3143000000000002	63.32000000000001	7.3	TRUE	NC(c2(ccc1(ccccc1c2)))CC(=O)O	JASNXOXPNZWQRV-UHFFFAOYSA-N
bAla_3SPh_3F	(R)-3-amino-3-(3-fluorophenyl)propanoic acid	bAla(3S-Ph(3-F))	(3R)-3-amino-3-(3-fluorophenyl)propanoic acid	Backbone	beta	X	183.18199999999996	1.3002000000000002	63.32000000000001	10	TRUE	N[C@@H](c1(cccc(F)c1))CC(=O)O	GZNJUJNKZBHINS-MRVPVSSYSA-N
bAc6c	2-(1-aminocyclohexyl)acetic acid	bAc6c	2-(1-aminocyclohexyl)acetic acid	Backbone	beta	X	157.21300000000002	1.1227	63.32000000000001	10.8	TRUE	NC1(CCCCC1)CC(=O)O	JTBWDIQPPZCDHV-UHFFFAOYSA-N
5-azaspiro24heptane-6-CO2H	(S)-5-azaspiro[2.4]heptane-6-carboxylic acid	5-azaspiro[2.4]heptane-6-CO2H	(6S)-5-azaspiro[2.4]heptane-6-carboxylic acid	Backbone	alpha	Pro	141.17000000000002	0.2131	49.33	8.1	TRUE	N2[C@@H](CC1(CC1)C2)C(=O)O	HWOAMAASOUOLEG-YFKPBYRVSA-N
b2Ac3c	1-(aminomethyl)cyclopropane-1-carboxylic acid	b2Ac3c	1-(aminomethyl)cyclopropanecarboxylic acid	Backbone	beta	X	115.13199999999998	-0.19009999999999977	63.32000000000001	13.4	TRUE	NCC1(CC1)C(=O)O	MJQJJFZHAQFTDZ-UHFFFAOYSA-N
bAla_2Ph	3-amino-2-phenylpropanoic acid	bAla(2-Ph)	3-amino-2-phenylpropanoic acid	Backbone	beta	X	165.19199999999995	0.8135000000000001	63.32000000000001	15.9	TRUE	NCC(c1(ccccc1))C(=O)O	LRCYAJZPDFSJPQ-UHFFFAOYSA-N
bAla_3RBn_24_5triF	(R)-3-amino-4-(2,4,5-trifluorophenyl)butanoic acid	bAla(3R-Bn(2,4,5-triF))	(3R)-3-amino-4-(2,4,5-trifluorophenyl)butanoic acid	Backbone	beta	Phe	233.18899999999996	1.4484000000000001	63.32000000000001	9.8	TRUE	N[C@H](Cc1(cc(F)c(F)cc1F))CC(=O)O	KEFQQJVYCWLKPL-ZCFIWIBFSA-N
bAla_2OH	3-amino-2-hydroxypropanoic acid	bAla(2-OH)	3-amino-2-hydroxypropanoic acid	Backbone	beta	X	105.09299999999999	-1.6093999999999997	83.55	15.6	TRUE	NCC(O)C(=O)O	BMYNFMYTOJXKLE-UHFFFAOYSA-N
D-Tyr_3F	(R)-2-amino-3-(3-fluoro-4-hydroxyphenyl)propanoic acid	D-Tyr(3-F)	(2R)-2-amino-3-(3-fluoro-4-hydroxyphenyl)propanoic acid	Backbone	alpha	Tyr	199.18099999999995	0.48570000000000013	83.55	3.8	TRUE	N[C@H](Cc1(ccc(O)c(F)c1))C(=O)O	VIIAUOZUUGXERI-SSDOTTSWSA-N
D-Phg_3OH	(R)-2-amino-2-(3-hydroxyphenyl)acetic acid	D-Phg(3-OH)	(2R)-2-amino-2-(3-hydroxyphenyl)acetic acid	Backbone	alpha	X	167.16399999999996	0.4766	83.55	8.4	TRUE	N[C@H](c1(cccc(O)c1))C(=O)O	DQLYTFPAEVJTFM-SSDOTTSWSA-N
D-Phg_3OMe	(R)-2-amino-2-(3-methoxyphenyl)acetic acid	D-Phg(3-OMe)	(2R)-2-amino-2-(3-methoxyphenyl)acetic acid	Backbone	alpha	X	181.19099999999997	0.7796000000000001	72.55	7.8	TRUE	N[C@H](c1(cccc(OC)c1))C(=O)O	UMKVNPOZWRHJPM-MRVPVSSYSA-N
D-Gly_cBu	(R)-2-amino-2-cyclobutylacetic acid	D-Gly(cBu)	(2R)-2-amino-2-cyclobutylacetic acid	Backbone	alpha	X	129.15900000000002	0.19839999999999985	63.32000000000001	4.8	TRUE	N[C@H](C1(CCC1))C(=O)O	FZENWFNLDOYYFB-RXMQYKEDSA-N
bAib	3-amino-2-methylpropanoic acid	bAib	3-amino-2-methylpropanoic acid	Backbone	beta	Ala	103.12099999999998	-0.3342000000000001	63.32000000000001	18.1	TRUE	NCC(C)C(=O)O	QCHPKSFMDHPSNR-UHFFFAOYSA-N
aMebAla_3Me	3-amino-3-methylbutanoic acid	aMebAla(3-Me)	3-amino-3-methylbutanoic acid	Backbone	beta	Ala	117.14799999999998	0.19839999999999985	63.32000000000001	14.1	TRUE	NC(C)(C)CC(=O)O	NFQAIWOMJQWGSS-UHFFFAOYSA-N
Phe_4Ph_3Cl	(S)-2-amino-3-(3'-chloro-[1,1'-biphenyl]-4-yl)propanoic acid	Phe(4-Ph(3-Cl))	(2S)-2-amino-3-(4-(3-chlorophenyl)phenyl)propanoic acid	Backbone	alpha	Phe	275.735	2.961400000000001	63.32000000000001	4.8	TRUE	N[C@@H](Cc1(ccc(cc1)c2(cccc(Cl)c2)))C(=O)O	TYODQDGKOZCVHK-AWEZNQCLSA-N
Phe_23diCl	(S)-2-amino-3-(2,3-dichlorophenyl)propanoic acid	Phe(2,3-diCl)	(2S)-2-amino-3-(2,3-dichlorophenyl)propanoic acid	Backbone	alpha	Phe	234.08199999999997	1.9478000000000002	63.32000000000001	3.1	TRUE	N[C@@H](Cc1(cccc(Cl)c1Cl))C(=O)O	NVDAAIHKUHFKOL-ZETCQYMHSA-N
D-Phe_3OCF3	(R)-2-amino-3-(3-(trifluoromethoxy)phenyl)propanoic acid	D-Phe(3-OCF3)	(2R)-2-amino-3-(3-((trifluoromethyl)oxy)phenyl)propanoic acid	Backbone	alpha	Tyr	249.18799999999993	1.5396	72.55	3.1	TRUE	N[C@H](Cc1(cccc(OC(F)(F)F)c1))C(=O)O	NIONQVYUGGCUHI-MRVPVSSYSA-N
D-hPhe_3F	(R)-2-amino-4-(3-fluorophenyl)butanoic acid	D-hPhe(3-F)	(2R)-2-amino-4-(3-fluorophenyl)butanoic acid	Backbone	alpha	Phe	197.20899999999997	1.1702	63.32000000000001	6.6	TRUE	N[C@H](CCc1(cccc(F)c1))C(=O)O	IBUPJVAZBFPWLJ-SECBINFHSA-N
D-Tyr_CF3	(R)-2-amino-3-(4-(trifluoromethoxy)phenyl)propanoic acid	D-Tyr(CF3)	(2R)-2-amino-3-(4-((trifluoromethyl)oxy)phenyl)propanoic acid	Backbone	alpha	Tyr	249.18799999999996	1.5396000000000003	72.55	3.2	TRUE	N[C@H](Cc1(ccc(OC(F)(F)F)cc1))C(=O)O	YZXUCQCJZKJMIR-MRVPVSSYSA-N
NMe-6-Ahx	6-(methylamino)hexanoic acid	Me-6-Ahx	6-(methylamino)hexanoic acid	Backbone	epsilon	Gly	145.202	0.8507999999999998	49.33	19	TRUE	N(C)CCCCCC(=O)O	XRUDAAKPTLVBMB-UHFFFAOYSA-N
NMe-Phe_2F	(S)-3-(2-fluorophenyl)-2-(methylamino)propanoic acid	Me-Phe(2-F)	(2S)-3-(2-fluorophenyl)-2-(methylamino)propanoic acid	Backbone	alpha	Phe	197.20899999999995	1.0407999999999997	49.33	6.7	TRUE	N(C)[C@@H](Cc1(ccccc1F))C(=O)O	CCDCDPCWLAPDAQ-VIFPVBQESA-N
4-amino-cHex-1-CO2H	4-aminocyclohexane-1-carboxylic acid	4-amino-cHex-1-CO2H	4-aminocyclohexanecarboxylic acid	Backbone	delta	Ala	143.186	0.5884999999999998	63.32000000000001	15.6	TRUE	NC1CCC(CC1)C(=O)O	DRNGLYHKYPNTEA-UHFFFAOYSA-N
Nle_4Et	(S)-2-amino-4-ethylhexanoic acid	Nle(4-Et)	(2S)-2-amino-4-ethylhexanoic acid	Backbone	alpha	Leu	159.229	1.2245999999999997	63.32000000000001	13	TRUE	N[C@@H](CC(CC)CC)C(=O)O	FNTZSUXNNTXOEI-ZETCQYMHSA-N
NMe-Ac3c	1-(methylamino)cyclopropane-1-carboxylic acid	Me-Ac3c	1-(methylamino)cyclopropanecarboxylic acid	Backbone	alpha	X	115.13199999999999	-0.17700000000000032	49.33	14.3	TRUE	N(C)C1(CC1)C(=O)O	ZCLBLSZZIRMCLZ-UHFFFAOYSA-N
NMe-Ac4c	1-(methylamino)cyclobutane-1-carboxylic acid	Me-Ac4c	1-(methylamino)cyclobutanecarboxylic acid	Backbone	alpha	X	129.15900000000002	0.2131	49.33	9.6	TRUE	N(C)C1(CCC1)C(=O)O	ZGIIYBQFEOZGIX-UHFFFAOYSA-N
NMe-Ac6c	1-(methylamino)cyclohexane-1-carboxylic acid	Me-Ac6c	1-(methylamino)cyclohexanecarboxylic acid	Backbone	alpha	X	157.21300000000002	0.9932999999999998	49.33	11.9	TRUE	N(C)C1(CCCCC1)C(=O)O	HVYIHHARGXZADR-UHFFFAOYSA-N
NBn2NO2-G	(2-nitrobenzyl)glycine	Bn(2-NO2)-Gly	2-(((2-nitrophenyl)methyl)amino)acetic acid	Backbone	alpha	Gly	210.18899999999996	0.7689999999999999	92.47000000000001	6.8	TRUE	N(Cc1(ccccc1[N+](=O)[O-]))CC(=O)O	PRJCIUDMDQNJCJ-UHFFFAOYSA-N
NBn3Cl-G	(3-chlorobenzyl)glycine	Bn(3-Cl)-Gly	2-(((3-chlorophenyl)methyl)amino)acetic acid	Backbone	alpha	Gly	199.63699999999997	1.5142	49.33	12.1	TRUE	N(Cc1(cccc(Cl)c1))CC(=O)O	AVQLNLPZBVURGB-UHFFFAOYSA-N
pyrrolidin-3-ylAc	2-(pyrrolidin-3-yl)acetic acid	pyrrolidin-3-ylAc	2-(pyrrolidin-3-yl)acetic acid	Backbone	gamma	Pro	129.15900000000002	0.07059999999999994	49.33	12.8	TRUE	N1CC(CC1)CC(=O)O	OUENRUZPZZFMCA-UHFFFAOYSA-N
Ala_13benzodioxol5yl	(S)-2-amino-3-(benzo[d][1,3]dioxol-5-yl)propanoic acid	Ala(1,3-benzodioxol-5-yl)	(2S)-2-amino-3-(7,9-dioxabicyclo[4.3.0]nona-1,3,5-trien-3-yl)propanoic acid	Backbone	alpha	Tyr	209.20099999999996	0.36969999999999986	81.78	5.3	TRUE	N[C@@H](Cc2(ccc1(OCOc1c2)))C(=O)O	XHBLRJRZRFZSGW-ZETCQYMHSA-N
D-Ala_I	(R)-2-amino-3-iodopropanoic acid	D-Ala(I)	(2R)-2-amino-3-iodopropanoic acid	Backbone	alpha	X	214.98999999999998	-0.1666999999999999	63.32000000000001	4.7	TRUE	N[C@@H](CI)C(=O)O	DIZAJUVUZKMLQL-REOHCLBHSA-N
D-Phe_2CONH2	(R)-2-amino-3-(2-carbamoylphenyl)propanoic acid	D-Phe(2-CONH2)	(2R)-2-amino-3-(2-carbamoylphenyl)propanoic acid	Backbone	alpha	Phe	208.21699999999996	-0.2601000000000003	106.41000000000001	3.7	TRUE	N[C@H](Cc1(ccccc1C(=O)N))C(=O)O	QDQWGGPXZQIUPR-MRVPVSSYSA-N
D-Phe_2I	(R)-2-amino-3-(2-iodophenyl)propanoic acid	D-Phe(2-I)	(2R)-2-amino-3-(2-iodophenyl)propanoic acid	Backbone	alpha	Phe	291.088	1.2456000000000003	63.32000000000001	3.3	TRUE	N[C@H](Cc1(ccccc1I))C(=O)O	BKXVGLPBXYBDDM-MRVPVSSYSA-N
Tyr_2Me_5F	(S)-2-amino-3-(3-fluoro-4-hydroxy-5-methylphenyl)propanoic acid	Tyr(2-Me,5-F)	(2S)-2-amino-3-(3-fluoro-4-hydroxy-5-methylphenyl)propanoic acid	Backbone	alpha	Tyr	213.20799999999997	0.79412	83.55	2.9	TRUE	N[C@@H](Cc1(cc(C)c(O)c(F)c1))C(=O)O	FPZCEHPJOPQTQD-QMMMGPOBSA-N
D-Hse_Me	O-methyl-D-homoserine	D-Hse(Me)	(2R)-2-amino-4-methoxybutanoic acid	Backbone	alpha	Ser	133.147	-0.5652000000000004	72.55	9.7	TRUE	N[C@H](CCOC)C(=O)O	KFHRMMHGGBCRIV-SCSAIBSYSA-N
D-aMeDap	(R)-2,3-diamino-2-methylpropanoic acid	D-aMeDap	(2R)-2-amino-2-(aminomethyl)propanoic acid	Backbone	alpha	X	118.13599999999998	-1.2528999999999997	89.34	9.9	TRUE	N[C@](C)(CN)C(=O)O	BJVNVLORPOBATD-SCSAIBSYSA-N
NMe-D-Dap	(R)-3-amino-2-(methylamino)propanoic acid	Me-D-Dap	(2R)-3-amino-2-(methylamino)propanoic acid	Backbone	alpha	X	118.13599999999998	-1.382299999999999	75.35	10.7	TRUE	N(C)[C@H](CN)C(=O)O	LYESEIVAYITDEH-GSVOUGTGSA-N
Aib-Aib	2-(2-amino-2-methylpropanamido)-2-methylpropanoic acid	Aib-Aib	2-(2-aminopropan-2-ylcarbonylamino)-2-methylpropanoic acid	Backbone	alpha	Ala	188.22699999999998	-0.2969	92.42	6.2	TRUE	N(C(=O)C(C)(C)N)C(C)(C)C(=O)O	NRMLUZKYISNRAH-UHFFFAOYSA-N
NMe-D-Phe_4Ph	(R)-3-([1,1'-biphenyl]-4-yl)-2-(methylamino)propanoic acid	Me-D-Phe(4-Ph)	(2R)-2-(methylamino)-3-(4-phenylphenyl)propanoic acid	Backbone	alpha	Phe	255.317	2.5686999999999998	49.33	6.6	TRUE	N(C)[C@H](Cc1(ccc(cc1)c2(ccccc2)))C(=O)O	ZRCUZTGKMSPCBH-OAHLLOKOSA-N
bAla_3SMe_PhEt	(S,E)-3-amino-6-phenylhex-5-enoic acid	bAla(3S-Me,PhEt)	(3S,5E)-3-amino-6-phenylhex-5-enoic acid	Backbone	beta	X	205.25699999999998	1.8919	63.32000000000001	3.6	TRUE	N[C@@H](C/C=C/c1ccccc1)CC(=O)O	BYMYELCZQGMMKN-ZPMKCOPCSA-N
D-Phe_4Sdihydroorotamido	(R)-2-amino-3-(4-((S)-2,6-dioxohexahydropyrimidine-4-carboxamido)phenyl)propanoic acid	D-Phe(4-S-dihydroorotamido)	(2R)-2-amino-3-(4-((4S)-2,6-dioxo-1,3-diazacyclohexan-4-ylcarbonylamino)phenyl)propanoic acid	Backbone	alpha	Phe	320.305	-0.8223999999999989	150.61999999999998	3.1	TRUE	N[C@H](Cc1(ccc(cc1)NC(=O)[C@@H]2(CC(=O)NC(=O)N2)))C(=O)O	OLPMLGPIXOYZDU-ZJUUUORDSA-N
Phe_4Ph_3CN	(S)-2-amino-3-(3'-cyano-[1,1'-biphenyl]-4-yl)propanoic acid	Phe(4-Ph(3-CN))	(2S)-2-amino-3-(4-(3-(nitrilomethyl)phenyl)phenyl)propanoic acid	Backbone	alpha	Phe	266.29999999999995	2.17968	87.11	3.9	TRUE	N[C@@H](Cc1(ccc(cc1)c2(cccc(C#N)c2)))C(=O)O	LXWUNEPCKFFJBA-HNNXBMFYSA-N
Abu_Br	(S)-2-amino-4-bromobutanoic acid	Abu(Br)	(2S)-2-amino-4-bromobutanoic acid	Backbone	alpha	X	182.017	0.18329999999999974	63.32000000000001	6.7	TRUE	N[C@@H](CCBr)C(=O)O	LMYNKFDVIZBWDF-VKHMYHEASA-N
bAla_3SPh_23diOMe	(R)-3-amino-3-(2,3-dimethoxyphenyl)propanoic acid	bAla(3S-Ph(2,3-diOMe))	(3R)-3-amino-3-(2,3-dimethoxyphenyl)propanoic acid	Backbone	beta	X	225.24399999999994	1.1783000000000001	81.78	5.3	TRUE	N[C@@H](c1(cccc(OC)c1OC))CC(=O)O	XZFWLSJPXJTSMZ-MRVPVSSYSA-N
bAla_3Rthien3yl	(S)-3-amino-3-(thiophen-3-yl)propanoic acid	bAla(3R-thien-3-yl)	(3S)-3-amino-3-(thiophen-3-yl)propanoic acid	Backbone	beta	X	171.22099999999998	1.2226000000000001	63.32000000000001	7.6	TRUE	N[C@H](c1(ccsc1))CC(=O)O	UPDVATYZQLTZOZ-LURJTMIESA-N
NMe-D-Tyr_Me	(R)-3-(4-methoxyphenyl)-2-(methylamino)propanoic acid	Me-D-Tyr(Me)	(2R)-3-(4-methoxyphenyl)-2-(methylamino)propanoic acid	Backbone	alpha	Tyr	209.24499999999998	0.9102999999999997	58.56	9.2	TRUE	N(C)[C@H](Cc1(ccc(OC)cc1))C(=O)O	QESMMBKGCOSBNL-SNVBAGLBSA-N
NMe-D-Phe_2F	(R)-3-(2-fluorophenyl)-2-(methylamino)propanoic acid	Me-D-Phe(2-F)	(2R)-3-(2-fluorophenyl)-2-(methylamino)propanoic acid	Backbone	alpha	Phe	197.20899999999995	1.0407999999999997	49.33	10.6	TRUE	N(C)[C@H](Cc1(ccccc1F))C(=O)O	CCDCDPCWLAPDAQ-SECBINFHSA-N
Phe_3cPr	(S)-2-amino-3-(3-cyclopropylphenyl)propanoic acid	Phe(3-cPr)	(2S)-2-amino-3-(3-cyclopropylphenyl)propanoic acid	Backbone	alpha	Phe	205.25699999999995	1.5184000000000002	63.32000000000001	2.9	TRUE	N[C@@H](Cc1(cccc(c1)C2(CC2)))C(=O)O	YZLGSWFYMJNKHQ-NSHDSACASA-N
Abu_I	(S)-2-amino-4-iodobutanoic acid	Abu(I)	(2S)-2-amino-4-iodobutanoic acid	Backbone	alpha	X	229.017	0.2234	63.32000000000001	4	TRUE	N[C@@H](CCI)C(=O)O	VXWWJFXFTVBJAH-VKHMYHEASA-N
D-4-aza-Pip	(R)-piperazine-2-carboxylic acid	D-4-aza-Pip	(2R)-piperazine-2-carboxylic acid	Backbone	alpha	Pro	130.14700000000002	-1.3675999999999993	61.36	10.8	TRUE	N1[C@H](CNCC1)C(=O)O	JSSXHAMIXJGYCS-SCSAIBSYSA-N
aThr_Et	O-ethyl-L-allothreonine	aThr(Et)	(2S,3S)-2-amino-3-ethoxybutanoic acid	Backbone	alpha	Thr	147.174	-0.17670000000000036	72.55	7.2	TRUE	N[C@@H]([C@@H](OCC)C)C(=O)O	LULHTUNPBBMNSJ-WHFBIAKZSA-N
D-aMePhe_3F	(R)-2-amino-3-(3-fluorophenyl)-2-methylpropanoic acid	D-aMePhe(3-F)	(2R)-2-amino-2-((3-fluorophenyl)methyl)propanoic acid	Backbone	alpha	Phe	197.20899999999997	1.1702	63.32000000000001	5	TRUE	N[C@](C)(Cc1(cccc(F)c1))C(=O)O	FQZGACCJFXQSCQ-SNVBAGLBSA-N
Aze_b_bdiMe	(S)-3,3-dimethylazetidine-2-carboxylic acid	Aze(b,b-diMe)	(2S)-3,3-dimethylazetidine-2-carboxylic acid	Backbone	alpha	Pro	129.159	0.06899999999999967	49.33	6.2	TRUE	N1[C@@H](C(C)(C)C1)C(=O)O	AWQHNYKQPOONLR-SCSAIBSYSA-N
bAla_2F	3-amino-2-fluoropropanoic acid	bAla(2-F)	3-amino-2-fluoropropanoic acid	Backbone	beta	X	107.08399999999997	-0.6322000000000003	63.32000000000001	8.5	TRUE	NCC(F)C(=O)O	OJQNRNQELNLWHH-UHFFFAOYSA-N
Phe_4vinyl	(S)-2-amino-3-(4-vinylphenyl)propanoic acid	Phe(4-vinyl)	(2S)-2-amino-3-(4-ethenylphenyl)propanoic acid	Backbone	alpha	Phe	191.23	1.284	63.32000000000001	5.6	TRUE	N[C@@H](Cc1(ccc(C=C)cc1))C(=O)O	FEXQXSKTRZQJLH-JTQLQIEISA-N
D-Phe_4vinyl	(R)-2-amino-3-(4-vinylphenyl)propanoic acid	D-Phe(4-vinyl)	(2R)-2-amino-3-(4-ethenylphenyl)propanoic acid	Backbone	alpha	Phe	191.23	1.284	63.32000000000001	4.5	TRUE	N[C@H](Cc1(ccc(C=C)cc1))C(=O)O	FEXQXSKTRZQJLH-SNVBAGLBSA-N
D-Cys_benzhydryl	S-benzhydryl-D-cysteine	D-Cys(benzhydryl)	(2S)-2-amino-3-((diphenylmethyl)sulfanyl)propanoic acid	Backbone	alpha	Cys	287.384	2.921100000000001	63.32000000000001	5	TRUE	N[C@H](CSC(c1(ccccc1))c2(ccccc2))C(=O)O	SHOGZCIBPYFZRP-CQSZACIVSA-N
Cys_MeNH2	S-(aminomethyl)-L-cysteine	Cys(MeNH2)	(2R)-2-amino-3-(aminomethylsulfanyl)propanoic acid	Backbone	alpha	Cys	150.203	-0.9522999999999999	89.34	7.3	TRUE	N[C@@H](CSCN)C(=O)O	JYURMMBKQADGPI-VKHMYHEASA-N
D-aMeMet	(R)-2-amino-2-methyl-4-(methylthio)butanoic acid	D-aMeMet	(2R)-2-amino-2-methyl-4-(methylsulfanyl)butanoic acid	Backbone	alpha	Met	163.242	0.5415000000000001	63.32000000000001	6.3	TRUE	N[C@](C)(CCSC)C(=O)O	ZYVMPHJZWXIFDQ-ZCFIWIBFSA-N
Thr_Et	O-ethyl-L-threonine	Thr(Et)	(2S,3R)-2-amino-3-ethoxybutanoic acid	Backbone	alpha	Thr	147.174	-0.17670000000000036	72.55	9.7	TRUE	N[C@@H]([C@H](OCC)C)C(=O)O	LULHTUNPBBMNSJ-UHNVWZDZSA-N
Thr-Thr	L-threonyl-L-threonine	Thr-Thr	(2S,3R)-2-((1S,2R)-1-amino-2-hydroxypropylcarbonylamino)-3-hydroxybutanoic acid	Backbone	alpha	Thr	220.225	-2.355299999999999	132.88	7.7	TRUE	N(C(=O)[C@@H](N)[C@H](O)C)[C@@H]([C@H](O)C)C(=O)O	DSGIVWSDDRDJIO-ZXXMMSQZSA-N
D-Lys_palmitoyl	N6-palmitoyl-D-lysine	D-Lys(palmitoyl)	(2R)-2-amino-6-(pentadecylcarbonylamino)hexanoic acid	Backbone	alpha	Lys	384.6050000000002	5.166100000000003	92.42	4	TRUE	CCCCCCCCCCCCCCCC(=O)NCCCC[C@@H](N)C(=O)O	IWKZTTDNVPAHNP-HXUWFJFHSA-N
bAla_3SAlloc	(R)-4-(allyloxy)-3-amino-4-oxobutanoic acid	D-Asp-Oallyl	(3R)-3-amino-3-(((prop-2-en-1-yl)oxy)carbonyl)propanoic acid	Backbone	beta	X	173.16799999999998	-0.4824000000000002	89.62000000000002	3.6	TRUE	N[C@@H](C(=O)OCC=C)CC(=O)O	KHIQYWBMJLMXHH-RXMQYKEDSA-N
D-Glu_ODmab	(R)-2-amino-5-(1-(4,4-dimethyl-2,6-dioxocyclohexylidene)-3-methylbutoxy)-5-oxopentanoic acid	D-Glu(ODmab)	(2R)-2-amino-4-(((1-(4,4-dimethyl-2,6-dioxocyclohexylidene)-3-methylbutyl)oxy)carbonyl)butanoic acid	Backbone	alpha	Glu	353.41500000000013	1.9800999999999997	123.76	2.3	TRUE	N[C@H](CCC(=O)OC(CC(C)C)=C1(C(=O)CC(C)(C)CC1=O))C(=O)O	UJPHTRWPYMGLAC-LLVKDONJSA-N
D-aCbzGaba	(R,E)-4-amino-5-((4-((1-(2-hydroxy-4,4-dimethyl-6-oxocyclohex-1-en-1-yl)-3-methylbutylidene)amino)benzyl)oxy)-5-oxopentanoic acid	D-aCbzGaba	(4R)-4-amino-4-(((4-(((1E)-1-(2-hydroxy-4,4-dimethyl-6-oxocyclohex-1-en-1-yl)-3-methylbutylidene)amino)phenyl)methoxy)carbonyl)butanoic acid	Backbone	gamma	X	458.5550000000003	4.2417000000000025	139.28	2.5	TRUE	N[C@@H](C(=O)OCc1ccc(/N=C(\CC(C)C)C2=C(O)CC(C)(C)CC2=O)cc1)CCC(=O)O	KWWLZERSYBBUCA-QPMDJBEASA-N
Glu_OEt	(S)-2-amino-5-ethoxy-5-oxopentanoic acid	Glu(OEt)	(2S)-2-amino-4-(ethoxycarbonyl)butanoic acid	Backbone	alpha	Glu	175.18399999999997	-0.25840000000000046	89.62000000000002	7.4	TRUE	N[C@@H](CCC(=O)OCC)C(=O)O	XMQUEQJCYRFIQS-YFKPBYRVSA-N
Lys_but2enoyl	(E)-N6-(but-2-enoyl)-L-lysine	Lys(but-2-enoyl)	(2S)-2-amino-6-((1E)-prop-1-en-1-ylcarbonylamino)hexanoic acid	Backbone	alpha	Lys	214.26500000000001	0.26089999999999985	92.42	17.5	TRUE	N[C@@H](CCCCNC(=O)/C=C/C)C(=O)O	IZHPCCLNIDDVFG-NCJLJLRUSA-N
Lys_Dabcyl	(E)-N6-(4-((4-(dimethylamino)phenyl)diazenyl)benzoyl)-L-lysine	Lys(Dabcyl)	(E)-N6-(4-((4-(dimethylamino)phenyl)diazenyl)benzoyl)-L-lysine	Backbone	alpha	Lys	397.4790000000001	3.4800000000000013	120.38000000000001	2.9	TRUE	CN(C)c1ccc(/N=N/c2ccc(C(=O)NCCCC[C@H](N)C(=O)O)cc2)cc1	UVTCXMJECIVZIB-ZFZZVZNFSA-N
Cys_PrNH2	S-(3-aminopropyl)-L-cysteine	Cys(PrNH2)	(2R)-2-amino-3-((3-aminopropyl)sulfanyl)propanoic acid	Backbone	alpha	Cys	178.25699999999998	-0.5197	89.34	12.8	TRUE	N[C@@H](CSCCCN)C(=O)O	KLGFHUHSBPGOAU-YFKPBYRVSA-N
Cys_2carboxyethyl	S-(2-carboxyethyl)-L-cysteine	Cys(2-carboxyethyl)	(2R)-2-amino-3-((3-hydroxy-3-oxopropyl)sulfanyl)propanoic acid	Backbone	alpha	Cys	193.224	-0.3938000000000004	100.62000000000002	12.9	TRUE	N[C@@H](CSCCC(=O)O)C(=O)O	FBPINGSGHKXIQA-BYPYZUCNSA-N
Phe_3OPh	(S)-2-amino-3-(3-phenoxyphenyl)propanoic acid	Phe(3-OPh)	(2S)-2-amino-3-(3-phenoxyphenyl)propanoic acid	Backbone	alpha	Tyr	257.289	2.4333	72.55	6.4	TRUE	N[C@@H](Cc2(cccc(Oc1(ccccc1))c2))C(=O)O	CVEJYSBWVPCQMR-AWEZNQCLSA-N
D-Tyr_2Me_5F	(R)-2-amino-3-(3-fluoro-4-hydroxy-5-methylphenyl)propanoic acid	D-Tyr(2-Me,5-F)	(2R)-2-amino-3-(3-fluoro-4-hydroxy-5-methylphenyl)propanoic acid	Backbone	alpha	Tyr	213.20799999999997	0.79412	83.55	2.9	TRUE	N[C@H](Cc1(cc(C)c(O)c(F)c1))C(=O)O	FPZCEHPJOPQTQD-MRVPVSSYSA-N
bAla_3SBn_3Br	(S)-3-amino-4-(3-bromophenyl)butanoic acid	bAla(3S-Bn(3-Br))	(3S)-3-amino-4-(3-bromophenyl)butanoic acid	Backbone	beta	Phe	258.11499999999995	1.7936	63.32000000000001	3.3	TRUE	N[C@@H](Cc1(cccc(Br)c1))CC(=O)O	RAIGQDRULUGHDH-VIFPVBQESA-N
bAla_3Ph_3Me	3-amino-3-(m-tolyl)propanoic acid	bAla(3-Ph(3-Me))	3-amino-3-(3-methylphenyl)propanoic acid	Backbone	beta	X	179.21899999999997	1.4695200000000002	63.32000000000001	7.9	TRUE	NC(c1(cccc(C)c1))CC(=O)O	HMLYKNGYKKJNLC-UHFFFAOYSA-N
bAla_3RPh_2F	(S)-3-amino-3-(2-fluorophenyl)propanoic acid	bAla(3R-Ph(2-F))	(3S)-3-amino-3-(2-fluorophenyl)propanoic acid	Backbone	beta	X	183.18199999999996	1.3002000000000002	63.32000000000001	9.3	TRUE	N[C@H](c1(ccccc1F))CC(=O)O	RSCLTSJQAQBNCE-QMMMGPOBSA-N
bAla_3RPh_4CF3	(S)-3-amino-3-(4-(trifluoromethyl)phenyl)propanoic acid	bAla(3R-Ph(4-CF3))	(3S)-3-amino-3-(4-(trifluoromethyl)phenyl)propanoic acid	Backbone	beta	X	233.18899999999994	2.1799	63.32000000000001	8.3	TRUE	N[C@H](c1(ccc(cc1)C(F)(F)F))CC(=O)O	ABDRZHVLIRZFQO-QMMMGPOBSA-N
Glu_OFm	(S)-5-((9H-fluoren-9-yl)methoxy)-2-amino-5-oxopentanoic acid	Glu(OFm)	(2S)-2-amino-4-((((tricyclo[7.4.0.0^{2,7}]trideca-1(13),2,4,6,9,11-hexaen-8-yl)methyl)oxy)carbonyl)butanoic acid	Backbone	alpha	Glu	325.3640000000001	2.5342000000000002	89.62000000000002	4.3	TRUE	N[C@@H](CCC(=O)OCC3(c1(ccccc1c2(ccccc23))))C(=O)O	NSLLCIQICDMDKC-KRWDZBQOSA-N
Ser_OAla	O-(L-alanyl)-L-serine	Ser(O-Ala)	(2S)-2-amino-3-((1S)-1-aminoethylcarbonyloxy)propanoic acid	Backbone	alpha	Ser	176.17199999999997	-1.7112999999999987	115.64	8.4	TRUE	N[C@@H](COC(=O)[C@H](C)N)C(=O)O	LUIRFVVZMTXCLG-IMJSIDKUSA-N
Ser_OAsp	(S)-3-amino-4-((S)-2-amino-2-carboxyethoxy)-4-oxobutanoic acid	Ser(O-Asp)	(2S)-2-amino-3-((1S)-1-amino-3-hydroxy-3-oxopropylcarbonyloxy)propanoic acid	Backbone	alpha	Ser	220.18099999999998	-2.256499999999998	152.94	2.9	TRUE	N[C@@H](COC(=O)[C@@H](N)CC(=O)O)C(=O)O	XEBMHEOSBKVUSV-IMJSIDKUSA-N
Phe-Phe	L-phenylalanyl-L-phenylalanine	Phe-Phe	(2S)-2-((1S)-1-amino-2-phenylethylcarbonylamino)-3-phenylpropanoic acid	Backbone	alpha	Phe	312.3690000000001	1.3684999999999987	92.42	12.6	TRUE	N(C(=O)[C@@H](N)Cc1(ccccc1))[C@@H](Cc2(ccccc2))C(=O)O	GKZIWHRNKRBEOH-HOTGVXAUSA-N
Phe-Gly	L-phenylalanylglycine	Phe-Gly	2-((1S)-1-amino-2-phenylethylcarbonylamino)acetic acid	Backbone	alpha	Gly	222.244	-0.24280000000000018	92.42	16.1	TRUE	N(C(=O)[C@@H](N)Cc1(ccccc1))CC(=O)O	GLUBLISJVJFHQS-VIFPVBQESA-N
Deg_g_gdivinyl	2-amino-2-(but-3-en-1-yl)hex-5-enoic acid	Deg(g,g-divinyl)	2-amino-2-(but-3-en-1-yl)hex-5-enoic acid	Backbone	alpha	X	183.25099999999998	1.7008999999999999	63.32000000000001	3.9	TRUE	NC(CCC=C)(CCC=C)C(=O)O	DQTNLFHYEDUEGJ-UHFFFAOYSA-N
aMeNle_hex5enyl	(S)-2-amino-2-methyldodec-11-enoic acid	aMeNle(hex-5-enyl)	(2S)-2-amino-2-methyldodec-11-enoic acid	Backbone	alpha	X	227.34799999999998	3.095200000000001	63.32000000000001	6.5	TRUE	N[C@@](C)(CCCCCCCCC=C)C(=O)O	NIZDOMFZGSADGL-ZDUSSCGKSA-N
bAla_3Sbenzhydryl	(R)-3-amino-4,4-diphenylbutanoic acid	bAla(3S-benzhydryl)	(3R)-3-amino-4,4-diphenylbutanoic acid	Backbone	beta	Phe	255.31699999999998	2.6205000000000007	63.32000000000001	3.6	TRUE	N[C@@H](C(c1(ccccc1))c2(ccccc2))CC(=O)O	BMWWMUHNEWGJJH-CQSZACIVSA-N
bAla_3RPh_3OH	(S)-3-amino-3-(3-hydroxyphenyl)propanoic acid	bAla(3R-Ph(3-OH))	(3S)-3-amino-3-(3-hydroxyphenyl)propanoic acid	Backbone	beta	X	181.19099999999995	0.8667	83.55	9.1	TRUE	N[C@H](c1(cccc(O)c1))CC(=O)O	NYHNEKBZZXSUNO-QMMMGPOBSA-N
bAla_3SPh_2OMe	(R)-3-amino-3-(2-methoxyphenyl)propanoic acid	bAla(3S-Ph(2-OMe))	(3R)-3-amino-3-(2-methoxyphenyl)propanoic acid	Backbone	beta	X	195.21799999999996	1.1697	72.55	7.5	TRUE	N[C@@H](c1(ccccc1OC))CC(=O)O	UAZGIQATDPCZHH-MRVPVSSYSA-N
bAla_3SPh_4OMe	(R)-3-amino-3-(4-methoxyphenyl)propanoic acid	bAla(3S-Ph(4-OMe))	(3R)-3-amino-3-(4-methoxyphenyl)propanoic acid	Backbone	beta	X	195.21799999999996	1.1697	72.55	11.3	TRUE	N[C@@H](c1(ccc(OC)cc1))CC(=O)O	NYTANCDDCQVQHG-SECBINFHSA-N
bAla_3SPh_3CF3	(R)-3-amino-3-(3-(trifluoromethyl)phenyl)propanoic acid	bAla(3S-Ph(3-CF3))	(3R)-3-amino-3-(3-(trifluoromethyl)phenyl)propanoic acid	Backbone	beta	X	233.18899999999994	2.1799	63.32000000000001	8	TRUE	N[C@@H](c1(cccc(c1)C(F)(F)F))CC(=O)O	WZXBASRNQXYUIP-MRVPVSSYSA-N
D-Asp_OEt	(R)-2-amino-4-ethoxy-4-oxobutanoic acid	D-Asp(OEt)	(2R)-2-amino-3-(ethoxycarbonyl)propanoic acid	Backbone	alpha	Asp	161.15699999999998	-0.6484999999999999	89.62000000000002	7	TRUE	N[C@H](CC(=O)OCC)C(=O)O	KALSWOYBXAHEKF-SCSAIBSYSA-N
bAla_2SOH_3SPh_3F	(2S,3S)-3-amino-3-(3-fluorophenyl)-2-hydroxypropanoic acid	bAla(2S-OH,3S-Ph(3-F))	(2S,3S)-3-amino-3-(3-fluorophenyl)-2-hydroxypropanoic acid	Backbone	beta	X	199.18099999999998	0.2710000000000002	83.55	3.8	TRUE	N[C@@H](c1(cccc(F)c1))[C@H](O)C(=O)O	XVPSWGNJNOSORO-YUMQZZPRSA-N
bAla_2SPh	(S)-3-amino-2-phenylpropanoic acid	bAla(2S-Ph)	(2S)-3-amino-2-phenylpropanoic acid	Backbone	beta	X	165.19199999999995	0.8135000000000001	63.32000000000001	10.2	TRUE	NC[C@H](c1(ccccc1))C(=O)O	LRCYAJZPDFSJPQ-MRVPVSSYSA-N
Phe_2Cl_4F	(S)-2-amino-3-(2-chloro-4-fluorophenyl)propanoic acid	Phe(2-Cl,4-F)	(2S)-2-amino-3-(2-chloro-4-fluorophenyl)propanoic acid	Backbone	alpha	Phe	217.62699999999998	1.4335000000000002	63.32000000000001	4.9	TRUE	N[C@@H](Cc1(ccc(F)cc1Cl))C(=O)O	BCUFAMXOPAUSIP-QMMMGPOBSA-N
Phg_4Br	(S)-2-amino-2-(4-bromophenyl)acetic acid	Phg(4-Br)	(2S)-2-amino-2-(4-bromophenyl)acetic acid	Backbone	alpha	X	230.06099999999998	1.5335	63.32000000000001	5.2	TRUE	N[C@@H](c1(ccc(Br)cc1))C(=O)O	APLQICUORRMFHY-ZETCQYMHSA-N
aMeS-Nip_3R	(2S,3R)-2-methylpiperidine-3-carboxylic acid	aMe(S)-Nip(3R)	(2S,3R)-2-methylpiperidine-3-carboxylic acid	Backbone	beta	Pro	143.186	0.4591	49.33	6.8	TRUE	N1[C@@H](C)[C@@H](CCC1)C(=O)O	LAWPBIIDJCWFFN-NTSWFWBYSA-N
aMeS-Nip_3S	(2S,3S)-2-methylpiperidine-3-carboxylic acid	aMe(S)-Nip(3S)	(2S,3S)-2-methylpiperidine-3-carboxylic acid	Backbone	beta	Pro	143.186	0.4591	49.33	10.4	TRUE	N1[C@@H](C)[C@H](CCC1)C(=O)O	LAWPBIIDJCWFFN-WDSKDSINSA-N
bAla_3RMob	(R)-3-amino-4-(4-methoxyphenyl)butanoic acid	bAla(3R-Mob)	(3R)-3-amino-4-(4-methoxyphenyl)butanoic acid	Backbone	beta	Tyr	209.24499999999998	1.0396999999999998	72.55	11	TRUE	N[C@H](Cc1(ccc(OC)cc1))CC(=O)O	GQFFGGKZIKRIFE-SECBINFHSA-N
D-Abu_tetrazol5yl	(R)-2-amino-4-(2H-tetrazol-5-yl)butanoic acid	D-Abu(tetrazol-5-yl)	(2R)-2-amino-4-(2H-tetrazol-5-yl)butanoic acid	Backbone	alpha	Phe	171.16000000000003	-1.4558000000000002	117.78000000000002	4.3	TRUE	N[C@H](CCc1(nn[nH]n1))C(=O)O	DXFDIQNGJWQJGA-GSVOUGTGSA-N
4-amino-cHex-1-CO2H_1s_4s	(1s,4s)-4-aminocyclohexane-1-carboxylic acid	4-amino-cHex-1-CO2H(1s,4s)	4-aminocyclohexane-1-carboxylic acid	Backbone	delta	Ala	143.186	0.5884999999999998	63.32000000000001	10.4	TRUE	N[C@H]1CC[C@H](CC1)C(=O)O	DRNGLYHKYPNTEA-OLQVQODUSA-N
Met_NH2	S-(aminomethyl)-L-homocysteine	Met(NH2)	(2S)-2-amino-4-(aminomethylsulfanyl)butanoic acid	Backbone	alpha	Met	164.23000000000002	-0.5622000000000003	89.34	6.9	TRUE	N[C@@H](CCSCN)C(=O)O	KYWBJGMQDJTVSN-BYPYZUCNSA-N
bAla_3SEtNH2	(S)-3,5-diaminopentanoic acid	bAla(3S-EtNH2)	(3S)-3,5-diaminopentanoic acid	Backbone	beta	X	132.163	-0.8628	89.34	8.1	TRUE	N[C@@H](CCN)CC(=O)O	UOYNFMVJDVKLNJ-BYPYZUCNSA-N
bAla_3REtNH2	(R)-3,5-diaminopentanoic acid	bAla(3R-EtNH2)	(3R)-3,5-diaminopentanoic acid	Backbone	beta	X	132.163	-0.8628	89.34	12.2	TRUE	N[C@H](CCN)CC(=O)O	UOYNFMVJDVKLNJ-SCSAIBSYSA-N
D-Tyr_35diBr	(R)-2-amino-3-(3,5-dibromo-4-hydroxyphenyl)propanoic acid	D-Tyr(3,5-diBr)	(2R)-2-amino-3-(3,5-dibromo-4-hydroxyphenyl)propanoic acid	Backbone	alpha	Tyr	338.98300000000006	1.8716000000000002	83.55	7.1	TRUE	N[C@H](Cc1(cc(Br)c(O)c(Br)c1))C(=O)O	COESHZUDRKCEPA-SSDOTTSWSA-N
D-Phe_4MeSO3H	(R)-2-amino-3-(4-(sulfomethyl)phenyl)propanoic acid	D-Phe(4-MeSO3H)	(2R)-2-amino-3-(4-(sulfomethyl)phenyl)propanoic acid	Backbone	alpha	Phe	259.28299999999996	0.028800000000000048	117.69000000000001	3.7	TRUE	N[C@H](Cc1(ccc(cc1)CS(=O)(=O)O))C(=O)O	ICCZHONAEMZRSG-SECBINFHSA-N
D-aMeNle_hex5enyl	(R)-2-amino-2-methyldodec-11-enoic acid	D-aMeNle(hex-5-enyl)	(2R)-2-amino-2-methyldodec-11-enoic acid	Backbone	alpha	X	227.34799999999998	3.095200000000001	63.32000000000001	5.1	TRUE	N[C@](C)(CCCCCCCCC=C)C(=O)O	NIZDOMFZGSADGL-CYBMUJFWSA-N
Ser_iPr	O-isopropyl-L-serine	Ser(iPr)	(2S)-2-amino-3-isopropoxypropanoic acid	Backbone	alpha	Ser	147.17399999999998	-0.17670000000000036	72.55	8.7	TRUE	N[C@@H](COC(C)C)C(=O)O	RWPNRIDPFQODSJ-YFKPBYRVSA-N
Asp-AMC	(S)-3-amino-4-((4-methyl-2-oxo-2H-chromen-7-yl)amino)-4-oxobutanoic acid	Asp-AMC	(3S)-3-amino-3-((5-methyl-3-oxo-2-oxabicyclo[4.4.0]deca-1(10),4,6,8-tetraen-9-yl)carbamoyl)propanoic acid	Backbone	beta	X	290.275	0.84192	122.63000000000001	3.5	TRUE	N[C@H](C(=O)Nc2(ccc1(c(C)cc(=O)oc1c2)))CC(=O)O	AAGPGZSFBVEQMU-JTQLQIEISA-N
Pro-Gly	(S)-prolylglycine	Pro-Gly	2-((2S)-pyrrolidin-2-ylcarbonylamino)acetic acid	Backbone	alpha	Gly	172.18400000000003	-1.0607999999999995	78.43	17.3	TRUE	N(C(=O)[C@@H]1(CCCN1))CC(=O)O	RNKSNIBMTUYWSH-YFKPBYRVSA-N
bAla_3RBn_34diF	(R)-3-amino-4-(3,4-difluorophenyl)butanoic acid	bAla(3R-Bn(3,4-diF))	(3R)-3-amino-4-(3,4-difluorophenyl)butanoic acid	Backbone	beta	Phe	215.19899999999996	1.3093000000000001	63.32000000000001	9.9	TRUE	N[C@H](Cc1(ccc(F)c(F)c1))CC(=O)O	LYHJWUKHUZUWDC-SSDOTTSWSA-N
bAla_3Rpyrid3ylmethyl	(R)-3-amino-4-(pyridin-3-yl)butanoic acid	bAla(3R-pyrid-3-ylmethyl)	(3R)-3-amino-4-(pyridin-3-yl)butanoic acid	Backbone	beta	Phe	180.20699999999997	0.4261000000000001	76.21	4.4	TRUE	N[C@H](Cc1(cccnc1))CC(=O)O	OODABKPTGCZGHL-MRVPVSSYSA-N
bAla_3Rpyrid4ylmethyl	(R)-3-amino-4-(pyridin-4-yl)butanoic acid	bAla(3R-pyrid-4-ylmethyl)	(3R)-3-amino-4-(pyridin-4-yl)butanoic acid	Backbone	beta	Phe	180.20699999999997	0.4261000000000001	76.21	3.6	TRUE	N[C@H](Cc1(ccncc1))CC(=O)O	HPMMXBBRJNNDBV-MRVPVSSYSA-N
bAla_3RBn_2CF3	(R)-3-amino-4-(2-(trifluoromethyl)phenyl)butanoic acid	bAla(3R-Bn(2-CF3))	(3R)-3-amino-4-(2-(trifluoromethyl)phenyl)butanoic acid	Backbone	beta	Phe	247.21599999999992	2.0499	63.32000000000001	3.6	TRUE	N[C@H](Cc1(ccccc1C(F)(F)F))CC(=O)O	VPYQIUMVXMMGSD-MRVPVSSYSA-N
bAla_3RBn_3CF3	(R)-3-amino-4-(3-(trifluoromethyl)phenyl)butanoic acid	bAla(3R-Bn(3-CF3))	(3R)-3-amino-4-(3-(trifluoromethyl)phenyl)butanoic acid	Backbone	beta	Phe	247.21599999999992	2.0499	63.32000000000001	4	TRUE	N[C@H](Cc1(cccc(c1)C(F)(F)F))CC(=O)O	UUVNRBNPVFBPTH-SECBINFHSA-N
bAla_3RBn_2CN	(R)-3-amino-4-(2-cyanophenyl)butanoic acid	bAla(3R-Bn(2-CN))	(3R)-3-amino-4-(2-(nitrilomethyl)phenyl)butanoic acid	Backbone	beta	Phe	204.22899999999996	0.9027800000000001	87.11	3.3	TRUE	N[C@H](Cc1(ccccc1C#N))CC(=O)O	VAIQDFORVKLNPH-SNVBAGLBSA-N
bAla_3Spyrid3ylmethyl	(S)-3-amino-4-(pyridin-3-yl)butanoic acid	bAla(3S-pyrid-3-ylmethyl)	(3S)-3-amino-4-(pyridin-3-yl)butanoic acid	Backbone	beta	Phe	180.20699999999997	0.4261000000000001	76.21	3.7	TRUE	N[C@@H](Cc1(cccnc1))CC(=O)O	OODABKPTGCZGHL-QMMMGPOBSA-N
bAla_3SBn_2CF3	(S)-3-amino-4-(2-(trifluoromethyl)phenyl)butanoic acid	bAla(3S-Bn(2-CF3))	(3S)-3-amino-4-(2-(trifluoromethyl)phenyl)butanoic acid	Backbone	beta	Phe	247.21599999999992	2.0499	63.32000000000001	3	TRUE	N[C@@H](Cc1(ccccc1C(F)(F)F))CC(=O)O	VPYQIUMVXMMGSD-QMMMGPOBSA-N
bAla_3SBn_3CF3	(S)-3-amino-4-(3-(trifluoromethyl)phenyl)butanoic acid	bAla(3S-Bn(3-CF3))	(3S)-3-amino-4-(3-(trifluoromethyl)phenyl)butanoic acid	Backbone	beta	Phe	247.21599999999992	2.0499	63.32000000000001	5.4	TRUE	N[C@@H](Cc1(cccc(c1)C(F)(F)F))CC(=O)O	UUVNRBNPVFBPTH-VIFPVBQESA-N
bAla_3RMeNH2	(S)-3,4-diaminobutanoic acid	bAla(3R-MeNH2)	(3S)-3,4-diaminobutanoic acid	Backbone	beta	X	118.13599999999998	-1.2529	89.34	15	TRUE	N[C@H](CN)CC(=O)O	XQKAYTBBWLDCBB-VKHMYHEASA-N
Ac6c_EtOH	8-amino-1,4-dioxaspiro[4.5]decane-8-carboxylic acid	Ac6c(EtOH)	8-amino-1,4-dioxaspiro[4.5]decane-8-carboxylic acid	Backbone	alpha	X	201.22199999999998	0.0855999999999994	81.78	5	TRUE	NC2(CCC1(OCCO1)CC2)C(=O)O	HIIFALCQUKTUHB-UHFFFAOYSA-N
bAla_3RPh_23diOMe	(S)-3-amino-3-(2,3-dimethoxyphenyl)propanoic acid	bAla(3R-Ph(2,3-diOMe))	(3S)-3-amino-3-(2,3-dimethoxyphenyl)propanoic acid	Backbone	beta	X	225.24399999999994	1.1783000000000001	81.78	6.3	TRUE	N[C@H](c1(cccc(OC)c1OC))CC(=O)O	XZFWLSJPXJTSMZ-QMMMGPOBSA-N
bAla_3RPh_34diOMe	(S)-3-amino-3-(3,4-dimethoxyphenyl)propanoic acid	bAla(3R-Ph(3,4-diOMe))	(3S)-3-amino-3-(3,4-dimethoxyphenyl)propanoic acid	Backbone	beta	X	225.24399999999997	1.1783000000000001	81.78	6.8	TRUE	N[C@H](c1(ccc(OC)c(OC)c1))CC(=O)O	FGCXSFRGPCUBPW-QMMMGPOBSA-N
bAla_3RPh_35diOMe	(S)-3-amino-3-(3,5-dimethoxyphenyl)propanoic acid	bAla(3R-Ph(3,5-diOMe))	(3S)-3-amino-3-(3,5-dimethoxyphenyl)propanoic acid	Backbone	beta	X	225.24399999999997	1.1783000000000001	81.78	7	TRUE	N[C@H](c1(cc(OC)cc(OC)c1))CC(=O)O	HUPNLRFWWQFWCS-JTQLQIEISA-N
bAla_3SPh_34diOMe	(R)-3-amino-3-(3,4-dimethoxyphenyl)propanoic acid	bAla(3S-Ph(3,4-diOMe))	(3R)-3-amino-3-(3,4-dimethoxyphenyl)propanoic acid	Backbone	beta	X	225.24399999999997	1.1783000000000001	81.78	7.9	TRUE	N[C@@H](c1(ccc(OC)c(OC)c1))CC(=O)O	FGCXSFRGPCUBPW-MRVPVSSYSA-N
bAla_3Sthien3yl	(R)-3-amino-3-(thiophen-3-yl)propanoic acid	bAla(3S-thien-3-yl)	(3R)-3-amino-3-(thiophen-3-yl)propanoic acid	Backbone	beta	X	171.22099999999998	1.2226000000000001	63.32000000000001	7.3	TRUE	N[C@@H](c1(ccsc1))CC(=O)O	UPDVATYZQLTZOZ-ZCFIWIBFSA-N
bAla_3SPh_4CN	(R)-3-amino-3-(4-cyanophenyl)propanoic acid	bAla(3S-Ph(4-CN))	(3R)-3-amino-3-(4-(nitrilomethyl)phenyl)propanoic acid	Backbone	beta	Lys	190.20199999999997	1.03278	87.11	7.4	TRUE	N[C@@H](c1(ccc(C#N)cc1))CC(=O)O	JFPLLJRLBHIJPS-SECBINFHSA-N
NMe-Hcy	methyl-L-homocysteine	Me-Hcy	(2S)-2-(methylamino)-4-sulfanylbutanoic acid	Backbone	alpha	Cys	149.215	-0.02110000000000012	49.33	14.1	TRUE	N(C)[C@@H](CCS)C(=O)O	PHMDDWYPVDXMNL-BYPYZUCNSA-N
Ser-Gly	L-serylglycine	Ser-Gly	2-((1S)-1-amino-2-hydroxyethylcarbonylamino)acetic acid	Backbone	alpha	Gly	162.145	-2.4932	112.65000000000002	14.9	TRUE	N(C(=O)[C@@H](N)CO)CC(=O)O	WOUIMBGNEUWXQG-VKHMYHEASA-N
Ala_CF2PO3	(S)-2-amino-4,4-difluoro-4-phosphonobutanoic acid	Ala(CF2PO3)	(2S)-2-amino-4-(dihydroxyphosphoryl)-4,4-difluorobutanoic acid	Backbone	alpha	X	219.08	-0.4411000000000002	120.85000000000001	2.9	TRUE	N[C@@H](CC(F)(F)P(=O)(O)O)C(=O)O	NIZXHJQYBQHCBB-REOHCLBHSA-N
Pip_4ROH	(2S,4R)-4-hydroxypiperidine-2-carboxylic acid	Pip(4R-OH)	(2S,4R)-4-hydroxypiperidine-2-carboxylic acid	Backbone	alpha	Pro	145.15800000000002	-0.8161000000000005	69.56	9.1	TRUE	N1[C@@H](C[C@H](O)CC1)C(=O)O	KRHNXNZBLHHEIU-UHNVWZDZSA-N
bAla_3Spyrid3yl_6OMe	(R)-3-amino-3-(6-methoxypyridin-3-yl)propanoic acid	bAla(3S-pyrid-3-yl(6-OMe))	(3R)-3-amino-3-(6-methoxypyridin-3-yl)propanoic acid	Backbone	beta	X	196.206	0.5647	85.44000000000001	5.7	TRUE	N[C@@H](c1(ccc(OC)nc1))CC(=O)O	JWSDJSZHYFNBEN-SSDOTTSWSA-N
NMe-Phe_3OMe	(S)-3-(3-methoxyphenyl)-2-(methylamino)propanoic acid	Me-Phe(3-OMe)	(2S)-3-(3-methoxyphenyl)-2-(methylamino)propanoic acid	Backbone	alpha	Tyr	209.24499999999998	0.9102999999999997	58.56	9.5	TRUE	N(C)[C@@H](Cc1(cccc(OC)c1))C(=O)O	RNUIQGOLKGPNOE-JTQLQIEISA-N
NMe-Asp_OMe	(S)-4-methoxy-2-(methylamino)-4-oxobutanoic acid	Me-Asp(OMe)	(2S)-3-(methoxycarbonyl)-2-(methylamino)propanoic acid	Backbone	alpha	Asp	161.15699999999998	-0.7778999999999998	75.63	7.4	TRUE	N(C)[C@@H](CC(=O)OC)C(=O)O	BNXGGDPUVJSMJV-BYPYZUCNSA-N
bAla_2ROH_3RPh_2OMe	(2R,3R)-3-amino-2-hydroxy-3-(2-methoxyphenyl)propanoic acid	bAla(2R-OH,3R-Ph(2-OMe))	(2R,3R)-3-amino-2-hydroxy-3-(2-methoxyphenyl)propanoic acid	Backbone	beta	X	211.21699999999998	0.14050000000000007	92.78000000000002	3.2	TRUE	N[C@H](c1(ccccc1OC))[C@@H](O)C(=O)O	GVANXUOIKFVRKN-RKDXNWHRSA-N
Phe_4POOMe2	(S)-2-amino-3-(4-((dimethoxyphosphoryl)oxy)phenyl)propanoic acid	Phe(4-PO(OMe)2)	(2S)-2-amino-3-(4-((dimethoxyphosphoryl)oxy)phenyl)propanoic acid	Backbone	alpha	Tyr	289.224	1.4207	108.08	7.2	TRUE	N[C@@H](Cc1(ccc(OP(=O)(OC)OC)cc1))C(=O)O	HESLJQBDDBJJQQ-JTQLQIEISA-N
3-amino-47-dioxo-octahydropyrrolo32-cpyridine3S3aS6S7aS-6-CH2CO2H	2-((3S,3aS,6S,7aS)-3-amino-4,7-dioxooctahydro-1H-pyrrolo[3,2-c]pyridin-6-yl)acetic acid	3-amino-4,7-dioxo-octahydropyrrolo[3,2-c]pyridine(3S,3aS,6S,7aS)-6-CH2CO2H	2-((1S,4S,6S,9S)-9-amino-2,5-dioxo-3,7-diazabicyclo[4.3.0]nonan-4-yl)acetic acid	Backbone	beta	X	227.22	-2.556099999999997	121.52	3.7	TRUE	N2[C@H](C(=O)[C@H]1(NC[C@@H](N)[C@@H]1C2=O))CC(=O)O	VNXMBHCKFNDMEK-HBGVPEAKSA-N
D-Phe_4POOMe2	(R)-2-amino-3-(4-((dimethoxyphosphoryl)oxy)phenyl)propanoic acid	D-Phe(4-PO(OMe)2)	(2R)-2-amino-3-(4-((dimethoxyphosphoryl)oxy)phenyl)propanoic acid	Backbone	alpha	Tyr	289.224	1.4207	108.08	4.5	TRUE	N[C@H](Cc1(ccc(OP(=O)(OC)OC)cc1))C(=O)O	HESLJQBDDBJJQQ-SNVBAGLBSA-N
aBuNH2Gaba	(S)-4,8-diaminooctanoic acid	aBuNH2Gaba	(4S)-4,8-diaminooctanoic acid	Backbone	gamma	Lys	174.244	0.30749999999999944	89.34	7.6	TRUE	N[C@@H](CCCCN)CCC(=O)O	PJBIRKFNLCOMSB-ZETCQYMHSA-N
2-amino-Ac5c_1S_2R	(1S,2R)-2-aminocyclopentane-1-carboxylic acid	2-amino-Ac5c(1S,2R)	(1S,2R)-2-aminocyclopentanecarboxylic acid	Backbone	beta	Val	129.15900000000002	0.19839999999999985	63.32000000000001	8.9	TRUE	N[C@H]1[C@H](CCC1)C(=O)O	JWYOAMOZLZXDER-CRCLSJGQSA-N
D-SeMet	(R)-2-amino-4-(methylselanyl)butanoic acid	D-SeMet	(2R)-2-amino-4-(methylselanyl)butanoic acid	Backbone	alpha	Met	196.10799999999998	-0.041000000000000425	63.32000000000001	3.2	TRUE	N[C@H](CC[Se]C)C(=O)O	RJFAYQIBOAGBLC-SCSAIBSYSA-N
D-hSec	(R)-2-amino-4-hydroselenobutanoic acid	D-hSec	(2R)-2-amino-4-selanylbutanoic acid	Backbone	alpha	Cys	182.081	-0.8925000000000003	63.32000000000001	2.7	TRUE	N[C@H](CC[SeH])C(=O)O	RCWCGLALNCIQNM-GSVOUGTGSA-N
Sec_Me	(R)-2-amino-3-(methylselanyl)propanoic acid	Sec(Me)	(2R)-2-amino-3-(methylselanyl)propanoic acid	Backbone	alpha	Cys	182.081	-0.4311000000000003	63.32000000000001	5.1	TRUE	N[C@@H](C[Se]C)C(=O)O	XDSSPSLGNGIIHP-VKHMYHEASA-N
bAla_3Ph_4Br	3-amino-3-(4-bromophenyl)propanoic acid	bAla(3-Ph(4-Br))	3-amino-3-(4-bromophenyl)propanoic acid	Backbone	beta	X	244.08799999999997	1.9236	63.32000000000001	8.5	TRUE	NC(c1(ccc(Br)cc1))CC(=O)O	RBOUYDUXPMAYMJ-UHFFFAOYSA-N
bAla_3Ph_2Me	3-amino-3-(o-tolyl)propanoic acid	bAla(3-Ph(2-Me))	3-amino-3-(2-methylphenyl)propanoic acid	Backbone	beta	X	179.21899999999997	1.4695200000000002	63.32000000000001	10.5	TRUE	NC(c1(ccccc1C))CC(=O)O	GORGZFRGYDIRJA-UHFFFAOYSA-N
bAla_3Ph_2Br	3-amino-3-(2-bromophenyl)propanoic acid	bAla(3-Ph(2-Br))	3-amino-3-(2-bromophenyl)propanoic acid	Backbone	beta	X	244.08799999999997	1.9236	63.32000000000001	6.8	TRUE	NC(c1(ccccc1Br))CC(=O)O	OETRFEPZCAGEMK-UHFFFAOYSA-N
Phe-Gly-Gly	L-phenylalanylglycylglycine	Phe-Gly-Gly	2-((1S)-1-amino-2-phenylethylcarbonylaminomethylcarbonylamino)acetic acid	Backbone	alpha	Gly	279.296	-1.1265999999999983	121.52	14.1	TRUE	N(C(=O)CNC(=O)[C@@H](N)Cc1(ccccc1))CC(=O)O	NAXPHWZXEXNDIW-JTQLQIEISA-N
Ile-Gly	L-isoleucylglycine	Ile-Gly	2-((1S,2S)-1-amino-2-methylbutylcarbonylamino)acetic acid	Backbone	alpha	Gly	188.22699999999998	-0.43940000000000073	92.42	12.8	TRUE	N(C(=O)[C@@H](N)[C@@H](C)CC)CC(=O)O	UCGDDTHMMVWVMV-FSPLSTOPSA-N
Thr_OAla	O-(L-alanyl)-L-threonine	Thr(O-Ala)	(2S,3R)-2-amino-3-((1S)-1-aminoethylcarbonyloxy)butanoic acid	Backbone	alpha	Thr	190.19899999999996	-1.3227999999999989	115.64	8	TRUE	N[C@@H]([C@H](OC(=O)[C@H](C)N)C)C(=O)O	PAXPCEGUGMQDAF-LMVFSUKVSA-N
Ser_OLeu	O-(L-leucyl)-L-serine	Ser(O-Leu)	(2S)-2-amino-3-((1S)-1-amino-3-methylbutylcarbonyloxy)propanoic acid	Backbone	alpha	Ser	218.253	-0.6850999999999996	115.64	6.1	TRUE	N[C@@H](COC(=O)[C@@H](N)CC(C)C)C(=O)O	MAILEPNVKHMLDQ-BQBZGAKWSA-N
Ser_OIle	O-(L-isoleucyl)-L-serine	Ser(O-Ile)	(2S)-2-amino-3-((1S,2S)-1-amino-2-methylbutylcarbonyloxy)propanoic acid	Backbone	alpha	Ser	218.253	-0.6850999999999996	115.64	5.5	TRUE	N[C@@H](COC(=O)[C@@H](N)[C@@H](C)CC)C(=O)O	LSUNZJPKZOWBJP-ACZMJKKPSA-N
Ser_OSer	O-(L-seryl)-L-serine	Ser(O-Ser)	(2S)-2-amino-3-((1S)-1-amino-2-hydroxyethylcarbonyloxy)propanoic acid	Backbone	alpha	Ser	192.171	-2.738899999999998	135.87	5.1	TRUE	N[C@@H](COC(=O)[C@@H](N)CO)C(=O)O	HIWWZBYXUFOXEL-IMJSIDKUSA-N
Ser_OMet	O-(L-methionyl)-L-serine	Ser(O-Met)	(2S)-2-amino-3-((1S)-1-amino-3-(methylsulfanyl)propylcarbonyloxy)propanoic acid	Backbone	alpha	Ser	236.29299999999998	-0.9780999999999991	115.64	2.9	TRUE	N[C@@H](COC(=O)[C@@H](N)CCSC)C(=O)O	FXMUHQZXHNDOLK-WDSKDSINSA-N
Ser_OPhe	O-(L-phenylalanyl)-L-serine	Ser(O-Phe)	(2S)-2-amino-3-((1S)-1-amino-2-phenylethylcarbonyloxy)propanoic acid	Backbone	alpha	Ser	252.27	-0.4884999999999991	115.64	5.3	TRUE	N[C@@H](COC(=O)[C@@H](N)Cc1(ccccc1))C(=O)O	ZGABJPMNBMIYGX-UWVGGRQHSA-N
Thr_OMet	O-(L-methionyl)-L-threonine	Thr(O-Met)	(2S,3R)-2-amino-3-((1S)-1-amino-3-(methylsulfanyl)propylcarbonyloxy)butanoic acid	Backbone	alpha	Thr	250.31999999999996	-0.5895999999999995	115.64	2.8	TRUE	N[C@@H]([C@H](OC(=O)[C@@H](N)CCSC)C)C(=O)O	POJUOPTXKKQYKO-VQVTYTSYSA-N
Thr_OPhe	O-(L-phenylalanyl)-L-threonine	Thr(O-Phe)	(2S,3R)-2-amino-3-((1S)-1-amino-2-phenylethylcarbonyloxy)butanoic acid	Backbone	alpha	Thr	266.29699999999997	-0.09999999999999926	115.64	5.1	TRUE	N[C@@H]([C@H](OC(=O)[C@@H](N)Cc1(ccccc1))C)C(=O)O	IKQYHLGTABGTFX-MIMYLULJSA-N
Gln_Bn_24_6triOMe	N5-(2,4,6-trimethoxybenzyl)-L-glutamine	Gln(Bn(2,4,6-triOMe))	(2S)-2-amino-4-(((2,4,6-trimethoxyphenyl)methyl)carbamoyl)butanoic acid	Backbone	alpha	Gln	326.34900000000005	0.5206999999999995	120.11000000000003	2.8	TRUE	N[C@@H](CCC(=O)NCc1(c(OC)cc(OC)cc1OC))C(=O)O	YBQMKHVKNROFTJ-NSHDSACASA-N
Abu_23dehydro	(E)-2-aminobut-2-enoic acid	Abu(2,3-dehydro)	(2E)-2-aminobut-2-enoic acid	Backbone	alpha	Ala	101.10499999999999	-0.06650000000000006	63.32000000000001	5.7	TRUE	N/C(=C/C)C(=O)O	PAWSVPVNIXFKOS-NSCUHMNNSA-N
D-Phe_2MeNH2	(R)-2-amino-3-(2-(aminomethyl)phenyl)propanoic acid	D-Phe(2-MeNH2)	(2R)-2-amino-3-(2-(aminomethyl)phenyl)propanoic acid	Backbone	alpha	Phe	194.23399999999995	0.09970000000000018	89.34	5.8	TRUE	N[C@H](Cc1(ccccc1CN))C(=O)O	RDAKEAJYLGZEEA-SECBINFHSA-N
D-Phe_24diNO2	(R)-2-amino-3-(2,4-dinitrophenyl)propanoic acid	D-Phe(2,4-diNO2)	(2R)-2-amino-3-(2,4-dinitrophenyl)propanoic acid	Backbone	alpha	Phe	255.18599999999995	0.45739999999999975	149.6	4.2	TRUE	N[C@H](Cc1(ccc(cc1[N+](=O)[O-])[N+](=O)[O-]))C(=O)O	LLVUHQYJZJUDAM-SSDOTTSWSA-N
Thr-Gly	L-threonylglycine	Thr-Gly	2-((1S,2R)-1-amino-2-hydroxypropylcarbonylamino)acetic acid	Backbone	alpha	Gly	176.17199999999997	-2.1046999999999993	112.65000000000002	13.4	TRUE	N(C(=O)[C@@H](N)[C@H](O)C)CC(=O)O	BIYXEUAFGLTAEM-WUJLRWPWSA-N
Asn-Gly	L-asparaginylglycine	Asn-Gly	2-((1S)-1,3-diamino-3-oxopropylcarbonylamino)acetic acid	Backbone	alpha	Gly	189.17099999999996	-2.6100999999999983	135.51	12.4	TRUE	N(C(=O)[C@@H](N)CC(=O)N)CC(=O)O	KLKHFFMNGWULBN-VKHMYHEASA-N
Ser_OTyr	O-(L-tyrosyl)-L-serine	Ser(O-Tyr)	(2S)-2-amino-3-((1S)-1-amino-2-(4-hydroxyphenyl)ethylcarbonyloxy)propanoic acid	Backbone	alpha	Ser	268.269	-0.782899999999999	135.87	5.2	TRUE	N[C@@H](COC(=O)[C@@H](N)Cc1(ccc(O)cc1))C(=O)O	SFQVCDHAWHHWRN-UWVGGRQHSA-N
Ser_OGln	(2S)-2-amino-3-[(2S)-2,5-diamino-5-oxopentanoyl]oxypropanoic acid	Ser(O-Gln)	(2S)-2-amino-3-((1S)-1,4-diamino-4-oxobutylcarbonyloxy)propanoic acid	Backbone	alpha	Gln	233.224	-2.4656999999999973	158.73	3.9	TRUE	N[C@@H](CCC(=O)N)C(=O)OC[C@H](N)C(=O)O	NITGXFWLRQKSKJ-WHFBIAKZSA-N
Ser_OTrp	O-(L-tryptophyl)-L-serine	Ser(O-Trp)	(2S)-2-amino-3-((1S)-1-amino-2-(1H-indol-3-yl)ethylcarbonyloxy)propanoic acid	Backbone	alpha	Ser	291.3070000000001	-0.007199999999999485	131.42999999999998	3.8	TRUE	N[C@@H](COC(=O)[C@@H](N)Cc2(c[nH]c1(ccccc12)))C(=O)O	PAWPSMTXWOQIMI-QWRGUYRKSA-N
Thr_OAsp	(S)-3-amino-4-(((1S,2R)-1-amino-1-carboxypropan-2-yl)oxy)-4-oxobutanoic acid	Thr(O-Asp)	(2S,3R)-2-amino-3-((1S)-1-amino-3-hydroxy-3-oxopropylcarbonyloxy)butanoic acid	Backbone	alpha	Thr	234.20799999999997	-1.8679999999999977	152.94	2.8	TRUE	N[C@@H]([C@H](OC(=O)[C@@H](N)CC(=O)O)C)C(=O)O	SQMGCUCFLOKZHF-IWGUZYHVSA-N
Thr_OGlu	(S)-4-amino-5-(((1S,2R)-1-amino-1-carboxypropan-2-yl)oxy)-5-oxopentanoic acid	Thr(O-Glu)	(4S)-4-amino-4-((((2R,3S)-3-amino-4-hydroxy-4-oxobutan-2-yl)oxy)carbonyl)butanoic acid	Backbone	alpha	Thr	248.23499999999996	-1.4778999999999987	152.94	2.8	TRUE	N[C@@H]([C@H](OC(=O)[C@@H](N)CCC(=O)O)C)C(=O)O	BTXGIZJHHULWEI-ZDLURKLDSA-N
Thr_OGln	O-(L-glutaminyl)-L-threonine	Thr(O-Gln)	(2S,3R)-2-amino-3-((1S)-1,4-diamino-4-oxobutylcarbonyloxy)butanoic acid	Backbone	alpha	Thr	247.25099999999995	-2.077199999999997	158.73	3.8	TRUE	N[C@@H]([C@H](OC(=O)[C@@H](N)CCC(=O)N)C)C(=O)O	BUWNPLBPFBHBJI-ZDLURKLDSA-N
Thr_OHis	O-(L-histidyl)-L-threonine	Thr(O-His)	(2S,3R)-2-amino-3-((1S)-1-amino-2-(1H-imidazol-4-yl)ethylcarbonyloxy)butanoic acid	Backbone	alpha	Thr	256.262	-1.376899999999999	144.32	2.2	TRUE	N[C@@H]([C@H](OC(=O)[C@@H](N)Cc1(c[nH]cn1))C)C(=O)O	PKLXWVCVNVHDQL-DTLFHODZSA-N
Thr_OLys	O-(L-lysyl)-L-threonine	Thr(O-Lys)	(2S,3R)-2-amino-3-((1S)-1,5-diaminopentylcarbonyloxy)butanoic acid	Backbone	alpha	Thr	247.29499999999993	-1.2136999999999973	141.66	3.3	TRUE	N[C@@H]([C@H](OC(=O)[C@@H](N)CCCCN)C)C(=O)O	YXWOQGIBMMTCMO-CSMHCCOUSA-N
Thr_OTrp	O-(L-tryptophyl)-L-threonine	Thr(O-Trp)	(2S,3R)-2-amino-3-((1S)-1-amino-2-(1H-indol-3-yl)ethylcarbonyloxy)butanoic acid	Backbone	alpha	Thr	305.33400000000006	0.38130000000000036	131.42999999999998	3.8	TRUE	N[C@@H]([C@H](OC(=O)[C@@H](N)Cc2(c[nH]c1(ccccc12)))C)C(=O)O	PBUAOWPNXMSGKY-WLTAIBSBSA-N
THIQ3-bAla	2-(1,2,3,4-tetrahydroisoquinolin-3-yl)acetic acid	THIQ(3)-bAla	2-(3-azabicyclo[4.4.0]deca-1(10),6,8-trien-4-yl)acetic acid	Backbone	beta	Pro	191.22999999999993	1.1756	49.33	7.1	TRUE	N2C(Cc1(ccccc1C2))CC(=O)O	QYYIBCOJRFOBDJ-UHFFFAOYSA-N
bAla_33piperidyl	3-amino-3-(piperidin-3-yl)propanoic acid	bAla(3-3-piperidyl)	3-amino-3-(piperidin-3-yl)propanoic acid	Backbone	beta	X	172.228	-0.21200000000000047	75.35	6.3	TRUE	NC(C1(CCCNC1))CC(=O)O	FCSMSPXYPGWLDU-UHFFFAOYSA-N
D-Lys_biotinyl	N6-(5-((3aS,4S,6aR)-2-oxohexahydro-1H-thieno[3,4-d]imidazol-4-yl)pentanoyl)-D-lysine	D-Lys(biotinyl)	(2R)-2-amino-6-(4-((1S,2S,5R)-7-oxo-3-thia-6,8-diazabicyclo[3.3.0]octan-2-yl)butylcarbonylamino)hexanoic acid	Backbone	alpha	Arg	372.49100000000004	0.41060000000000124	133.54999999999998	3.3	TRUE	N[C@H](CCCCNC(=O)CCCC[C@@H]1SC[C@@H]2NC(=O)N[C@@H]21)C(=O)O	BAQMYDQNMFBZNA-UHXUPSOCSA-N
D-Lys_nicotinoyl	N6-nicotinoyl-D-lysine	D-Lys(nicotinoyl)	(2R)-2-amino-6-(pyridin-3-ylcarbonylamino)hexanoic acid	Backbone	alpha	Lys	251.28600000000003	0.39359999999999906	105.30999999999999	4.6	TRUE	N[C@H](CCCCNC(=O)c1cccnc1)C(=O)O	GPGQRQZBZHOSJY-SNVBAGLBSA-N
Asn_Bn_24_6triOMe	N4-(2,4,6-trimethoxybenzyl)-L-asparagine	Asn(Bn(2,4,6-triOMe))	(2S)-2-amino-3-(((2,4,6-trimethoxyphenyl)methyl)carbamoyl)propanoic acid	Backbone	alpha	Asn	312.32200000000006	0.13059999999999977	120.11000000000003	2.5	TRUE	N[C@@H](CC(=O)NCc1(c(OC)cc(OC)cc1OC))C(=O)O	KLGXGTMVEJCFQW-JTQLQIEISA-N
a2-carboxyethyla2-carboxyethylGaba	4-amino-4-(2-carboxyethyl)heptanedioic acid	a2-carboxyethyla2-carboxyethylGaba	4-amino-4-(3-hydroxy-3-oxopropyl)heptanedioic acid	Backbone	gamma	Glu	247.24699999999996	0.27829999999999927	137.92000000000002	5.4	TRUE	NC(CCC(=O)O)(CCC(=O)O)CCC(=O)O	UOPIUZMVWLTGPP-UHFFFAOYSA-N
bAla_3RFmoc	(S)-4-((9H-fluoren-9-yl)methoxy)-3-amino-4-oxobutanoic acid	bAla(3R-Fmoc)	(3S)-3-amino-3-((((tricyclo[7.4.0.0^{2,7}]trideca-1(13),2,4,6,9,11-hexaen-8-yl)methyl)oxy)carbonyl)propanoic acid	Backbone	beta	X	311.3370000000001	2.1440999999999995	89.62000000000002	5.1	TRUE	N[C@H](C(=O)OCC3(c1(ccccc1c2(ccccc23))))CC(=O)O	ZCSOMAPTJXAFAD-INIZCTEOSA-N
aBuGaba_3SOH	(3S,4S,5S)-4-amino-3-hydroxy-5-methylheptanoic acid	aBuGaba(3S-OH)	(3S,4S,5S)-4-amino-3-hydroxy-5-methylheptanoic acid	Backbone	gamma	Ile	175.22799999999998	0.19539999999999957	83.55	7	TRUE	N[C@@H]([C@@H](C)CC)[C@@H](O)CC(=O)O	NUOADXFOULDPJQ-HAFWLYHUSA-N
Phe_a_bdehydro_E	(E)-2-amino-3-phenylacrylic acid	Phe(a,b-dehydro,E)	(2E)-2-amino-3-phenylprop-2-enoic acid	Backbone	alpha	Phe	163.17599999999996	1.0708000000000002	63.32000000000001	5.5	TRUE	N/C(=C/c1ccccc1)C(=O)O	YWIQQKOKNPPGDO-SOFGYWHQSA-N
NEt-I	ethyl-L-isoleucine	Et-Ile	(2S,3S)-2-(ethylamino)-3-methylpentanoic acid	Backbone	alpha	Ile	159.22899999999998	1.0952	49.33	14.9	TRUE	N(CC)[C@@H]([C@@H](C)CC)C(=O)O	CPDIYSDSKGPIFR-BQBZGAKWSA-N
bLys_R	(R)-3,6-diaminohexanoic acid	bLys(R)	(3R)-3,6-diaminohexanoic acid	Backbone	beta	Lys	146.19000000000003	-0.4727000000000004	89.34	11.6	TRUE	N[C@H](CCCN)CC(=O)O	QKEWQOJCHPFEAF-RXMQYKEDSA-N
Lys_5FAM	N6-(3',6'-dihydroxy-3-oxo-3H-spiro[isobenzofuran-1,9'-xanthene]-5-carbonyl)-L-lysine	Lys(5-FAM)	N6-(3',6'-dihydroxy-3-oxo-3H-spiro[isobenzofuran-1,9'-xanthene]-5-carbonyl)-L-lysine	Backbone	alpha	Lys	504.4950000000003	2.9778000000000002	168.41	3.3	TRUE	N[C@@H](CCCCNC(=O)c1ccc2c(c1)C(=O)OC21c2ccc(O)cc2Oc2cc(O)ccc21)C(=O)O	SAPWMFFOBXCMBM-NRFANRHFSA-N
Phe_4fur3yl	(S)-2-amino-3-(4-(3,5-dimethylisoxazol-4-yl)phenyl)propanoic acid	Phe(4-fur-3-yl)	(2S)-2-amino-3-(4-(3,5-dimethylisoxazol-4-yl)phenyl)propanoic acid	Backbone	alpha	Phe	260.29299999999995	1.91284	89.35000000000001	2.7	TRUE	N[C@@H](Cc1(ccc(cc1)c2(c(C)noc2C)))C(=O)O	XKIJDWRDDSOHCZ-LBPRGKRZSA-N
bAla_3Ph_34diMe	3-amino-3-(3,4-dimethylphenyl)propanoic acid	bAla(3-Ph(3,4-diMe))	3-amino-3-(3,4-dimethylphenyl)propanoic acid	Backbone	beta	X	193.24599999999998	1.77794	63.32000000000001	8.1	TRUE	NC(c1(ccc(C)c(C)c1))CC(=O)O	OMZFHHOURLYJMF-UHFFFAOYSA-N
pyrrolo34-disoxazole3aR6aS-3-CO2H	(3aR,6aS)-3a,5,6,6a-tetrahydro-4H-pyrrolo[3,4-d]isoxazole-3-carboxylic acid	pyrrolo[3,4-d]isoxazole(3aR,6aS)-3-CO2H	(1S,5R)-2-oxa-3,7-diazabicyclo[3.3.0]oct-3-ene-4-carboxylic acid	Backbone	gamma	Pro	156.141	-0.9548000000000001	70.92	5.7	TRUE	N2C[C@@H]1C(=NO[C@@H]1C2)C(=O)O	SJFKEUIEXKCMQN-IUYQGCFVSA-N
bAla_2ROH_3Rnaphth2yl	(2R,3R)-3-amino-2-hydroxy-3-(naphthalen-2-yl)propanoic acid	bAla(2R-OH,3R-naphth-2-yl)	(2R,3R)-3-amino-2-hydroxy-3-(naphthalen-2-yl)propanoic acid	Backbone	beta	X	231.25099999999998	1.2851000000000001	83.55	2.9	TRUE	N[C@H](c2(ccc1(ccccc1c2)))[C@@H](O)C(=O)O	XWVSXSUSCGCSFK-VXGBXAGGSA-N
bAla_2ROH_3RPh_3OMe	(2R,3R)-3-amino-2-hydroxy-3-(3-methoxyphenyl)propanoic acid	bAla(2R-OH,3R-Ph(3-OMe))	(2R,3R)-3-amino-2-hydroxy-3-(3-methoxyphenyl)propanoic acid	Backbone	beta	X	211.21699999999998	0.14050000000000007	92.78000000000002	4.9	TRUE	N[C@H](c1(cccc(OC)c1))[C@@H](O)C(=O)O	ICTHUARFCCZYSQ-RKDXNWHRSA-N
bAla_2SOH_3SPh	(2S,3S)-3-amino-2-hydroxy-3-phenylpropanoic acid	bAla(2S-OH,3S-Ph)	(2S,3S)-3-amino-2-hydroxy-3-phenylpropanoic acid	Backbone	beta	X	181.19099999999997	0.13190000000000013	83.55	8	TRUE	N[C@@H](c1(ccccc1))[C@H](O)C(=O)O	RZARFIRJROUVLM-YUMQZZPRSA-N
bAla_2SOH_3SPh_3OMe	(2S,3S)-3-amino-2-hydroxy-3-(3-methoxyphenyl)propanoic acid	bAla(2S-OH,3S-Ph(3-OMe))	(2S,3S)-3-amino-2-hydroxy-3-(3-methoxyphenyl)propanoic acid	Backbone	beta	X	211.21699999999998	0.14050000000000007	92.78000000000002	4.3	TRUE	N[C@@H](c1(cccc(OC)c1))[C@H](O)C(=O)O	ICTHUARFCCZYSQ-IUCAKERBSA-N
bAla_2SOH_3SPh_2OMe	(2S,3S)-3-amino-2-hydroxy-3-(2-methoxyphenyl)propanoic acid	bAla(2S-OH,3S-Ph(2-OMe))	(2S,3S)-3-amino-2-hydroxy-3-(2-methoxyphenyl)propanoic acid	Backbone	beta	X	211.21699999999998	0.14050000000000007	92.78000000000002	3.8	TRUE	N[C@@H](c1(ccccc1OC))[C@H](O)C(=O)O	GVANXUOIKFVRKN-IUCAKERBSA-N
bAla_2SOH_3SPh_4OMe	(2S,3S)-3-amino-2-hydroxy-3-(4-methoxyphenyl)propanoic acid	bAla(2S-OH,3S-Ph(4-OMe))	(2S,3S)-3-amino-2-hydroxy-3-(4-methoxyphenyl)propanoic acid	Backbone	beta	X	211.21699999999998	0.14050000000000007	92.78000000000002	6.4	TRUE	N[C@@H](c1(ccc(OC)cc1))[C@H](O)C(=O)O	CMDQTUROESJWHM-IUCAKERBSA-N
bAla_2SOH_3SPh_2Me	(2S,3S)-3-amino-2-hydroxy-3-(o-tolyl)propanoic acid	bAla(2S-OH,3S-Ph(2-Me))	(2S,3S)-3-amino-2-hydroxy-3-(2-methylphenyl)propanoic acid	Backbone	beta	X	195.218	0.44032000000000004	83.55	4.2	TRUE	N[C@@H](c1(ccccc1C))[C@H](O)C(=O)O	VFZRMUSJGAGTPL-IUCAKERBSA-N
bAla_2SOH_3SPh_23diOMe	(2S,3S)-3-amino-3-(2,3-dimethoxyphenyl)-2-hydroxypropanoic acid	bAla(2S-OH,3S-Ph(2,3-diOMe))	(2S,3S)-3-amino-3-(2,3-dimethoxyphenyl)-2-hydroxypropanoic acid	Backbone	beta	X	241.24299999999997	0.1491	102.01	2.8	TRUE	N[C@@H](c1(cccc(OC)c1OC))[C@H](O)C(=O)O	WIZUAKGGDWVKLC-IUCAKERBSA-N
bAla_2SOH_3Snaphth2yl	(2S,3S)-3-amino-2-hydroxy-3-(naphthalen-2-yl)propanoic acid	bAla(2S-OH,3S-naphth-2-yl)	(2S,3S)-3-amino-2-hydroxy-3-(naphthalen-2-yl)propanoic acid	Backbone	beta	X	231.25099999999998	1.2851000000000001	83.55	2.9	TRUE	N[C@@H](c2(ccc1(ccccc1c2)))[C@H](O)C(=O)O	XWVSXSUSCGCSFK-RYUDHWBXSA-N
D-aBuGaba	(4R,5S)-4-amino-5-methylheptanoic acid	D-aBuGaba	(4R,5S)-4-amino-5-methylheptanoic acid	Backbone	gamma	Ile	159.229	1.2245999999999997	63.32000000000001	9.3	TRUE	N[C@@H]([C@@H](C)CC)CCC(=O)O	DVEQYBXCFNPUGR-NKWVEPMBSA-N
Npyrrolidin2ylmethyl-G	(pyrrolidin-2-ylmethyl)glycine	pyrrolidin-2-ylmethyl-Gly	2-(((pyrrolidin-2-yl)methyl)amino)acetic acid	Backbone	alpha	Gly	158.20100000000002	-0.5873999999999997	61.36	15.3	TRUE	N(CC1(CCCN1))CC(=O)O	CKPDOOMUKAZOKR-UHFFFAOYSA-N
pyrrolidine-3-CO2H	8-thia-2-azaspiro[4.5]decane-4-carboxylic acid 8,8-dioxide	pyrrolidine-3-CO2H	8,8-dioxo-8lambda^6-thia-2-azaspiro[4.5]decane-4-carboxylic acid	Backbone	beta	Pro	233.28899999999996	-0.5146000000000002	83.47	4.1	TRUE	N2CC(C1(CCS(=O)(=O)CC1)C2)C(=O)O	GZJKRBAQHOEEME-UHFFFAOYSA-N
bAla_2ROH_3RBn	(2R,3R)-3-amino-2-hydroxy-4-phenylbutanoic acid	bAla(2R-OH,3R-Bn)	(2R,3R)-3-amino-2-hydroxy-4-phenylbutanoic acid	Backbone	beta	Phe	195.21799999999996	0.0019000000000002348	83.55	10.9	TRUE	N[C@H](Cc1(ccccc1))[C@@H](O)C(=O)O	LDSJMFGYNFIFRK-RKDXNWHRSA-N
bAla_2SOH_3SBn	(2S,3S)-3-amino-2-hydroxy-4-phenylbutanoic acid	bAla(2S-OH,3S-Bn)	(2S,3S)-3-amino-2-hydroxy-4-phenylbutanoic acid	Backbone	beta	Phe	195.21799999999996	0.0019000000000002348	83.55	8.7	TRUE	N[C@@H](Cc1(ccccc1))[C@H](O)C(=O)O	LDSJMFGYNFIFRK-IUCAKERBSA-N
Thr_2Pyranose_SSRRRSSRR	O-((2R,3R,4R,5S,6R)-3,4-dihydroxy-6-(hydroxymethyl)-5-(((2S,3R,4S,5R,6R)-3,4,5-trihydroxy-6-(hydroxymethyl)tetrahydro-2H-pyran-2-yl)oxy)tetrahydro-2H-pyran-2-yl)-L-threonine	Thr(2Pyranose(SSRRRSSRR))	(2S,3R)-2-amino-3-(((2R,3R,4R,5S,6R)-3,4-dihydroxy-6-(hydroxymethyl)-5-(((2S,3R,4S,5R,6R)-3,4,5-trihydroxy-6-(hydroxymethyl)-oxan-2-yl)oxy)-oxan-2-yl)oxy)butanoic acid	Backbone	alpha	Thr	443.4020000000001	-5.572499999999991	241.84999999999997	2.7	TRUE	N[C@@H]([C@H](O[C@@H]2(O[C@H](CO)[C@@H](O[C@@H]1(O[C@H](CO)[C@H](O)[C@H](O)[C@H]1O))[C@H](O)[C@H]2O))C)C(=O)O	JOMCOFUFFXCKQO-MNQSMIPMSA-N
Ser_Pyranose_RSRR	O-((2S,3S,4S,5S,6R)-3,4,5-trihydroxy-6-(hydroxymethyl)tetrahydro-2H-pyran-2-yl)-L-serine	Ser(Pyranose(RSRR))	(2S)-2-amino-3-(((2S,3S,4S,5S,6R)-3,4,5-trihydroxy-6-(hydroxymethyl)-oxan-2-yl)oxy)propanoic acid	Backbone	alpha	Ser	267.234	-3.785199999999998	162.70000000000002	3.4	TRUE	N[C@@H](CO[C@H]1(O[C@H](CO)[C@@H](O)[C@H](O)[C@@H]1O))C(=O)O	HGTOXWOVJAONKK-DHGOSONXSA-N
Thr_Pyranose_RSRR	O-((2S,3S,4S,5S,6R)-3,4,5-trihydroxy-6-(hydroxymethyl)tetrahydro-2H-pyran-2-yl)-L-threonine	Thr(Pyranose(RSRR))	(2S,3R)-2-amino-3-(((2S,3S,4S,5S,6R)-3,4,5-trihydroxy-6-(hydroxymethyl)-oxan-2-yl)oxy)butanoic acid	Backbone	alpha	Thr	281.261	-3.3966999999999974	162.70000000000002	3.3	TRUE	N[C@@H]([C@H](O[C@H]1(O[C@H](CO)[C@@H](O)[C@H](O)[C@@H]1O))C)C(=O)O	DHIKRLNYEAMDOC-RBCVCIGJSA-N
Asn_Pyranoseamino_RSSR	N4-((2R,3R,4R,5S,6R)-3-amino-4,5-dihydroxy-6-(hydroxymethyl)tetrahydro-2H-pyran-2-yl)-L-asparagine	Asn(Pyranose-amino(RSSR))	(2S)-2-amino-3-(((2R,3R,4R,5S,6R)-3-amino-4,5-dihydroxy-6-(hydroxymethyl)-oxan-2-yl)carbamoyl)propanoic acid	Backbone	alpha	Asn	293.276	-4.329099999999996	188.36	5.2	TRUE	N[C@@H](CC(=O)N[C@@H]1(O[C@H](CO)[C@@H](O)[C@H](O)[C@H]1N))C(=O)O	UJNXGXPCWBVQPR-JFFCJIMJSA-N
Thr_Pyranoseamino_R	O-((2R,5R)-3-amino-4,5-dihydroxy-6-(hydroxymethyl)tetrahydro-2H-pyran-2-yl)-L-threonine	Thr(Pyranose-amino(R))	(2S,3R)-2-amino-3-(((2R,5R)-3-amino-4,5-dihydroxy-6-(hydroxymethyl)-oxan-2-yl)oxy)butanoic acid	Backbone	alpha	Thr	280.27700000000004	-3.4302999999999946	168.49	3.4	TRUE	N[C@@H]([C@H](O[C@@H]1(OC(CO)[C@H](O)C(O)C1N))C)C(=O)O	FNKMCNJVMOTWSA-RZQJWBPASA-N
Ser_2Pyranoseamino_RSRRRRSRR	O-((2S,3R,4R,5R,6R)-3-amino-5-hydroxy-6-(hydroxymethyl)-4-(((2R,3R,4S,5R,6R)-3,4,5-trihydroxy-6-(hydroxymethyl)tetrahydro-2H-pyran-2-yl)oxy)tetrahydro-2H-pyran-2-yl)-L-serine	Ser(2Pyranose-amino(RSRRRRSRR))	(2S)-2-amino-3-(((2S,3R,4R,5R,6R)-3-amino-5-hydroxy-6-(hydroxymethyl)-4-(((2R,3R,4S,5R,6R)-3,4,5-trihydroxy-6-(hydroxymethyl)-oxan-2-yl)oxy)-oxan-2-yl)oxy)propanoic acid	Backbone	alpha	Ser	428.3910000000001	-5.994599999999992	247.64	5.1	TRUE	N[C@@H](CO[C@H]2(O[C@H](CO)[C@H](O)[C@H](O[C@@H]1(O[C@H](CO)[C@H](O)[C@H](O)[C@H]1O))[C@H]2N))C(=O)O	KSYHRIDQDOKYMX-QGIQHFMVSA-N
Thr_2Pyranoseamino_RSRRRRSRR	O-((2S,3R,4R,5R,6R)-3-amino-5-hydroxy-6-(hydroxymethyl)-4-(((2R,3R,4S,5R,6R)-3,4,5-trihydroxy-6-(hydroxymethyl)tetrahydro-2H-pyran-2-yl)oxy)tetrahydro-2H-pyran-2-yl)-L-threonine	Thr(2Pyranose-amino(RSRRRRSRR))	(2S,3R)-2-amino-3-(((2S,3R,4R,5R,6R)-3-amino-5-hydroxy-6-(hydroxymethyl)-4-(((2R,3R,4S,5R,6R)-3,4,5-trihydroxy-6-(hydroxymethyl)-oxan-2-yl)oxy)-oxan-2-yl)oxy)butanoic acid	Backbone	alpha	Thr	442.4180000000001	-5.606099999999992	247.64	5.1	TRUE	N[C@@H]([C@H](O[C@H]2(O[C@H](CO)[C@H](O)[C@H](O[C@@H]1(O[C@H](CO)[C@H](O)[C@H](O)[C@H]1O))[C@H]2N))C)C(=O)O	RLWCXQUOLYUIEU-UOSNNGKOSA-N
Glu-Cl	(S)-4-amino-5-chloro-5-oxopentanoic acid	Glu-Cl	(4S)-4-amino-4-(chlorocarbonyl)butanoic acid	Backbone	gamma	X	165.576	-0.056100000000000094	80.39	3	TRUE	N[C@H](C(=O)Cl)CCC(=O)O	MNCCGMMMOFFNMM-VKHMYHEASA-N
bAla_3RCONHPh_4NO2	(S)-3-amino-4-((4-nitrophenyl)amino)-4-oxobutanoic acid	Asp-pNA	(3S)-3-amino-3-((4-nitrophenyl)carbamoyl)propanoic acid	Backbone	beta	X	253.21399999999997	0.33529999999999943	135.56	4.7	TRUE	N[C@H](C(=O)Nc1(ccc(cc1)[N+](=O)[O-]))CC(=O)O	JPSVAMXHSUXSEY-QMMMGPOBSA-N
D-Asp_Ph_2iPr	(R)-2-amino-4-(2-isopropylphenoxy)-4-oxobutanoic acid	D-Asp(Ph(2-iPr))	(2R)-2-amino-3-(((2-(propan-2-yl)phenyl)oxy)carbonyl)propanoic acid	Backbone	alpha	Asp	251.28199999999998	1.5173999999999996	89.62000000000002	3.1	TRUE	N[C@H](CC(=O)Oc1(ccccc1C(C)C))C(=O)O	XFXMAOINGRMANA-SNVBAGLBSA-N
bAla_2ROH_3RPh_4OMe	(2R,3R)-3-amino-2-hydroxy-3-(4-methoxyphenyl)propanoic acid	bAla(2R-OH,3R-Ph(4-OMe))	(2R,3R)-3-amino-2-hydroxy-3-(4-methoxyphenyl)propanoic acid	Backbone	beta	X	211.21699999999998	0.14050000000000007	92.78000000000002	5.2	TRUE	N[C@H](c1(ccc(OC)cc1))[C@@H](O)C(=O)O	CMDQTUROESJWHM-RKDXNWHRSA-N
bAla_2ROH_3RPh_3Me	(2R,3R)-3-amino-2-hydroxy-3-(m-tolyl)propanoic acid	bAla(2R-OH,3R-Ph(3-Me))	(2R,3R)-3-amino-2-hydroxy-3-(3-methylphenyl)propanoic acid	Backbone	beta	X	195.218	0.44032000000000004	83.55	3.8	TRUE	N[C@H](c1(cccc(C)c1))[C@@H](O)C(=O)O	ALZYDSFTANAOHF-RKDXNWHRSA-N
Lys_biotinyl	N6-(6-(5-((3aR,4S,6aS)-2-oxohexahydro-1H-thieno[3,4-d]imidazol-4-yl)pentanamido)hexanoyl)-L-lysine	Lys(biotinyl)	(2S)-2-amino-6-(5-(4-((1R,2S,5S)-7-oxo-3-thia-6,8-diazabicyclo[3.3.0]octan-2-yl)butylcarbonylamino)pentylcarbonylamino)hexanoic acid	Backbone	alpha	Arg	485.6510000000002	1.0872000000000024	162.64999999999998	3	TRUE	N[C@@H](CCCCNC(=O)CCCCCNC(=O)CCCC[C@@H]1SC[C@H]2NC(=O)N[C@@H]12)C(=O)O	KNQOLBXPUROEDZ-PFRQMTDMSA-N
Orn_pyrazinoyl	(S)-2-amino-5-(pyrazine-2-carboxamido)pentanoic acid	Orn(pyrazinoyl)	(2S)-2-amino-5-(pyrazin-2-ylcarbonylamino)pentanoic acid	Backbone	delta	Lys	238.24699999999996	-0.6014999999999993	118.2	5.1	TRUE	N(C(=O)c1(cnccn1))CCC[C@H](N)C(=O)O	GJGIGJGNECGMMN-ZETCQYMHSA-N
aMeGaba_3SOH	(3S,4S)-4-amino-3-hydroxypentanoic acid	aMeGaba(3S-OH)	(3S,4S)-4-amino-3-hydroxypentanoic acid	Backbone	gamma	Ala	133.147	-0.8308000000000006	83.55	11	TRUE	N[C@@H](C)[C@@H](O)CC(=O)O	KYYLCNHXZCPNBW-IMJSIDKUSA-N
Inp_4Ph	4-phenylpiperidine-4-carboxylic acid	Inp(4-Ph)	4-phenylpiperidine-4-carboxylic acid	Backbone	gamma	Pro	205.257	1.3924	49.33	14.5	TRUE	N1CCC(CC1)(c2(ccccc2))C(=O)O	DZZGGKPKWGPNJA-UHFFFAOYSA-N
Tyr_35diI_Ph_35diI_4OH	(S)-2-amino-3-(4-(4-hydroxy-3,5-diiodophenoxy)-3,5-diiodophenyl)propanoic acid	Tyr(3,5-diI,Ph(3,5-diI,4-OH))	(2S)-2-amino-3-(4-((4-hydroxy-3,5-diiodophenyl)oxy)-3,5-diiodophenyl)propanoic acid	Backbone	alpha	Tyr	776.8720000000001	4.5573000000000015	92.78000000000002	6	TRUE	N[C@@H](Cc2(cc(I)c(Oc1(cc(I)c(O)c(I)c1))c(I)c2))C(=O)O	XUIIKFGFIJCVMT-LBPRGKRZSA-N
Gly_cHept	(S)-2-amino-2-cycloheptylacetic acid	Gly(cHept)	(2S)-2-amino-2-cycloheptylacetic acid	Backbone	alpha	X	171.24	1.3687	63.32000000000001	5.6	TRUE	N[C@@H](C1(CCCCCC1))C(=O)O	GMLQOIMQMLOTNY-QMMMGPOBSA-N
4-oxa-66-diMe-Pip	(S)-6,6-dimethylmorpholine-3-carboxylic acid	4-oxa-6,6-diMe-Pip	(3S)-6,6-dimethylmorpholine-3-carboxylic acid	Backbone	alpha	Pro	159.185	-0.16200000000000064	58.56	4	TRUE	N1[C@@H](COC(C)(C)C1)C(=O)O	GNGXTWQIBWAVCJ-YFKPBYRVSA-N
D-Ser_EtOEtOEtN3	O-(2-(2-(2-azidoethoxy)ethoxy)ethyl)-D-serine	D-Ser(EtOEtOEtN3)	(2R)-2-amino-3-((2-((2-((2-azidoethyl)oxy)ethyl)oxy)ethyl)oxy)propanoic acid	Backbone	alpha	Ser	262.26599999999996	-0.2416000000000001	139.77	2.7	TRUE	N[C@H](COCCOCCOCCN=[N+]=[N-])C(=O)O	BHNVZMHTTIZOKQ-MRVPVSSYSA-N
D-Pro_4RPh	(2R,4R)-4-phenylpyrrolidine-2-carboxylic acid	D-Pro(4R-Ph)	(2R,4R)-4-phenylpyrrolidine-2-carboxylic acid	Backbone	alpha	Pro	191.23	1.2167	49.33	7.1	TRUE	N1[C@H](C[C@@H](C1)c2(ccccc2))C(=O)O	JHHOFXBPLJDHOR-VHSXEESVSA-N
aBnPro	(S)-2-benzylpyrrolidine-2-carboxylic acid	aBnPro	(2S)-2-benzylpyrrolidine-2-carboxylic acid	Backbone	alpha	Pro	205.257	1.4359	49.33	7.3	TRUE	N1[C@@](CCC1)(Cc2(ccccc2))C(=O)O	LIHLFIASPODZOB-LBPRGKRZSA-N
D-Pro_3SOH	(2R,3S)-3-hydroxypyrrolidine-2-carboxylic acid	D-Pro(3S-OH)	(2R,3S)-3-hydroxypyrrolidine-2-carboxylic acid	Backbone	alpha	Pro	131.13100000000003	-1.2062000000000004	69.56	7.5	TRUE	N1[C@H]([C@@H](O)CC1)C(=O)O	BJBUEDPLEOHJGE-IUYQGCFVSA-N
D-22-diMe-oxazolidine-4-CO2H	(R)-2,2-dimethyloxazolidine-4-carboxylic acid	D-2,2-diMe-oxazolidine-4-CO2H	(4R)-2,2-dimethyl-oxazolidine-4-carboxylic acid	Backbone	alpha	Pro	145.158	-0.20450000000000063	58.56	4.2	TRUE	N1[C@H](COC1(C)C)C(=O)O	PPWHHAIRIFSDCP-SCSAIBSYSA-N
D-Gly_cHept	(R)-2-amino-2-cycloheptylacetic acid	D-Gly(cHept)	(2R)-2-amino-2-cycloheptylacetic acid	Backbone	alpha	X	171.24	1.3687	63.32000000000001	4.1	TRUE	N[C@H](C1(CCCCCC1))C(=O)O	GMLQOIMQMLOTNY-MRVPVSSYSA-N
D-Pro_3SMe	(2R,3S)-3-methylpyrrolidine-2-carboxylic acid	D-Pro(3S-Me)	(2R,3S)-3-methylpyrrolidine-2-carboxylic acid	Backbone	alpha	Pro	129.15900000000002	0.06899999999999967	49.33	9.9	TRUE	N1[C@H]([C@@H](C)CC1)C(=O)O	CNPSFBUUYIVHAP-CRCLSJGQSA-N
Chg_Me	(S)-2-amino-2-((1r,4S)-4-methylcyclohexyl)acetic acid	Chg(Me)	(2S)-2-amino-2-(trans-4-methylcyclohexyl)acetic acid	Backbone	alpha	X	171.24	1.2245999999999997	63.32000000000001	5.8	TRUE	N[C@@H]([C@@H]1(CC[C@@H](C)CC1))C(=O)O	UDUKPAOWJOMUSX-FXQIFTODSA-N
aHyp_CHF2	(2S,4S)-4-(difluoromethoxy)pyrrolidine-2-carboxylic acid	aHyp(CHF2)	(2S,4S)-4-((difluoromethyl)oxy)pyrrolidine-2-carboxylic acid	Backbone	alpha	Pro	181.138	0.0406999999999999	58.56	4.5	TRUE	N1[C@@H](C[C@H](OC(F)F)C1)C(=O)O	YYWVQGXOBZCIRD-IMJSIDKUSA-N
D-aallylPro	(R)-2-allylpyrrolidine-2-carboxylic acid	D-aallylPro	(2R)-2-(prop-2-en-1-yl)pyrrolidine-2-carboxylic acid	Backbone	alpha	Pro	155.197	0.7693000000000001	49.33	5.3	TRUE	N1[C@@](CC=C)(CCC1)C(=O)O	WRBBRKMXTLLAOB-QMMMGPOBSA-N
D-Pip_4carbonyl	(R)-4-oxopiperidine-2-carboxylic acid	D-Pip(4-carbonyl)	(2R)-4-oxopiperidine-2-carboxylic acid	Backbone	alpha	Pro	143.142	-0.6079000000000006	66.4	3.8	TRUE	N1[C@H](CC(=O)CC1)C(=O)O	UAISREBYDOFHJY-RXMQYKEDSA-N
morpholine-2-CO2H_S	(S)-morpholine-2-carboxylic acid	morpholine-2-CO2H(S)	(2S)-morpholine-2-carboxylic acid	Backbone	beta	Pro	131.131	-0.9406000000000001	58.56	8.5	TRUE	N1C[C@H](OCC1)C(=O)O	FYCRNRZIEVLZDO-BYPYZUCNSA-N
Tyr_35diI_Ph_3I_4OH	(S)-2-amino-3-(4-(4-hydroxy-3-iodophenoxy)-3,5-diiodophenyl)propanoic acid	Tyr(3,5-diI,Ph(3-I,4-OH))	(2S)-2-amino-3-(4-((4-hydroxy-3-iodophenyl)oxy)-3,5-diiodophenyl)propanoic acid	Backbone	alpha	Tyr	650.9760000000001	3.952700000000001	92.78000000000002	7	TRUE	N[C@@H](Cc2(cc(I)c(Oc1(ccc(O)c(I)c1))c(I)c2))C(=O)O	AUYYCJSJGJYCDS-LBPRGKRZSA-N
Pro_5SMe	(2S,5S)-5-methylpyrrolidine-2-carboxylic acid	Pro(5S-Me)	(2S,5S)-5-methylpyrrolidine-2-carboxylic acid	Backbone	alpha	Pro	129.159	0.21149999999999974	49.33	12.6	TRUE	N1[C@@H](CC[C@@H]1C)C(=O)O	YNSYWEFVEIFJPZ-WHFBIAKZSA-N
D-Pro_44diF	(R)-4,4-difluoropyrrolidine-2-carboxylic acid	D-Pro(4,4-diF)	(2R)-4,4-difluoropyrrolidine-2-carboxylic acid	Backbone	alpha	Pro	151.11200000000002	0.06819999999999976	49.33	7.6	TRUE	N1[C@H](CC(F)(F)C1)C(=O)O	ZPBIYZHGBPBZCK-GSVOUGTGSA-N
D-Phe_3Cl_4OMe	(R)-2-amino-3-(3-chloro-4-methoxyphenyl)propanoic acid	D-Phe(3-Cl,4-OMe)	(2R)-2-amino-3-(3-chloro-4-methoxyphenyl)propanoic acid	Backbone	alpha	Tyr	229.66299999999998	1.303	72.55	6.4	TRUE	N[C@H](Cc1(ccc(OC)c(Cl)c1))C(=O)O	FVFCTFGTAWTEIF-MRVPVSSYSA-N
NMe-D-Iva	(R)-2-methyl-2-(methylamino)butanoic acid	Me-D-Iva	(2R)-2-methyl-2-(methylamino)butanoic acid	Backbone	alpha	Val	131.175	0.4591	49.33	13.6	TRUE	N(C)[C@](C)(CC)C(=O)O	RLSXYPXVDGQGTN-ZCFIWIBFSA-N
Phe_2MeOH	(S)-2-amino-3-(2-(hydroxymethyl)phenyl)propanoic acid	Phe(2-MeOH)	(2S)-2-amino-3-(2-(hydroxymethyl)phenyl)propanoic acid	Backbone	alpha	Phe	195.21799999999996	0.13329999999999997	83.55	3.7	TRUE	N[C@@H](Cc1(ccccc1CO))C(=O)O	VEKGNCOFKMYVGL-VIFPVBQESA-N
2Pal_3NO2_5Me	(S)-2-amino-3-(5-methyl-3-nitropyridin-2-yl)propanoic acid	2Pal(3-NO2,5-Me)	(2S)-2-amino-3-(5-methyl-3-nitropyridin-2-yl)propanoic acid	Backbone	alpha	Phe	225.20399999999998	0.25261999999999935	119.35000000000001	2.4	TRUE	N[C@@H](Cc1(ncc(C)cc1[N+](=O)[O-]))C(=O)O	PSBSSKWDWIWCRM-LURJTMIESA-N
3Pal_5Me_6Cl	(S)-2-amino-3-(6-chloro-5-methylpyridin-3-yl)propanoic acid	3Pal(5-Me,6-Cl)	(2S)-2-amino-3-(6-chloro-5-methylpyridin-3-yl)propanoic acid	Backbone	alpha	Phe	214.652	0.9978200000000002	76.21	2.6	TRUE	N[C@@H](Cc1(cnc(Cl)c(C)c1))C(=O)O	XDZWZHNUKDYDIP-ZETCQYMHSA-N
Ala_pyrazol4yl_5CF3	(S)-2-amino-3-(5-(trifluoromethyl)-1H-pyrazol-4-yl)propanoic acid	Ala(pyrazol-4-yl(5-CF3))	(2S)-2-amino-3-(5-(trifluoromethyl)-1H-pyrazol-4-yl)propanoic acid	Backbone	alpha	Phe	223.15399999999997	0.38290000000000024	92	2.6	TRUE	N[C@@H](Cc1(cn[nH]c1C(F)(F)F))C(=O)O	OIIQGXBAVJMXLC-BYPYZUCNSA-N
Phe_2OMe_4Cl	(S)-2-amino-3-(4-chloro-2-methoxyphenyl)propanoic acid	Phe(2-OMe,4-Cl)	(2S)-2-amino-3-(4-chloro-2-methoxyphenyl)propanoic acid	Backbone	alpha	Tyr	229.66299999999998	1.3030000000000002	72.55	2.9	TRUE	N[C@@H](Cc1(ccc(Cl)cc1OC))C(=O)O	CRVNEIVGFSMKNQ-QMMMGPOBSA-N
1Nal_Me	(S)-2-amino-3-(2-methylnaphthalen-1-yl)propanoic acid	1Nal(Me)	(2S)-2-amino-3-(2-methylnaphthalen-1-yl)propanoic acid	Backbone	alpha	Phe	229.279	2.10262	63.32000000000001	4.4	TRUE	N[C@@H](Cc2(c(C)ccc1(ccccc12)))C(=O)O	FTKYILMCBINOLV-ZDUSSCGKSA-N
Ala_pyrazol4yl_1CHF2	(S)-2-amino-3-(1-(difluoromethyl)-1H-pyrazol-4-yl)propanoic acid	Ala(pyrazol-4-yl(1-CHF2))	(2S)-2-amino-3-(1-(difluoromethyl)-1H-pyrazol-4-yl)propanoic acid	Backbone	alpha	Phe	205.16399999999996	0.23259999999999964	81.14	3.1	TRUE	N[C@@H](Cc1(cnn(c1)C(F)F))C(=O)O	KHWMCCVACUKXCE-YFKPBYRVSA-N
D-hPhe_3OCF3	(R)-2-amino-4-(3-(trifluoromethoxy)phenyl)butanoic acid	D-hPhe(3-OCF3)	(2R)-2-amino-4-(3-((trifluoromethyl)oxy)phenyl)butanoic acid	Backbone	alpha	Tyr	263.2149999999999	1.9297	72.55	3	TRUE	N[C@H](CCc1(cccc(OC(F)(F)F)c1))C(=O)O	XXWHKZICAUCGPQ-SECBINFHSA-N
hPhe_3OCF3	(S)-2-amino-4-(3-(trifluoromethoxy)phenyl)butanoic acid	hPhe(3-OCF3)	(2S)-2-amino-4-(3-((trifluoromethyl)oxy)phenyl)butanoic acid	Backbone	alpha	Tyr	263.2149999999999	1.9297	72.55	3	TRUE	N[C@@H](CCc1(cccc(OC(F)(F)F)c1))C(=O)O	XXWHKZICAUCGPQ-VIFPVBQESA-N
Phe_25diCO2H	(S)-2-(2-amino-2-carboxyethyl)terephthalic acid	Phe(2,5-diCO2H)	2-((2S)-2-amino-3-hydroxy-3-oxopropyl)benzene-1,4-dicarboxylic acid	Backbone	alpha	Phe	253.20999999999995	0.03739999999999977	137.92000000000002	2.2	TRUE	N[C@@H](Cc1(cc(ccc1C(=O)O)C(=O)O))C(=O)O	JWPJTBJZZSTIPV-QMMMGPOBSA-N
Ala_benzofuran3yl	(S)-2-amino-3-(benzofuran-3-yl)propanoic acid	Ala(benzofuran-3-yl)	(2S)-2-amino-3-(1-benzofuran-3-yl)propanoic acid	Backbone	alpha	Phe	205.21299999999997	1.3872	76.46	3.7	TRUE	N[C@@H](Cc2(coc1(ccccc12)))C(=O)O	IIQKYWMOMQWBER-VIFPVBQESA-N
Phe_26diMe_4CONH2	(S)-2-amino-3-(4-carbamoyl-2,6-dimethylphenyl)propanoic acid	Phe(2,6-diMe,4-CONH2)	(2S)-2-amino-3-(4-carbamoyl-2,6-dimethylphenyl)propanoic acid	Backbone	alpha	Phe	236.27099999999996	0.3567400000000001	106.41000000000001	5.5	TRUE	N[C@@H](Cc1(c(C)cc(cc1C)C(=O)N))C(=O)O	BUKDMWMYQQXMQS-JTQLQIEISA-N
D-Lys_CON_piperazino_4CH2CO2H	N6-(4-(carboxymethyl)piperazine-1-carbonyl)-D-lysine	D-Lys(CON(piperazino(4-CH2CO2H)))	(2R)-2-amino-6-(4-(2-hydroxy-2-oxoethyl)piperazin-1-ylcarbonylamino)hexanoic acid	Backbone	alpha	Gly	316.35800000000006	-1.019599999999996	136.2	3	TRUE	N[C@H](CCCCNC(=O)N1CCN(CC(=O)O)CC1)C(=O)O	SBZYGFGUJJCDND-SNVBAGLBSA-N
Ala_pyrazol5yl_1Me	(S)-2-amino-3-(1-methyl-1H-pyrazol-5-yl)propanoic acid	Ala(pyrazol-5-yl(1-Me))	(2S)-2-amino-3-(1-methyl-1H-pyrazol-5-yl)propanoic acid	Backbone	alpha	Phe	169.184	-0.6255000000000002	81.14	3.9	TRUE	N[C@@H](Cc1(ccnn1C))C(=O)O	HUGPTUGINQUZCX-LURJTMIESA-N
Phe_2CN_3Cl	(S)-2-amino-3-(3-chloro-2-cyanophenyl)propanoic acid	Phe(2-CN,3-Cl)	(2S)-2-amino-3-(3-chloro-2-(nitrilomethyl)phenyl)propanoic acid	Backbone	alpha	Phe	224.64699999999996	1.16608	87.11	2.3	TRUE	N[C@@H](Cc1(cccc(Cl)c1C#N))C(=O)O	KGFGMPVUCKTCPO-VIFPVBQESA-N
Phe_3CF3_4Cl	(S)-2-amino-3-(4-chloro-3-(trifluoromethyl)phenyl)propanoic acid	Phe(3-CF3,4-Cl)	(2S)-2-amino-3-(4-chloro-3-(trifluoromethyl)phenyl)propanoic acid	Backbone	alpha	Phe	267.63399999999996	2.3132	63.32000000000001	2.7	TRUE	N[C@@H](Cc1(ccc(Cl)c(c1)C(F)(F)F))C(=O)O	LHPSDJVDEMVFGM-QMMMGPOBSA-N
Phe_3CO2H_4F	(S)-5-(2-amino-2-carboxyethyl)-2-fluorobenzoic acid	Phe(3-CO2H,4-F)	5-((2S)-2-amino-3-hydroxy-3-oxopropyl)-2-fluorobenzene-1-carboxylic acid	Backbone	alpha	Phe	227.19099999999997	0.47829999999999984	100.62000000000002	3.5	TRUE	N[C@@H](Cc1(ccc(F)c(c1)C(=O)O))C(=O)O	TTYPJRVMUPGSMG-QMMMGPOBSA-N
Phe_2Cl_4CN	(S)-2-amino-3-(2-chloro-4-cyanophenyl)propanoic acid	Phe(2-Cl,4-CN)	(2S)-2-amino-3-(2-chloro-4-(nitrilomethyl)phenyl)propanoic acid	Backbone	alpha	Phe	224.647	1.1660800000000002	87.11	2.6	TRUE	N[C@@H](Cc1(ccc(C#N)cc1Cl))C(=O)O	BSWJGMXSISAJKF-VIFPVBQESA-N
Phe_2Me_3CO2H	(S)-3-(2-amino-2-carboxyethyl)-2-methylbenzoic acid	Phe(2-Me,3-CO2H)	3-((2S)-2-amino-3-hydroxy-3-oxopropyl)-2-methylbenzene-1-carboxylic acid	Backbone	alpha	Phe	223.22799999999995	0.64762	100.62000000000002	2.7	TRUE	N[C@@H](Cc1(cccc(C(=O)O)c1C))C(=O)O	LNTRVTAJYIWVEJ-VIFPVBQESA-N
Ala_pyrid2yl_5Me	(S)-2-amino-3-(5-methylpyridin-2-yl)propanoic acid	Ala(pyrid-2-yl(5-Me))	(2S)-2-amino-3-(5-methylpyridin-2-yl)propanoic acid	Backbone	alpha	Phe	180.20699999999997	0.3444200000000001	76.21	3.8	TRUE	N[C@@H](Cc1(ccc(C)cn1))C(=O)O	KGYQCBBDLIEYEA-QMMMGPOBSA-N
Phe_3NO2_4CO2H	(S)-4-(2-amino-2-carboxyethyl)-2-nitrobenzoic acid	Phe(3-NO2,4-CO2H)	4-((2S)-2-amino-3-hydroxy-3-oxopropyl)-2-nitrobenzene-1-carboxylic acid	Backbone	alpha	Phe	254.19799999999998	0.24739999999999973	143.76	2.4	TRUE	N[C@@H](Cc1(ccc(C(=O)O)c(c1)[N+](=O)[O-]))C(=O)O	RNUQYMVEKSTBCO-ZETCQYMHSA-N
Phe_4piperazin1yl	(S)-2-amino-3-(4-(piperazin-1-yl)phenyl)propanoic acid	Phe(piperazino)	(2S)-2-amino-3-(4-(piperazin-1-yl)phenyl)propanoic acid	Backbone	alpha	Phe	249.3139999999999	0.05059999999999992	78.59	5.2	TRUE	N[C@@H](Cc1(ccc(cc1)N2(CCNCC2)))C(=O)O	IIDQBUPOQMTSDY-LBPRGKRZSA-N
Phe_2OMe_6NO2	(S)-2-amino-3-(2-methoxy-6-nitrophenyl)propanoic acid	Phe(2-OMe,6-NO2)	(2S)-2-amino-3-(2-methoxy-6-nitrophenyl)propanoic acid	Backbone	alpha	Tyr	240.21499999999997	0.5578000000000001	115.69000000000001	2.7	TRUE	N[C@@H](Cc1(c(OC)cccc1[N+](=O)[O-]))C(=O)O	HDGUHYNXCFJPJO-ZETCQYMHSA-N
Phe_2CN_4CF3	(S)-2-amino-3-(2-cyano-4-(trifluoromethyl)phenyl)propanoic acid	Phe(2-CN,4-CF3)	(2S)-2-amino-3-(2-(nitrilomethyl)-4-(trifluoromethyl)phenyl)propanoic acid	Backbone	alpha	Phe	258.1989999999999	1.5314800000000002	87.11	2.4	TRUE	N[C@@H](Cc1(ccc(cc1C#N)C(F)(F)F))C(=O)O	SICRQCBHBSNJDP-VIFPVBQESA-N
2Pal_5CO2H	(S)-6-(2-amino-2-carboxyethyl)nicotinic acid	2Pal(5-CO2H)	6-((2S)-2-amino-3-hydroxy-3-oxopropyl)pyridine-3-carboxylic acid	Backbone	alpha	Phe	210.18899999999996	-0.2658000000000001	113.51	2.8	TRUE	N[C@@H](Cc1(ccc(cn1)C(=O)O))C(=O)O	CBSMIRICWPPUPH-ZETCQYMHSA-N
Phe_2Cl_4NH2_5CO2H	(S)-2-amino-5-(2-amino-2-carboxyethyl)-4-chlorobenzoic acid	Phe(2-Cl,4-NH2,5-CO2H)	2-amino-5-((2S)-2-amino-3-hydroxy-3-oxopropyl)-4-chlorobenzene-1-carboxylic acid	Backbone	alpha	Phe	258.66099999999994	0.5748	126.64	2.2	TRUE	N[C@@H](Cc1(cc(C(=O)O)c(N)cc1Cl))C(=O)O	QDWNMPNYQFMDJQ-QMMMGPOBSA-N
Trp_4Me_Aza	(S)-2-amino-3-(4-methyl-2H-indazol-3-yl)propanoic acid	Trp(4-Me,Aza)	(2S)-2-amino-3-(2-methyl-7,8-diazabicyclo[4.3.0]nona-1(9),2,4,6-tetraen-9-yl)propanoic acid	Backbone	alpha	Phe	219.24399999999997	0.8257199999999998	92.00000000000001	2.6	TRUE	N[C@@H](Cc2([nH]nc1(cccc(C)c12)))C(=O)O	PPSMVMLVNMWRQL-ZETCQYMHSA-N
3-azaBCH3101S2S5R-2-CO2H	(1S,2S,5R)-3-azabicyclo[3.1.0]hexane-2-carboxylic acid	3-azaBCH[3.1.0](1S,2S,5R)-2-CO2H	(1S,2S,5R)-3-azabicyclo[3.1.0]hexane-2-carboxylic acid	Backbone	alpha	Pro	127.14299999999999	-0.3211000000000002	49.33	10.5	TRUE	N2[C@@H]([C@H]1(C[C@H]1C2))C(=O)O	JBDOTWVUXVXVDR-YUPRTTJUSA-N
2-amino-Ac5c_1R_2R	(1R,2R)-2-aminocyclopentane-1-carboxylic acid	2-amino-Ac5c(1R,2R)	(1R,2R)-2-aminocyclopentanecarboxylic acid	Backbone	beta	Val	129.15900000000002	0.19839999999999985	63.32000000000001	8.3	TRUE	N[C@H]1[C@@H](CCC1)C(=O)O	JWYOAMOZLZXDER-RFZPGFLSSA-N
bAla_2ROH_3Rnaphth1yl	(2R,3R)-3-amino-2-hydroxy-3-(naphthalen-1-yl)propanoic acid	bAla(2R-OH,3R-naphth-1-yl)	(2R,3R)-3-amino-2-hydroxy-3-(naphthalen-1-yl)propanoic acid	Backbone	beta	X	231.25099999999998	1.2851000000000001	83.55	3.3	TRUE	N[C@H](c2(cccc1(ccccc12)))[C@@H](O)C(=O)O	JWGUPWBKDSQFQO-VXGBXAGGSA-N
Phe_2NH2_45diMe	(S)-2-amino-3-(2-amino-4,5-dimethylphenyl)propanoic acid	Phe(2-NH2,4,5-diMe)	(2S)-2-amino-3-(2-amino-4,5-dimethylphenyl)propanoic acid	Backbone	alpha	Phe	208.26099999999997	0.8400399999999999	89.34	3	TRUE	N[C@@H](Cc1(cc(C)c(C)cc1N))C(=O)O	GYURMXIHJKDLFC-JTQLQIEISA-N
Phe_2OCHF2	(S)-2-amino-3-(2-(difluoromethoxy)phenyl)propanoic acid	Phe(2-OCHF2)	(2S)-2-amino-3-(2-((difluoromethyl)oxy)phenyl)propanoic acid	Backbone	alpha	Tyr	231.19799999999995	1.2424000000000002	72.55	3.5	TRUE	N[C@@H](Cc1(ccccc1OC(F)F))C(=O)O	BKVQCKOCBSJQSZ-ZETCQYMHSA-N
Phe_3dioxolan2yl_4F	(S)-3-(3-(1,3-dioxolan-2-yl)-4-fluorophenyl)-2-aminopropanoic acid	Phe(3-dioxolan-2-yl,4-F)	(2S)-2-amino-3-(3-(1,3-dioxolan-2-yl)-4-fluorophenyl)propanoic acid	Backbone	alpha	Phe	255.24499999999995	0.8255000000000001	81.78	2.2	TRUE	N[C@@H](Cc1(ccc(F)c(c1)C2(OCCO2)))C(=O)O	DGZXCMKXBRQXKR-JTQLQIEISA-N
Phe_3OMe_4NH2	(S)-2-amino-3-(4-amino-3-methoxyphenyl)propanoic acid	Phe(3-OMe,4-NH2)	(2S)-2-amino-3-(4-amino-3-methoxyphenyl)propanoic acid	Backbone	alpha	Tyr	210.23299999999998	0.23179999999999995	98.57000000000001	4.4	TRUE	N[C@@H](Cc1(ccc(N)c(OC)c1))C(=O)O	KLAAHRYLQZIIGB-QMMMGPOBSA-N
Phe_2CF3_5NH2	(S)-2-amino-3-(5-amino-2-(trifluoromethyl)phenyl)propanoic acid	Phe(2-CF3,5-NH2)	(2S)-2-amino-3-(5-amino-2-(trifluoromethyl)phenyl)propanoic acid	Backbone	alpha	Phe	248.20399999999995	1.242	89.34	2.3	TRUE	N[C@@H](Cc1(cc(N)ccc1C(F)(F)F))C(=O)O	SMBXSNYNBPTNKX-QMMMGPOBSA-N
3Pal_5CN_6OMe	(S)-2-amino-3-(5-cyano-6-methoxypyridin-3-yl)propanoic acid	3Pal(5-CN,6-OMe)	(2S)-2-amino-3-(6-methoxy-5-(nitrilomethyl)pyridin-3-yl)propanoic acid	Backbone	alpha	Phe	221.21599999999998	-0.08372000000000007	109.23	2.2	TRUE	N[C@@H](Cc1(cnc(OC)c(C#N)c1))C(=O)O	VUBMAFIAVNEGMY-QMMMGPOBSA-N
2Pal_3NO2_6OMe	(S)-2-amino-3-(6-methoxy-3-nitropyridin-2-yl)propanoic acid	2Pal(3-NO2,6-OMe)	(2S)-2-amino-3-(6-methoxy-3-nitropyridin-2-yl)propanoic acid	Backbone	alpha	Phe	241.20299999999997	-0.047200000000000186	128.57999999999998	2.2	TRUE	N[C@@H](Cc1(nc(OC)ccc1[N+](=O)[O-]))C(=O)O	UTVNIPLKQNCQFP-YFKPBYRVSA-N
3Pal_4CO2H	(S)-3-(2-amino-2-carboxyethyl)isonicotinic acid	3Pal(4-CO2H)	3-((2S)-2-amino-3-hydroxy-3-oxopropyl)pyridine-4-carboxylic acid	Backbone	alpha	Phe	210.18899999999996	-0.2658000000000001	113.51	2.5	TRUE	N[C@@H](Cc1(cnccc1C(=O)O))C(=O)O	DZARCKLHJFEXDG-ZETCQYMHSA-N
Phe_2Cl_5Me	(S)-2-amino-3-(2-chloro-5-methylphenyl)propanoic acid	Phe(2-Cl,5-Me)	(2S)-2-amino-3-(2-chloro-5-methylphenyl)propanoic acid	Backbone	alpha	Phe	213.66399999999996	1.6028200000000001	63.32000000000001	3.2	TRUE	N[C@@H](Cc1(cc(C)ccc1Cl))C(=O)O	XRAMSSIKOIODOJ-VIFPVBQESA-N
Phe_2NH2_5CN	(S)-2-amino-3-(2-amino-5-cyanophenyl)propanoic acid	Phe(2-NH2,5-CN)	(2S)-2-amino-3-(2-amino-5-(nitrilomethyl)phenyl)propanoic acid	Backbone	alpha	Phe	205.21699999999998	0.09487999999999991	113.13000000000001	2.8	TRUE	N[C@@H](Cc1(cc(C#N)ccc1N))C(=O)O	VUXLQLGTQIWNFI-VIFPVBQESA-N
Phe_3CO2H_4Cl	(S)-5-(2-amino-2-carboxyethyl)-2-chlorobenzoic acid	Phe(3-CO2H,4-Cl)	5-((2S)-2-amino-3-hydroxy-3-oxopropyl)-2-chlorobenzene-1-carboxylic acid	Backbone	alpha	Phe	243.646	0.9926000000000001	100.62000000000002	3.2	TRUE	N[C@@H](Cc1(ccc(Cl)c(c1)C(=O)O))C(=O)O	CZQFEVBWZSZLCJ-QMMMGPOBSA-N
3Pal_2F_6Me	(S)-2-amino-3-(2-fluoro-6-methylpyridin-3-yl)propanoic acid	3Pal(2-F,6-Me)	(2S)-2-amino-3-(2-fluoro-6-methylpyridin-3-yl)propanoic acid	Backbone	alpha	Phe	198.19699999999997	0.4835199999999999	76.21	2.5	TRUE	N[C@@H](Cc1(ccc(C)nc1F))C(=O)O	XWRABTWEQNXYTG-ZETCQYMHSA-N
Ala_23dihydrobenzodioxin6yl	(S)-2-amino-3-(2,3-dihydrobenzo[b][1,4]dioxin-6-yl)propanoic acid	Ala(2,3-dihydrobenzodioxin-6-yl)	(2S)-2-amino-3-(2,5-dioxabicyclo[4.4.0]deca-1(10),6,8-trien-8-yl)propanoic acid	Backbone	alpha	Tyr	223.22799999999995	0.41219999999999984	81.78	6.6	TRUE	N[C@@H](Cc2(ccc1(OCCOc1c2)))C(=O)O	HPGGFMVTHJHFTK-QMMMGPOBSA-N
Dab_N3	(S)-2-amino-4-azidobutanoic acid	Dab(N3)	(2S)-2-amino-4-azidobutanoic acid	Backbone	alpha	X	144.13400000000001	0.09869999999999973	112.08	7.9	TRUE	N[C@@H](CCN=[N+]=[N-])C(=O)O	NNWQLZWAZSJGLY-VKHMYHEASA-N
4Pal_2Cl_3CO2H	(S)-4-(2-amino-2-carboxyethyl)-2-chloronicotinic acid	4Pal(2-Cl,3-CO2H)	4-((2S)-2-amino-3-hydroxy-3-oxopropyl)-2-chloropyridine-3-carboxylic acid	Backbone	alpha	Phe	244.634	0.38760000000000006	113.51	2.2	TRUE	N[C@@H](Cc1(ccnc(Cl)c1C(=O)O))C(=O)O	WVRNWHJUAQFPOZ-YFKPBYRVSA-N
Ala_15naphthyridinyl	(S)-2-amino-3-(1,5-naphthyridin-3-yl)propanoic acid	Ala(1,5-naphthyridinyl)	(2S)-2-amino-3-(2,7-diazabicyclo[4.4.0]deca-1,3,5,7,9-pentaen-4-yl)propanoic acid	Backbone	alpha	Phe	217.22799999999998	0.5842	89.10000000000001	2.4	TRUE	N[C@@H](Cc2(cnc1(cccnc1c2)))C(=O)O	PCOKBVVBDZEYDY-QMMMGPOBSA-N
Phe_2OMe_5Ac	(S)-3-(5-acetyl-2-methoxyphenyl)-2-aminopropanoic acid	Phe(2-OMe,5-Ac)	(2S)-3-(5-(acetyl)-2-methoxyphenyl)-2-aminopropanoic acid	Backbone	alpha	Tyr	237.25499999999994	0.8521999999999998	89.62	2.9	TRUE	N[C@@H](Cc1(cc(ccc1OC)C(=O)C))C(=O)O	YUVCAIOWQHLTOB-JTQLQIEISA-N
Phe_2Me_5NH2	(S)-2-amino-3-(5-amino-2-methylphenyl)propanoic acid	Phe(2-Me,5-NH2)	(2S)-2-amino-3-(5-amino-2-methylphenyl)propanoic acid	Backbone	alpha	Phe	194.23399999999998	0.5316199999999995	89.34	4.9	TRUE	N[C@@H](Cc1(cc(N)ccc1C))C(=O)O	XIQZLXAKQBWHGM-VIFPVBQESA-N
Phe_2Cl_5CF3	(S)-2-amino-3-(2-chloro-5-(trifluoromethyl)phenyl)propanoic acid	Phe(2-Cl,5-CF3)	(2S)-2-amino-3-(2-chloro-5-(trifluoromethyl)phenyl)propanoic acid	Backbone	alpha	Phe	267.6339999999999	2.3132	63.32000000000001	2.6	TRUE	N[C@@H](Cc1(cc(ccc1Cl)C(F)(F)F))C(=O)O	JTZHJIFNKMMHIZ-QMMMGPOBSA-N
Ala_pyrazin2yl_6Cl	(S)-2-amino-3-(6-chloropyrazin-2-yl)propanoic acid	Ala(pyrazin-2-yl(6-Cl))	(2S)-2-amino-3-(6-chloropyrazin-2-yl)propanoic acid	Backbone	alpha	Phe	201.613	0.08439999999999975	89.10000000000001	2.2	TRUE	N[C@@H](Cc1(cncc(Cl)n1))C(=O)O	GRPSHIWZHGCARM-YFKPBYRVSA-N
Ala_8oxotetrahydronaphthyl	(S)-2-amino-3-(8-oxo-5,6,7,8-tetrahydronaphthalen-2-yl)propanoic acid	Ala(8-oxo-tetrahydronaphthyl)	(2S)-2-amino-3-(10-oxobicyclo[4.4.0]deca-1,3,5-trien-3-yl)propanoic acid	Backbone	alpha	Phe	233.26699999999997	1.1600000000000001	80.39	2.7	TRUE	N[C@@H](Cc2(ccc1(CCCC(=O)c1c2)))C(=O)O	HGBFHEHWRSKRHP-NSHDSACASA-N
Phe_4iPr	(S)-2-amino-3-(4-isopropylphenyl)propanoic acid	Phe(4-iPr)	(2S)-2-amino-3-(4-(propan-2-yl)phenyl)propanoic acid	Backbone	alpha	Phe	207.27299999999997	1.7644000000000002	63.32000000000001	5.9	TRUE	N[C@@H](Cc1(ccc(cc1)C(C)C))C(=O)O	CYHRSNOITZHLJN-NSHDSACASA-N
Phe_35diMe_4OMe	(S)-2-amino-3-(4-methoxy-3,5-dimethylphenyl)propanoic acid	Phe(3,5-diMe,4-OMe)	(2S)-2-amino-3-(4-methoxy-3,5-dimethylphenyl)propanoic acid	Backbone	alpha	Tyr	223.27199999999996	1.2664400000000002	72.55	4.3	TRUE	N[C@@H](Cc1(cc(C)c(OC)c(C)c1))C(=O)O	ZNXKVMBAFAWSKI-JTQLQIEISA-N
D-Pro_4RCF3	(2R,4R)-4-(trifluoromethyl)pyrrolidine-2-carboxylic acid	D-Pro(4R-CF3)	(2R,4R)-4-(trifluoromethyl)pyrrolidine-2-carboxylic acid	Backbone	alpha	Pro	183.12900000000002	0.6113999999999999	49.33	3.2	TRUE	N1[C@H](C[C@H](C1)C(F)(F)F)C(=O)O	GBECQKOJMXNJCV-QWWZWVQMSA-N
Pro_4SCF3	(2S,4S)-4-(trifluoromethyl)pyrrolidine-2-carboxylic acid	Pro(4S-CF3)	(2S,4S)-4-(trifluoromethyl)pyrrolidine-2-carboxylic acid	Backbone	alpha	Pro	183.12900000000002	0.6113999999999999	49.33	6.4	TRUE	N1[C@@H](C[C@@H](C1)C(F)(F)F)C(=O)O	GBECQKOJMXNJCV-IMJSIDKUSA-N
Phe_2Me_4NO2_5NH2	(S)-2-amino-3-(5-amino-2-methyl-4-nitrophenyl)propanoic acid	Phe(2-Me,4-NO2,5-NH2)	(2S)-2-amino-3-(5-amino-2-methyl-4-nitrophenyl)propanoic acid	Backbone	alpha	Phe	239.23099999999997	0.4398200000000001	132.48	2.2	TRUE	N[C@@H](Cc1(cc(N)c(cc1C)[N+](=O)[O-]))C(=O)O	IQNOJBHCHICZEE-QMMMGPOBSA-N
Phe_2_1SMOMEt_4F	(S)-2-amino-3-(4-fluoro-2-((S)-1-(methoxymethoxy)ethyl)phenyl)propanoic acid	Phe(2-(1S-MOM-Et),4-F)	(2S)-2-amino-3-(4-fluoro-2-((1S)-1-(methoxymethoxy)ethyl)phenyl)propanoic acid	Backbone	alpha	Phe	271.28799999999995	1.4616	81.78	2.2	TRUE	N[C@@H](Cc1(ccc(F)cc1[C@@H](OCOC)C))C(=O)O	WDNZZOKSCVCYQP-UFBFGSQYSA-N
Phe_35diMe_4F	(S)-2-amino-3-(4-fluoro-3,5-dimethylphenyl)propanoic acid	Phe(3,5-diMe,4-F)	(2S)-2-amino-3-(4-fluoro-3,5-dimethylphenyl)propanoic acid	Backbone	alpha	Phe	211.236	1.3969400000000003	63.32000000000001	2.7	TRUE	N[C@@H](Cc1(cc(C)c(F)c(C)c1))C(=O)O	ZDXQFWPMVPQNOY-VIFPVBQESA-N
Phe_2Cl_5CO2H	(S)-3-(2-amino-2-carboxyethyl)-4-chlorobenzoic acid	Phe(2-Cl,5-CO2H)	3-((2S)-2-amino-3-hydroxy-3-oxopropyl)-4-chlorobenzene-1-carboxylic acid	Backbone	alpha	Phe	243.64599999999996	0.9926000000000001	100.62000000000002	2.5	TRUE	N[C@@H](Cc1(cc(ccc1Cl)C(=O)O))C(=O)O	VISXCDRQCJQUCY-QMMMGPOBSA-N
Tyr_pyrid3ylmethyl	(S)-2-amino-3-(4-(pyridin-3-ylmethoxy)phenyl)propanoic acid	Tyr(pyrid-3-ylmethyl)	(2S)-2-amino-3-(4-(((pyridin-3-yl)methyl)oxy)phenyl)propanoic acid	Backbone	alpha	Tyr	272.304	1.6150000000000002	85.44000000000001	3.9	TRUE	N[C@@H](Cc2(ccc(OCc1(cccnc1))cc2))C(=O)O	BPECVGYMQYNNFL-AWEZNQCLSA-N
NMe-D-hArg	N6-carbamimidoyl-N2-methyl-D-lysine	Me-D-hArg	(2R)-6-(((amino)(imino)methyl)amino)-2-(methylamino)hexanoic acid	Backbone	alpha	Arg	202.258	-0.6876299999999982	111.23	5.4	TRUE	N(C)[C@H](CCCCNC(=N)N)C(=O)O	QPSLHZWJZSBVBL-ZCFIWIBFSA-N
Ala_fur3yl	(S)-2-amino-3-(3,5-dimethylisoxazol-4-yl)propanoic acid	Ala(fur-3-yl)	(2S)-2-amino-3-(3,5-dimethylisoxazol-4-yl)propanoic acid	Backbone	alpha	Phe	184.195	0.24584	89.35000000000001	4.2	TRUE	N[C@@H](Cc1(c(C)noc1C))C(=O)O	JZUQZSLJKNNWNX-ZETCQYMHSA-N
Ala_pyrid3yl_6Me	(S)-2-amino-3-(6-methylpyridin-3-yl)propanoic acid	Ala(pyrid-3-yl(6-Me))	(2S)-2-amino-3-(6-methylpyridin-3-yl)propanoic acid	Backbone	alpha	Phe	180.207	0.3444200000000001	76.21	4.1	TRUE	N[C@@H](Cc1(ccc(C)nc1))C(=O)O	GDSXXYKEDGEVSD-QMMMGPOBSA-N
Trp_7OMe_Aza	(S)-2-amino-3-(7-methoxy-1H-indazol-3-yl)propanoic acid	Trp(7-OMe,Aza)	(2S)-2-amino-3-(7-methoxy-1H-indazol-3-yl)propanoic acid	Backbone	alpha	Tyr	235.243	0.5258999999999998	101.23	2.2	TRUE	N[C@@H](Cc2(n[nH]c1(c(OC)cccc12)))C(=O)O	LTVHIQCFBUQJDH-ZETCQYMHSA-N
Ala_pyrimid5yl_24diOMe	(S)-2-amino-3-(2,4-dimethoxypyrimidin-5-yl)propanoic acid	Ala(pyrimid-5-yl(2,4-diOMe))	(2S)-2-amino-3-(2,4-dimethoxypyrimidin-5-yl)propanoic acid	Backbone	alpha	Phe	227.21999999999997	-0.5518000000000001	107.56000000000002	2.5	TRUE	N[C@@H](Cc1(cnc(OC)nc1OC))C(=O)O	JYTTUNITGWYPBZ-LURJTMIESA-N
bAla_2ROH_3RPh_4Me	(2R,3R)-3-amino-2-hydroxy-3-(p-tolyl)propanoic acid	bAla(2R-OH,3R-Ph(4-Me))	(2R,3R)-3-amino-2-hydroxy-3-(4-methylphenyl)propanoic acid	Backbone	beta	X	195.218	0.44032000000000004	83.55	4.2	TRUE	N[C@H](c1(ccc(C)cc1))[C@@H](O)C(=O)O	MXALXDNRLYPVEU-RKDXNWHRSA-N
Phe_dodecyl	(S)-2-amino-3-(4-dodecylphenyl)propanoic acid	Phe(dodecyl)	(2S)-2-amino-3-(4-dodecylphenyl)propanoic acid	Backbone	alpha	Phe	333.516	5.104400000000005	63.32000000000001	3.1	TRUE	N[C@@H](Cc1(ccc(cc1)CCCCCCCCCCCC))C(=O)O	CQDWPJORSILBRL-FQEVSTJZSA-N
Phe_34diCN	(S)-2-amino-3-(3,4-dicyanophenyl)propanoic acid	Phe(3,4-diCN)	(2S)-2-amino-3-(3,4-bis(nitrilomethyl)phenyl)propanoic acid	Backbone	alpha	Phe	215.212	0.38436	110.89999999999999	2.5	TRUE	N[C@@H](Cc1(ccc(C#N)c(C#N)c1))C(=O)O	CTNQYACBNXLFKC-JTQLQIEISA-N
Phe_2Cl_4Me	(S)-2-amino-3-(2-chloro-4-methylphenyl)propanoic acid	Phe(2-Cl,4-Me)	(2S)-2-amino-3-(2-chloro-4-methylphenyl)propanoic acid	Backbone	alpha	Phe	213.66399999999996	1.6028200000000001	63.32000000000001	4.4	TRUE	N[C@@H](Cc1(ccc(C)cc1Cl))C(=O)O	HYFOYEOZSRIHPU-VIFPVBQESA-N
Ala_pyrid3yl_6Cl	(S)-2-amino-3-(6-chloropyridin-3-yl)propanoic acid	Ala(pyrid-3-yl(6-Cl))	(2S)-2-amino-3-(6-chloropyridin-3-yl)propanoic acid	Backbone	alpha	Phe	200.625	0.6894	76.21	3.2	TRUE	N[C@@H](Cc1(ccc(Cl)nc1))C(=O)O	UKRRFOGHAISFEZ-LURJTMIESA-N
Ala_pyrimid5yl_2OMe	(S)-2-amino-3-(2-methoxypyrimidin-5-yl)propanoic acid	Ala(pyrimid-5-yl(2-OMe))	(2S)-2-amino-3-(2-methoxypyrimidin-5-yl)propanoic acid	Backbone	alpha	Phe	197.194	-0.5604	98.33	2.8	TRUE	N[C@@H](Cc1(cnc(OC)nc1))C(=O)O	VEYAOPBCJJVULL-LURJTMIESA-N
Phe_4Ph_4pentyl	(S)-2-amino-3-(4'-pentyl-[1,1'-biphenyl]-4-yl)propanoic acid	Phe(4-Ph(4-pentyl))	(2S)-2-amino-3-(4-(4-pentylphenyl)phenyl)propanoic acid	Backbone	alpha	Phe	311.425	4.040700000000003	63.32000000000001	3	TRUE	N[C@@H](Cc1(ccc(cc1)c2(ccc(cc2)CCCCC)))C(=O)O	DRQZIRXJBUEPGX-IBGZPJMESA-N
Ala_pyrimid2yl_5CF3	(S)-2-amino-3-(5-(trifluoromethyl)pyrimidin-2-yl)propanoic acid	Ala(pyrimid-2-yl(5-CF3))	(2S)-2-amino-3-(5-(trifluoromethyl)pyrimidin-2-yl)propanoic acid	Backbone	alpha	Phe	235.16499999999996	0.44979999999999953	89.10000000000001	2.4	TRUE	N[C@@H](Cc1(ncc(cn1)C(F)(F)F))C(=O)O	AYVJTVGTIXPXRW-YFKPBYRVSA-N
Phe_3MeOH	(S)-2-amino-3-(3-(hydroxymethyl)phenyl)propanoic acid	Phe(3-MeOH)	(2S)-2-amino-3-(3-(hydroxymethyl)phenyl)propanoic acid	Backbone	alpha	Phe	195.21799999999996	0.13329999999999997	83.55	6.3	TRUE	N[C@@H](Cc1(cccc(c1)CO))C(=O)O	OGLFMTLLZNGZPP-VIFPVBQESA-N
Phe_2Me_6NO2	(S)-2-amino-3-(2-methyl-6-nitrophenyl)propanoic acid	Phe(2-Me,6-NO2)	(2S)-2-amino-3-(2-methyl-6-nitrophenyl)propanoic acid	Backbone	alpha	Phe	224.21599999999995	0.8576200000000003	106.46	2.9	TRUE	N[C@@H](Cc1(c(C)cccc1[N+](=O)[O-]))C(=O)O	CQWVFQSIMLVFKH-QMMMGPOBSA-N
Ala_thien2yl_5Me	(S)-2-amino-3-(5-methylthiophen-2-yl)propanoic acid	Ala(thien-2-yl(5-Me))	(2S)-2-amino-3-(5-methylthiophen-2-yl)propanoic acid	Backbone	alpha	Phe	185.24799999999996	1.01092	63.32000000000001	4.4	TRUE	N[C@@H](Cc1(ccc(C)s1))C(=O)O	KNSCRQAEJYEVMU-ZETCQYMHSA-N
Phe_3F_4CN	(S)-2-amino-3-(4-cyano-3-fluorophenyl)propanoic acid	Phe(3-F,4-CN)	(2S)-2-amino-3-(3-fluoro-4-(nitrilomethyl)phenyl)propanoic acid	Backbone	alpha	Phe	208.19199999999998	0.6517800000000002	87.11	2.8	TRUE	N[C@@H](Cc1(ccc(C#N)c(F)c1))C(=O)O	FJKFNTQADLDHBJ-VIFPVBQESA-N
bAla_2ROH_3RPh_3F	(2R,3R)-3-amino-3-(3-fluorophenyl)-2-hydroxypropanoic acid	bAla(2R-OH,3R-Ph(3-F))	(2R,3R)-3-amino-3-(3-fluorophenyl)-2-hydroxypropanoic acid	Backbone	beta	X	199.18099999999998	0.2710000000000002	83.55	4.9	TRUE	N[C@H](c1(cccc(F)c1))[C@@H](O)C(=O)O	XVPSWGNJNOSORO-HTQZYQBOSA-N
Phe_3Me_4CO2H	(S)-4-(2-amino-2-carboxyethyl)-2-methylbenzoic acid	Phe(3-Me,4-CO2H)	4-((2S)-2-amino-3-hydroxy-3-oxopropyl)-2-methylbenzene-1-carboxylic acid	Backbone	alpha	Phe	223.22799999999998	0.64762	100.62000000000002	3.3	TRUE	N[C@@H](Cc1(ccc(C(=O)O)c(C)c1))C(=O)O	YVCMIJOXXDSFSD-VIFPVBQESA-N
Trp_7Aza_Aza	(S)-2-amino-3-(1H-pyrazolo[3,4-b]pyridin-3-yl)propanoic acid	Trp(7-Aza,Aza)	(2S)-2-amino-3-(2,8,9-triazabicyclo[4.3.0]nona-1,3,5,7-tetraen-7-yl)propanoic acid	Backbone	alpha	Phe	206.205	-0.08770000000000083	104.89	2.2	TRUE	N[C@@H](Cc2(n[nH]c1(ncccc12)))C(=O)O	UMHZCXAVXBVPJL-LURJTMIESA-N
Phe_3OBn_4Cbz	(S)-2-amino-3-(3-(benzyloxy)-4-((benzyloxy)carbonyl)phenyl)propanoic acid	Phe(3-OBn,4-Cbz)	(2S)-2-amino-3-(3-benzyloxy-4-(benzyloxyformyl)phenyl)propanoic acid	Backbone	alpha	Tyr	405.45000000000016	3.5770000000000026	98.85000000000001	2.2	TRUE	N[C@@H](Cc3(ccc(C(=O)OCc1(ccccc1))c(OCc2(ccccc2))c3))C(=O)O	YZEQLHWHGJPHTM-NRFANRHFSA-N
Phe_35diCl_4OMe	(S)-2-amino-3-(3,5-dichloro-4-methoxyphenyl)propanoic acid	Phe(3,5-diCl,4-OMe)	(2S)-2-amino-3-(3,5-dichloro-4-methoxyphenyl)propanoic acid	Backbone	alpha	Tyr	264.10799999999995	1.9564000000000001	72.55	4.3	TRUE	N[C@@H](Cc1(cc(Cl)c(OC)c(Cl)c1))C(=O)O	ZSUQOXQAJJUKLS-QMMMGPOBSA-N
Phe_2F_6CN	(S)-2-amino-3-(2-cyano-6-fluorophenyl)propanoic acid	Phe(2-F,6-CN)	(2S)-2-amino-3-(2-fluoro-6-(nitrilomethyl)phenyl)propanoic acid	Backbone	alpha	Phe	208.19199999999998	0.65178	87.11	2.8	TRUE	N[C@@H](Cc1(c(F)cccc1C#N))C(=O)O	DNFPBPXJCMUWFH-VIFPVBQESA-N
Phe_4piperazin1yl_4Me	(S)-2-amino-3-(4-(4-methylpiperazin-1-yl)phenyl)propanoic acid	Phe(piperazino(4-Me))	(2S)-2-amino-3-(4-(4-methylpiperazin-1-yl)phenyl)propanoic acid	Backbone	alpha	Phe	263.3409999999999	0.3928000000000002	69.8	5.2	TRUE	N[C@@H](Cc1(ccc(cc1)N2(CCN(C)CC2)))C(=O)O	NXYXFDRVWKVFEZ-ZDUSSCGKSA-N
Phe_2Ac_4F	(S)-3-(2-acetyl-4-fluorophenyl)-2-aminopropanoic acid	Phe(2-Ac,4-F)	(2S)-3-(2-(acetyl)-4-fluorophenyl)-2-aminopropanoic acid	Backbone	alpha	Phe	225.21899999999997	0.9827000000000001	80.39	2.5	TRUE	N[C@@H](Cc1(ccc(F)cc1C(=O)C))C(=O)O	YZAZKSCQRCDCSC-JTQLQIEISA-N
Phe_2OH_5tBu	(S)-2-amino-3-(5-(tert-butyl)-2-hydroxyphenyl)propanoic acid	Phe(2-OH,5-tBu)	(2S)-2-amino-3-(5-(tert-butyl)-2-hydroxyphenyl)propanoic acid	Backbone	alpha	Tyr	237.29899999999995	1.6441000000000001	83.55	2.8	TRUE	N[C@@H](Cc1(cc(ccc1O)C(C)(C)C))C(=O)O	QTPBNPXYWOFVJR-JTQLQIEISA-N
Gln_PrNH2	N5-(3-aminopropyl)-L-glutamine	Gln(PrNH2)	(2S)-2-amino-4-((3-aminopropyl)carbamoyl)butanoic acid	Backbone	alpha	Gln	203.24199999999996	-1.3564999999999978	118.44000000000001	7.1	TRUE	N[C@@H](CCC(=O)NCCCN)C(=O)O	MTXBLJWLSGUGBT-LURJTMIESA-N
Phe_2OMe_4F	(S)-2-amino-3-(4-fluoro-2-methoxyphenyl)propanoic acid	Phe(2-OMe,4-F)	(2S)-2-amino-3-(4-fluoro-2-methoxyphenyl)propanoic acid	Backbone	alpha	Tyr	213.20799999999997	0.7887000000000002	72.55	3.1	TRUE	N[C@@H](Cc1(ccc(F)cc1OC))C(=O)O	AOIQADHQEFSRNL-QMMMGPOBSA-N
Phe_3CN_4NH2	(S)-2-amino-3-(4-amino-3-cyanophenyl)propanoic acid	Phe(3-CN,4-NH2)	(2S)-2-amino-3-(4-amino-3-(nitrilomethyl)phenyl)propanoic acid	Backbone	alpha	Phe	205.21699999999998	0.09487999999999985	113.13000000000001	2.5	TRUE	N[C@@H](Cc1(ccc(N)c(C#N)c1))C(=O)O	KKCNCDSGUYFGLY-VIFPVBQESA-N
Ala_pyrid3yl_6OMe	(S)-2-amino-3-(6-methoxypyridin-3-yl)propanoic acid	Ala(pyrid-3-yl(6-OMe))	(2S)-2-amino-3-(6-methoxypyridin-3-yl)propanoic acid	Backbone	alpha	Phe	196.20599999999996	0.044599999999999695	85.44000000000001	4.4	TRUE	N[C@@H](Cc1(ccc(OC)nc1))C(=O)O	VJKOXBUJHKCZEC-ZETCQYMHSA-N
Phe_3Me_4OMe	(S)-2-amino-3-(4-methoxy-2-methylphenyl)propanoic acid	Phe(3-Me,4-OMe)	(2S)-2-amino-3-(4-methoxy-2-methylphenyl)propanoic acid	Backbone	alpha	Tyr	209.24499999999998	0.9580199999999999	72.55	9	TRUE	N[C@@H](Cc1(ccc(OC)cc1C))C(=O)O	JSBGJZZYJLWLGU-JTQLQIEISA-N
Phe_3F_4NH2	(S)-2-amino-3-(4-amino-3-fluorophenyl)propanoic acid	Phe(3-F,4-NH2)	(2S)-2-amino-3-(4-amino-3-fluorophenyl)propanoic acid	Backbone	alpha	Phe	198.19699999999997	0.3622999999999999	89.34	4.2	TRUE	N[C@@H](Cc1(ccc(N)c(F)c1))C(=O)O	UUDLEJZCHHMENY-QMMMGPOBSA-N
Phe_2F_5CO2H	(S)-3-(2-amino-2-carboxyethyl)-4-fluorobenzoic acid	Phe(2-F,5-CO2H)	3-((2S)-2-amino-3-hydroxy-3-oxopropyl)-4-fluorobenzene-1-carboxylic acid	Backbone	alpha	Phe	227.19099999999995	0.47829999999999984	100.62000000000002	2.5	TRUE	N[C@@H](Cc1(cc(ccc1F)C(=O)O))C(=O)O	HWKPJLCCMDGWIR-QMMMGPOBSA-N
Phe_3tBu	(S)-2-amino-3-(3-(tert-butyl)phenyl)propanoic acid	Phe(3-tBu)	(2S)-2-amino-3-(3-(tert-butyl)phenyl)propanoic acid	Backbone	alpha	Phe	221.29999999999995	1.9385000000000001	63.32000000000001	5.6	TRUE	N[C@@H](Cc1(cccc(c1)C(C)(C)C))C(=O)O	XYGRGGCXUZSDFB-NSHDSACASA-N
Phe_2OMe_5CO2H	(S)-3-(2-amino-2-carboxyethyl)-4-methoxybenzoic acid	Phe(2-OMe,5-CO2H)	3-((2S)-2-amino-3-hydroxy-3-oxopropyl)-4-methoxybenzene-1-carboxylic acid	Backbone	alpha	Tyr	239.22699999999995	0.3478	109.85000000000001	2.6	TRUE	N[C@@H](Cc1(cc(ccc1OC)C(=O)O))C(=O)O	BVVLWXUBFSPWJW-QMMMGPOBSA-N
4Pal_2F_3Me	(S)-2-amino-3-(2-fluoro-3-methylpyridin-4-yl)propanoic acid	4Pal(2-F,3-Me)	(2S)-2-amino-3-(2-fluoro-3-methylpyridin-4-yl)propanoic acid	Backbone	alpha	Phe	198.19699999999997	0.4835199999999999	76.21	2.2	TRUE	N[C@@H](Cc1(ccnc(F)c1C))C(=O)O	UHGFSQBALWAZQV-ZETCQYMHSA-N
D-Phe_4CO2H	(R)-4-(2-amino-2-carboxyethyl)benzoic acid	D-Phe(4-CO2H)	4-((2R)-2-amino-3-hydroxy-3-oxopropyl)benzoic acid	Backbone	alpha	Phe	209.20099999999996	0.33920000000000006	100.62000000000002	7.1	TRUE	N[C@H](Cc1(ccc(cc1)C(=O)O))C(=O)O	YXDGRBPZVQPESQ-MRVPVSSYSA-N
Trp_4Aza_Me_Aza	(S)-2-amino-3-(1-methyl-1H-pyrazolo[4,3-b]pyridin-3-yl)propanoic acid	Trp(4-Aza,Me,Aza)	(2S)-2-amino-3-(7-methyl-2,7,8-triazabicyclo[4.3.0]nona-1,3,5,8-tetraen-9-yl)propanoic acid	Backbone	alpha	Phe	220.232	-0.07730000000000087	94.03	2.2	TRUE	N[C@@H](Cc1(nn(C)c2(cccnc12)))C(=O)O	NYOSLHSYEKHVOL-LURJTMIESA-N
Phe_2CN_3OMe	(S)-2-amino-3-(2-cyano-3-methoxyphenyl)propanoic acid	Phe(2-CN,3-OMe)	(2S)-2-amino-3-(3-methoxy-2-(nitrilomethyl)phenyl)propanoic acid	Backbone	alpha	Tyr	220.22799999999995	0.5212800000000002	96.34	2.5	TRUE	N[C@@H](Cc1(cccc(OC)c1C#N))C(=O)O	FMGUFHLHDLZGOZ-VIFPVBQESA-N
Phe_2CN_5F	(S)-2-amino-3-(2-cyano-5-fluorophenyl)propanoic acid	Phe(2-CN,5-F)	(2S)-2-amino-3-(5-fluoro-2-(nitrilomethyl)phenyl)propanoic acid	Backbone	alpha	Phe	208.19199999999998	0.65178	87.11	2.7	TRUE	N[C@@H](Cc1(cc(F)ccc1C#N))C(=O)O	HTSDVAWQZZCWLH-VIFPVBQESA-N
Phe_23diCO2H	(S)-3-(2-amino-2-carboxyethyl)phthalic acid	Phe(2,3-diCO2H)	3-((2S)-2-amino-3-hydroxy-3-oxopropyl)benzene-1,2-dicarboxylic acid	Backbone	alpha	Phe	253.20999999999995	0.03739999999999977	137.92000000000002	2.4	TRUE	N[C@@H](Cc1(cccc(C(=O)O)c1C(=O)O))C(=O)O	JUZYXEOXTGILKZ-ZETCQYMHSA-N
Ala_pyrid3yl_2Cl	(S)-2-amino-3-(2-chloropyridin-3-yl)propanoic acid	Ala(pyrid-3-yl(2-Cl))	(2S)-2-amino-3-(2-chloropyridin-3-yl)propanoic acid	Backbone	alpha	Phe	200.62499999999997	0.6894	76.21	3	TRUE	N[C@@H](Cc1(cccnc1Cl))C(=O)O	AUQSTZZDULUDDX-LURJTMIESA-N
Ala_pyrazol4yl_1iBu	(S)-2-amino-3-(1-isobutyl-1H-pyrazol-4-yl)propanoic acid	Ala(pyrazol-4-yl(1-iBu))	(2S)-2-amino-3-(1-(2-methylpropyl)-1H-pyrazol-4-yl)propanoic acid	Backbone	alpha	Phe	211.265	0.49349999999999955	81.14	3.3	TRUE	N[C@@H](Cc1(cnn(c1)CC(C)C))C(=O)O	KOJUSTKPKCMFJP-VIFPVBQESA-N
Ala_99diMefluorenyl	(S)-2-amino-3-(9,9-dimethyl-9H-fluoren-2-yl)propanoic acid	Ala(9,9-diMe-fluorenyl)	(2S)-2-amino-3-(8,8-dimethyltricyclo[7.4.0.0^{2,7}]trideca-1(13),2,4,6,9,11-hexaen-5-yl)propanoic acid	Backbone	alpha	Phe	281.35499999999996	2.947300000000001	63.32000000000001	2.2	TRUE	N[C@@H](Cc3(ccc2(c1(ccccc1C(C)(C)c2c3))))C(=O)O	XYGQCDLPJJUHTD-INIZCTEOSA-N
Nle_44diMe	(S)-2-amino-4,4-dimethylhexanoic acid	Nle(4,4-diMe)	(2S)-2-amino-4,4-dimethylhexanoic acid	Backbone	alpha	Leu	159.22899999999998	1.2245999999999997	63.32000000000001	10.6	TRUE	N[C@@H](CC(C)(C)CC)C(=O)O	UUJYECQXYRUUEJ-LURJTMIESA-N
D-Nle_44diMe	(R)-2-amino-4,4-dimethylhexanoic acid	D-Nle(4,4-diMe)	(2R)-2-amino-4,4-dimethylhexanoic acid	Backbone	alpha	Leu	159.22899999999998	1.2245999999999997	63.32000000000001	10.4	TRUE	N[C@H](CC(C)(C)CC)C(=O)O	UUJYECQXYRUUEJ-ZCFIWIBFSA-N
Phe_2Cl_4OMe	(S)-2-amino-3-(2-chloro-4-methoxyphenyl)propanoic acid	Phe(2-Cl,4-OMe)	(2S)-2-amino-3-(2-chloro-4-methoxyphenyl)propanoic acid	Backbone	alpha	Tyr	229.66299999999998	1.303	72.55	3.9	TRUE	N[C@@H](Cc1(ccc(OC)cc1Cl))C(=O)O	XOTYDECZAOQPHR-VIFPVBQESA-N
D-Pro_4RN3	(2R,4R)-4-azidopyrrolidine-2-carboxylic acid	D-Pro(4R-N3)	(2R,4R)-4-azidopyrrolidine-2-carboxylic acid	Backbone	alpha	Pro	156.14500000000004	0.11179999999999962	98.09000000000002	6.9	TRUE	N1[C@H](C[C@H](C1)N=[N+]=[N-])C(=O)O	PPRFZPZRQYPCER-QWWZWVQMSA-N
3Pal_5Me_6F	(S)-2-amino-3-(6-fluoro-5-methylpyridin-3-yl)propanoic acid	3Pal(5-Me,6-F)	(2S)-2-amino-3-(6-fluoro-5-methylpyridin-3-yl)propanoic acid	Backbone	alpha	Phe	198.197	0.4835199999999999	76.21	2.5	TRUE	N[C@@H](Cc1(cnc(F)c(C)c1))C(=O)O	RFZPUAIXKQDNIF-ZETCQYMHSA-N
3Pal_5CO2H	(S)-5-(2-amino-2-carboxyethyl)nicotinic acid	3Pal(5-CO2H)	5-((2S)-2-amino-3-hydroxy-3-oxopropyl)pyridine-3-carboxylic acid	Backbone	alpha	Phe	210.18899999999996	-0.26580000000000054	113.51	2.7	TRUE	N[C@@H](Cc1(cncc(c1)C(=O)O))C(=O)O	DDHAKORAIDBOED-ZETCQYMHSA-N
Phe_2NH2_4CN	(S)-2-amino-3-(2-amino-4-cyanophenyl)propanoic acid	Phe(2-NH2,4-CN)	(2S)-2-amino-3-(2-amino-4-(nitrilomethyl)phenyl)propanoic acid	Backbone	alpha	Phe	205.21699999999998	0.09487999999999991	113.13000000000001	2.8	TRUE	N[C@@H](Cc1(ccc(C#N)cc1N))C(=O)O	GURRFLGVWOKQHJ-VIFPVBQESA-N
Hyp_CHF2	(2S)-4-(difluoromethoxy)pyrrolidine-2-carboxylic acid	Hyp(CHF2)	(2S)-4-((difluoromethyl)oxy)pyrrolidine-2-carboxylic acid	Backbone	alpha	Pro	181.138	0.0406999999999999	58.56	4.3	TRUE	N1[C@@H](CC(OC(F)F)C1)C(=O)O	YYWVQGXOBZCIRD-BKLSDQPFSA-N
Trp_Me_Aza	(S)-2-amino-3-(2-methyl-2H-indazol-3-yl)propanoic acid	Trp(Me,Aza)	(2S)-2-amino-3-(8-methyl-7,8-diazabicyclo[4.3.0]nona-1(9),2,4,6-tetraen-9-yl)propanoic acid	Backbone	alpha	Phe	219.24399999999997	0.5276999999999998	81.14	2.4	TRUE	N[C@@H](Cc2(c1(ccccc1nn2C)))C(=O)O	IRNJNDFDUGJAFV-QMMMGPOBSA-N
3Pal_2NH2_6Me	(S)-2-amino-3-(2-amino-6-methylpyridin-3-yl)propanoic acid	3Pal(2-NH2,6-Me)	(2S)-2-amino-3-(2-amino-6-methylpyridin-3-yl)propanoic acid	Backbone	alpha	Phe	195.22199999999998	-0.07338000000000022	102.23	2.8	TRUE	N[C@@H](Cc1(ccc(C)nc1N))C(=O)O	SFNFZBURFTYTJX-ZETCQYMHSA-N
Phe_4OEt	(S)-2-amino-3-(2,3-dihydrobenzofuran-5-yl)propanoic acid	Phe(4-OEt)	(2S)-2-amino-3-(7-oxabicyclo[4.3.0]nona-1,3,5-trien-3-yl)propanoic acid	Backbone	alpha	Tyr	207.22899999999996	0.5758999999999999	72.55	4.7	TRUE	N[C@@H](Cc2(ccc1(OCCc1c2)))C(=O)O	HKGMTLHJHVAQAL-VIFPVBQESA-N
Ala_indol1yl	(S)-2-amino-3-(pyrazolo[1,5-a]pyridin-3-yl)propanoic acid	Ala(indol-1-yl)	(2S)-2-amino-3-(1,9-diazabicyclo[4.3.0]nona-2,4,6,8-tetraen-7-yl)propanoic acid	Backbone	alpha	Phe	205.21699999999998	0.28869999999999946	80.61999999999999	2.7	TRUE	N[C@@H](Cc2(cnn1(ccccc12)))C(=O)O	KPOIYQLWQBUZIS-QMMMGPOBSA-N
Ala_pyrid2yl_5F	(S)-2-amino-3-(5-fluoropyridin-2-yl)propanoic acid	Ala(pyrid-2-yl(5-F))	(2S)-2-amino-3-(5-fluoropyridin-2-yl)propanoic acid	Backbone	alpha	Phe	184.16999999999996	0.17509999999999998	76.21	2.9	TRUE	N[C@@H](Cc1(ccc(F)cn1))C(=O)O	YZUVKRZLMIRVEE-ZETCQYMHSA-N
bAla_3SBn_2CN	(S)-3-amino-4-(2-cyanophenyl)butanoic acid	bAla(3S-Bn(2-CN))	(3S)-3-amino-4-(2-(nitrilomethyl)phenyl)butanoic acid	Backbone	beta	Phe	204.22899999999996	0.9027800000000001	87.11	2.9	TRUE	N[C@@H](Cc1(ccccc1C#N))CC(=O)O	VAIQDFORVKLNPH-JTQLQIEISA-N
Lys_DOTA	(S)-2,2',2''-(10-(2-((5-amino-5-carboxypentyl)amino)-2-oxoethyl)-1,4,7,10-tetraazacyclododecane-1,4,7-triyl)triacetic acid	Lys(DOTA)	(2S)-2-amino-6-((4,7,10-tris(2-hydroxy-2-oxoethyl)-1,4,7,10-tetraazacyclododecan-1-yl)methylcarbonylamino)hexanoic acid	Backbone	alpha	X	532.5950000000005	-2.8397999999999923	217.27999999999997	3.3	TRUE	N[C@@H](CCCCNC(=O)CN1CCN(CC(=O)O)CCN(CC(=O)O)CCN(CC(=O)O)CC1)C(=O)O	JCEJITBDLXNFBI-KRWDZBQOSA-N
D-Lys_DOTA	(R)-2,2',2''-(10-(2-((5-amino-5-carboxypentyl)amino)-2-oxoethyl)-1,4,7,10-tetraazacyclododecane-1,4,7-triyl)triacetic acid	D-Lys(DOTA)	(2R)-2-amino-6-((4,7,10-tris(2-hydroxy-2-oxoethyl)-1,4,7,10-tetraazacyclododecan-1-yl)methylcarbonylamino)hexanoic acid	Backbone	alpha	X	532.5950000000005	-2.8397999999999923	217.27999999999997	3.3	TRUE	N[C@H](CCCCNC(=O)CN1CCN(CC(=O)O)CCN(CC(=O)O)CCN(CC(=O)O)CC1)C(=O)O	JCEJITBDLXNFBI-QGZVFWFLSA-N
Phe_2CF3_4CN	(S)-2-amino-3-(4-cyano-2-(trifluoromethyl)phenyl)propanoic acid	Phe(2-CF3,4-CN)	(2S)-2-amino-3-(4-(nitrilomethyl)-2-(trifluoromethyl)phenyl)propanoic acid	Backbone	alpha	Phe	258.19899999999996	1.5314800000000002	87.11	2.2	TRUE	N[C@@H](Cc1(ccc(C#N)cc1C(F)(F)F))C(=O)O	AWEOHTMMHAYRST-VIFPVBQESA-N
4-aza-Ac6c_Bn_3Cl	4-amino-1-(3-chlorobenzyl)piperidine-4-carboxylic acid	4-aza-Ac6c(Bn(3-Cl))	4-amino-1-((3-chlorophenyl)methyl)piperidine-4-carboxylic acid	Backbone	alpha	X	268.744	1.7178999999999998	66.56	5.1	TRUE	NC1(CCN(CC1)Cc2(cccc(Cl)c2))C(=O)O	UADRFWIPKAMILQ-UHFFFAOYSA-N
3Pal_2Me_6OH	(S)-2-amino-3-(6-hydroxy-2-methylpyridin-3-yl)propanoic acid	3Pal(2-Me,6-OH)	(2S)-2-amino-3-(6-hydroxy-2-methylpyridin-3-yl)propanoic acid	Backbone	alpha	Phe	196.20599999999996	0.0500199999999999	96.44000000000001	2.4	TRUE	N[C@@H](Cc1(ccc(O)nc1C))C(=O)O	CMDYBSHHTRYQFQ-ZETCQYMHSA-N
1Nal_CO2H	(S)-8-(2-amino-2-carboxyethyl)-1-naphthoic acid	1Nal(CO2H)	8-((2S)-2-amino-3-hydroxy-3-oxopropyl)naphthalene-1-carboxylic acid	Backbone	alpha	Phe	259.26099999999997	1.4924000000000002	100.62000000000002	2.3	TRUE	N[C@@H](Cc2(cccc1(cccc(C(=O)O)c12)))C(=O)O	IKQCFELVDACWEC-NSHDSACASA-N
Phe_4cHex_4SPr	(S)-2-amino-3-(4-((1s,4S)-4-propylcyclohexyl)phenyl)propanoic acid	Phe(4-cHex(4S-Pr))	(2S)-2-amino-3-(4-(trans-4-propylcyclohexyl)phenyl)propanoic acid	Backbone	alpha	Phe	289.4189999999999	3.7149000000000028	63.32000000000001	2.5	TRUE	N[C@@H](Cc1(ccc(cc1)[C@@H]2(CC[C@@H](CCC)CC2)))C(=O)O	CIAOKTKTHOSCHU-QRTARXTBSA-N
Phe_2CO2H_4Me	(S)-2-(2-amino-2-carboxyethyl)-5-methylbenzoic acid	Phe(2-CO2H,4-Me)	2-((2S)-2-amino-3-hydroxy-3-oxopropyl)-5-methylbenzene-1-carboxylic acid	Backbone	alpha	Phe	223.22799999999995	0.64762	100.62000000000002	2.7	TRUE	N[C@@H](Cc1(ccc(C)cc1C(=O)O))C(=O)O	VWSSPQJVPUDNCJ-VIFPVBQESA-N
3Pal_2F_6F	(S)-2-amino-3-(2,6-difluoropyridin-3-yl)propanoic acid	3Pal(2-F,6-F)	(2S)-2-amino-3-(2,6-difluoropyridin-3-yl)propanoic acid	Backbone	alpha	Phe	202.15999999999997	0.3142000000000002	76.21	2.6	TRUE	N[C@@H](Cc1(ccc(F)nc1F))C(=O)O	TZTBYBDFDRGXOJ-YFKPBYRVSA-N
Phe_2F_5For	(S)-2-amino-3-(2-fluoro-5-formylphenyl)propanoic acid	Phe(2-F,5-For)	(2S)-2-amino-3-(2-fluoro-5-(formyl)phenyl)propanoic acid	Backbone	alpha	Phe	211.19199999999995	0.5926000000000002	80.39	2.8	TRUE	N[C@@H](Cc1(cc(C=O)ccc1F))C(=O)O	WBDCEWJZNXPJES-VIFPVBQESA-N
Phe_3CHF2	(S)-2-amino-3-(3-(difluoromethyl)phenyl)propanoic acid	Phe(3-CHF2)	(2S)-2-amino-3-(3-(difluoromethyl)phenyl)propanoic acid	Backbone	alpha	Phe	215.19899999999996	1.5786000000000002	63.32000000000001	5.6	TRUE	N[C@@H](Cc1(cccc(c1)C(F)F))C(=O)O	GDFSRZQVLSUWKV-QMMMGPOBSA-N
3Pal_5Me_6NH2	(S)-2-amino-3-(6-amino-5-methylpyridin-3-yl)propanoic acid	3Pal(5-Me,6-NH2)	(2S)-2-amino-3-(6-amino-5-methylpyridin-3-yl)propanoic acid	Backbone	alpha	Phe	195.222	-0.07338000000000028	102.23	2.9	TRUE	N[C@@H](Cc1(cnc(N)c(C)c1))C(=O)O	QZEPXHAQCZUJSV-ZETCQYMHSA-N
Phg_3Cl	(S)-2-amino-2-(3-chlorophenyl)acetic acid	Phg(3-Cl)	(2S)-2-amino-2-(3-chlorophenyl)acetic acid	Backbone	alpha	X	185.60999999999999	1.4244	63.32000000000001	9.5	TRUE	N[C@@H](c1(cccc(Cl)c1))C(=O)O	MGOUENCSVMAGSE-ZETCQYMHSA-N
Ala_pyrimid4yl_2SMe	(S)-2-amino-3-(2-(methylthio)pyrimidin-4-yl)propanoic acid	Ala(pyrimid-4-yl(2-SMe))	(2S)-2-amino-3-(2-(methylsulfanyl)pyrimidin-4-yl)propanoic acid	Backbone	alpha	Phe	213.26199999999997	0.15289999999999976	89.10000000000001	2.7	TRUE	N[C@@H](Cc1(ccnc(n1)SC))C(=O)O	GRFRLBPIABADAZ-LURJTMIESA-N
Ala_13benzodioxol4yl	(S)-2-amino-3-(benzo[d][1,3]dioxol-4-yl)propanoic acid	Ala(1,3-benzodioxol-4-yl)	(2S)-2-amino-3-(7,9-dioxabicyclo[4.3.0]nona-1(6),2,4-trien-2-yl)propanoic acid	Backbone	alpha	Tyr	209.20099999999994	0.36969999999999986	81.78	2.9	TRUE	N[C@@H](Cc1(cccc2(OCOc12)))C(=O)O	WCBYRDURNLBWDD-ZETCQYMHSA-N
Phe_2CO2H_5Me	(S)-2-(2-amino-2-carboxyethyl)-4-methylbenzoic acid	Phe(2-CO2H,5-Me)	2-((2S)-2-amino-3-hydroxy-3-oxopropyl)-4-methylbenzene-1-carboxylic acid	Backbone	alpha	Phe	223.22799999999995	0.64762	100.62000000000002	2.6	TRUE	N[C@@H](Cc1(cc(C)ccc1C(=O)O))C(=O)O	JMAXARUYMCXVCF-VIFPVBQESA-N
Ala_pyridazin3yl_6Cl	(S)-2-amino-3-(6-chloropyridazin-3-yl)propanoic acid	Ala(pyridazin-3-yl(6-Cl))	(2S)-2-amino-3-(6-chloropyridazin-3-yl)propanoic acid	Backbone	alpha	Phe	201.613	0.08439999999999975	89.10000000000001	2.6	TRUE	N[C@@H](Cc1(ccc(Cl)nn1))C(=O)O	DDCIPAULZBTVPC-YFKPBYRVSA-N
Phe_3CO2H_4Me	(S)-5-(2-amino-2-carboxyethyl)-2-methylbenzoic acid	Phe(3-CO2H,4-Me)	5-((2S)-2-amino-3-hydroxy-3-oxopropyl)-2-methylbenzene-1-carboxylic acid	Backbone	alpha	Phe	223.22799999999998	0.64762	100.62000000000002	4.3	TRUE	N[C@@H](Cc1(ccc(C)c(c1)C(=O)O))C(=O)O	KBUTYUKZWBMHBM-VIFPVBQESA-N
Nle_ethynyl	(S)-2-aminooct-7-ynoic acid	Nle(ethynyl)	(2S)-2-aminooct-7-ynoic acid	Backbone	alpha	Leu	155.197	0.5918999999999999	63.32000000000001	3.9	TRUE	N[C@@H](CCCCC#C)C(=O)O	HYWGKAZTGORCAE-ZETCQYMHSA-N
4Pal_2Cl_5Me	(S)-2-amino-3-(2-chloro-5-methylpyridin-4-yl)propanoic acid	4Pal(2-Cl,5-Me)	(2S)-2-amino-3-(2-chloro-5-methylpyridin-4-yl)propanoic acid	Backbone	alpha	Phe	214.652	0.9978199999999999	76.21	2.5	TRUE	N[C@@H](Cc1(cc(Cl)ncc1C))C(=O)O	UFQARVWZVUZHAL-ZETCQYMHSA-N
Phe_2Me_4F	(S)-2-amino-3-(4-fluoro-2-methylphenyl)propanoic acid	Phe(2-Me,4-F)	(2S)-2-amino-3-(4-fluoro-2-methylphenyl)propanoic acid	Backbone	alpha	Phe	197.20899999999997	1.0885200000000002	63.32000000000001	4.2	TRUE	N[C@@H](Cc1(ccc(F)cc1C))C(=O)O	WDSUDTPFZZINJC-VIFPVBQESA-N
Ala_1Hindazolyl	(S)-2-amino-3-(1H-indazol-6-yl)propanoic acid	Ala(1H-indazolyl)	(2S)-2-amino-3-(1H-indazol-6-yl)propanoic acid	Backbone	alpha	Phe	205.21699999999998	0.5172999999999999	92	2.7	TRUE	N[C@@H](Cc2(ccc1(cn[nH]c1c2)))C(=O)O	OYMNKWWOWKDCMR-QMMMGPOBSA-N
Phe_23diMe_4OMe	(S)-2-amino-3-(4-methoxy-2,3-dimethylphenyl)propanoic acid	Phe(2,3-diMe,4-OMe)	(2S)-2-amino-3-(4-methoxy-2,3-dimethylphenyl)propanoic acid	Backbone	alpha	Tyr	223.27199999999996	1.2664399999999998	72.55	3	TRUE	N[C@@H](Cc1(ccc(OC)c(C)c1C))C(=O)O	XOXKSLGPWZNSBO-JTQLQIEISA-N
HOCOCH2-bAla-NH2	(3-amino-3-oxopropyl)glycine	HOCOCH2-bAla-NH2	2-((3-amino-3-oxopropyl)amino)acetic acid	Backbone	alpha	Gly	146.14600000000002	-1.463999999999999	92.42	11.6	TRUE	N(CCC(=O)N)CC(=O)O	MNDBDVPDSHGIHR-UHFFFAOYSA-N
Phe_2OMe_5NO2	(S)-2-amino-3-(2-methoxy-5-nitrophenyl)propanoic acid	Phe(2-OMe,5-NO2)	(2S)-2-amino-3-(2-methoxy-5-nitrophenyl)propanoic acid	Backbone	alpha	Tyr	240.21499999999995	0.5578000000000001	115.69000000000001	3.2	TRUE	N[C@@H](Cc1(cc(ccc1OC)[N+](=O)[O-]))C(=O)O	QUYPVQLXQVVAGB-QMMMGPOBSA-N
D-Phe_2Cl_5Br	(R)-2-amino-3-(5-bromo-2-chlorophenyl)propanoic acid	D-Phe(2-Cl,5-Br)	(2R)-2-amino-3-(5-bromo-2-chlorophenyl)propanoic acid	Backbone	alpha	Phe	278.533	2.0569	63.32000000000001	2.9	TRUE	N[C@H](Cc1(cc(Br)ccc1Cl))C(=O)O	WHUPPRGZWKRSEB-MRVPVSSYSA-N
Phe_3Me_5Cl	(S)-2-amino-3-(3-chloro-5-methylphenyl)propanoic acid	Phe(3-Me,5-Cl)	(2S)-2-amino-3-(3-chloro-5-methylphenyl)propanoic acid	Backbone	alpha	Phe	213.664	1.6028200000000001	63.32000000000001	4.1	TRUE	N[C@@H](Cc1(cc(C)cc(Cl)c1))C(=O)O	FVEBDZVIMRPQPK-VIFPVBQESA-N
Phe_42_5diMepyrrol1yl	(S)-2-amino-3-(4-(2,5-dimethyl-1H-pyrrol-1-yl)phenyl)propanoic acid	Phe(4-2,5-diMe-pyrrol-1-yl)	(2S)-2-amino-3-(4-(2,5-dimethyl-1H-pyrrol-1-yl)phenyl)propanoic acid	Backbone	alpha	Phe	258.3209999999999	2.04854	68.25	2.6	TRUE	N[C@@H](Cc1(ccc(cc1)n2(c(C)ccc2C)))C(=O)O	YJXFEIFSKOMFCJ-AWEZNQCLSA-N
Phe_24diF_5CO2H	(S)-5-(2-amino-2-carboxyethyl)-2,4-difluorobenzoic acid	Phe(2,4-diF,5-CO2H)	5-((2S)-2-amino-3-hydroxy-3-oxopropyl)-2,4-difluorobenzene-1-carboxylic acid	Backbone	alpha	Phe	245.18099999999995	0.6174000000000001	100.62000000000002	2.3	TRUE	N[C@@H](Cc1(cc(C(=O)O)c(F)cc1F))C(=O)O	BMNQNSFRESQUQO-QMMMGPOBSA-N
Phe_2Ac	(S)-3-(2-acetylphenyl)-2-aminopropanoic acid	Phe(2-Ac)	(2S)-3-(2-(acetyl)phenyl)-2-aminopropanoic acid	Backbone	alpha	Phe	207.22899999999996	0.8435999999999999	80.39	3.6	TRUE	N[C@@H](Cc1(ccccc1C(=O)C))C(=O)O	LOKIKMDXXPVODH-JTQLQIEISA-N
Ala_pyrid2yl_3OMe	(S)-2-amino-3-(3-methoxypyridin-2-yl)propanoic acid	Ala(pyrid-2-yl(3-OMe))	(2S)-2-amino-3-(3-methoxypyridin-2-yl)propanoic acid	Backbone	alpha	Phe	196.20599999999996	0.044599999999999695	85.44000000000001	2.7	TRUE	N[C@@H](Cc1(ncccc1OC))C(=O)O	WTCMOJAUPHVFPZ-LURJTMIESA-N
Phe_2F_3CN	(S)-2-amino-3-(3-cyano-2-fluorophenyl)propanoic acid	Phe(2-F,3-CN)	(2S)-2-amino-3-(2-fluoro-3-(nitrilomethyl)phenyl)propanoic acid	Backbone	alpha	Phe	208.19199999999995	0.6517800000000002	87.11	2.5	TRUE	N[C@@H](Cc1(cccc(C#N)c1F))C(=O)O	FBJWEPCTQWESIO-QMMMGPOBSA-N
Phe_26diMe_4Cl	(S)-2-amino-3-(4-chloro-2,6-dimethylphenyl)propanoic acid	Phe(2,6-diMe,4-Cl)	(2S)-2-amino-3-(4-chloro-2,6-dimethylphenyl)propanoic acid	Backbone	alpha	Phe	227.69099999999997	1.9112400000000003	63.32000000000001	2.6	TRUE	N[C@@H](Cc1(c(C)cc(Cl)cc1C))C(=O)O	DFQWQVBCIGVEKN-JTQLQIEISA-N
Phe_2NH2_5Ac	(S)-3-(5-acetyl-2-aminophenyl)-2-aminopropanoic acid	Phe(2-NH2,5-Ac)	(2S)-3-(5-(acetyl)-2-aminophenyl)-2-aminopropanoic acid	Backbone	alpha	Phe	222.24399999999994	0.4258	106.41000000000001	2.7	TRUE	N[C@@H](Cc1(cc(ccc1N)C(=O)C))C(=O)O	WRKGLUWMGNRNOT-JTQLQIEISA-N
Ala_2Mebenzimidazolyl	(S)-2-amino-3-(2-methyl-1H-benzo[d]imidazol-5-yl)propanoic acid	Ala(2-Me-benzimidazolyl)	(2S)-2-amino-3-(2-methyl-1H-benzimidazol-5-yl)propanoic acid	Backbone	alpha	Phe	219.24399999999997	0.8257199999999998	92.00000000000001	3.6	TRUE	N[C@@H](Cc2(ccc1([nH]c(C)nc1c2)))C(=O)O	UQPFCVPREPFMNJ-QMMMGPOBSA-N
Phe_4H2NBu	(S)-2-amino-3-(4-(cyclopropanecarboxamido)phenyl)propanoic acid	Phe(4-H2NBu)	(2S)-2-amino-3-(4-cyclopropylcarbonylaminophenyl)propanoic acid	Backbone	alpha	Phe	248.28199999999993	0.9894999999999996	92.42	4.3	TRUE	N[C@@H](Cc1(ccc(cc1)NC(=O)C2(CC2)))C(=O)O	ANRRDOHWPYVPFU-NSHDSACASA-N
4Pal_2F_5Me	(S)-2-amino-3-(2-fluoro-5-methylpyridin-4-yl)propanoic acid	4Pal(2-F,5-Me)	(2S)-2-amino-3-(2-fluoro-5-methylpyridin-4-yl)propanoic acid	Backbone	alpha	Phe	198.19699999999997	0.4835199999999999	76.21	2.4	TRUE	N[C@@H](Cc1(cc(F)ncc1C))C(=O)O	XDTUABHVVLMBMN-ZETCQYMHSA-N
Phe_2Me_3NH2	(S)-2-amino-3-(3-amino-2-methylphenyl)propanoic acid	Phe(2-Me,3-NH2)	(2S)-2-amino-3-(3-amino-2-methylphenyl)propanoic acid	Backbone	alpha	Phe	194.23399999999998	0.53162	89.34	4	TRUE	N[C@@H](Cc1(cccc(N)c1C))C(=O)O	SXTSGDAJEJBSNU-VIFPVBQESA-N
3Pal_4Me_6F	(S)-2-amino-3-(6-fluoro-4-methylpyridin-3-yl)propanoic acid	3Pal(4-Me,6-F)	(2S)-2-amino-3-(6-fluoro-4-methylpyridin-3-yl)propanoic acid	Backbone	alpha	Phe	198.19699999999997	0.4835199999999999	76.21	2.5	TRUE	N[C@@H](Cc1(cnc(F)cc1C))C(=O)O	SVTDNBYIJVNHDP-ZETCQYMHSA-N
Phe_4cHex_4Spentyl	(S)-2-amino-3-(4-((1s,4S)-4-pentylcyclohexyl)phenyl)propanoic acid	Phe(4-cHex(4S-pentyl))	(2S)-2-amino-3-(4-(trans-4-pentylcyclohexyl)phenyl)propanoic acid	Backbone	alpha	Phe	317.473	4.495100000000003	63.32000000000001	2.4	TRUE	N[C@@H](Cc1(ccc(cc1)[C@@H]2(CC[C@@H](CCCCC)CC2)))C(=O)O	BORGFFOURUXTBP-IEZWGBDMSA-N
Phe_4cHex_4pentyl	(S)-2-amino-3-(4-(4-pentylcyclohexyl)phenyl)propanoic acid	Phe(4-cHex(4-pentyl))	(2S)-2-amino-3-(4-(4-pentylcyclohexyl)phenyl)propanoic acid	Backbone	alpha	Phe	317.473	4.495100000000003	63.32000000000001	3	TRUE	N[C@@H](Cc1(ccc(cc1)C2(CCC(CCCCC)CC2)))C(=O)O	BORGFFOURUXTBP-KVWWFHCMSA-N
3Pal_2Me_6F	(S)-2-amino-3-(6-fluoro-2-methylpyridin-3-yl)propanoic acid	3Pal(2-Me,6-F)	(2S)-2-amino-3-(6-fluoro-2-methylpyridin-3-yl)propanoic acid	Backbone	alpha	Phe	198.19699999999997	0.4835199999999999	76.21	2.4	TRUE	N[C@@H](Cc1(ccc(F)nc1C))C(=O)O	XNAWFZLBPKWJPO-ZETCQYMHSA-N
Ala_pyrid2yl_3F	(S)-2-amino-3-(3-fluoropyridin-2-yl)propanoic acid	Ala(pyrid-2-yl(3-F))	(2S)-2-amino-3-(3-fluoropyridin-2-yl)propanoic acid	Backbone	alpha	Phe	184.16999999999996	0.17509999999999953	76.21	3.3	TRUE	N[C@@H](Cc1(ncccc1F))C(=O)O	NKPHSFPWSMDVDY-LURJTMIESA-N
Ala_pyrazol3yl_5Me	(S)-2-amino-3-(5-methyl-1H-pyrazol-3-yl)propanoic acid	Ala(pyrazol-3-yl(5-Me))	(2S)-2-amino-3-(5-methyl-1H-pyrazol-3-yl)propanoic acid	Backbone	alpha	Phe	169.184	-0.32748000000000027	92.00000000000001	3.7	TRUE	N[C@@H](Cc1(cc(C)[nH]n1))C(=O)O	QPSXLWSNJRSDBV-LURJTMIESA-N
His_5Me	(S)-2-amino-3-(4-methyl-1H-imidazol-5-yl)propanoic acid	His(5-Me)	(2S)-2-amino-3-(4-methyl-1H-imidazol-5-yl)propanoic acid	Backbone	alpha	His	169.184	-0.3274800000000007	92.00000000000001	7.1	TRUE	N[C@@H](Cc1([nH]cnc1C))C(=O)O	UAFOEWLJICDDGE-YFKPBYRVSA-N
Phe_2CH2CN	(S)-2-amino-3-(2-(cyanomethyl)phenyl)propanoic acid	Phe(2-CH2CN)	(2S)-2-amino-3-(2-(2-nitriloethyl)phenyl)propanoic acid	Backbone	alpha	Phe	204.22899999999996	0.7070800000000002	87.11	2.7	TRUE	N[C@@H](Cc1(ccccc1CC#N))C(=O)O	DHSDSTJTOQZLPX-JTQLQIEISA-N
Phe_3EtO2H	(S)-2-amino-3-(3-(carboxymethyl)phenyl)propanoic acid	Phe(3-EtO2H)	(2S)-2-amino-3-(3-(2-hydroxy-2-oxoethyl)phenyl)propanoic acid	Backbone	alpha	Phe	223.22799999999995	0.26809999999999967	100.62000000000002	3.7	TRUE	N[C@@H](Cc1(cccc(c1)CC(=O)O))C(=O)O	VZHJWCSHMMYFJH-VIFPVBQESA-N
2-amino-Ac5c_1R_2S	(1R,2S)-2-aminocyclopentane-1-carboxylic acid	2-amino-Ac5c(1R,2S)	(1R,2S)-2-aminocyclopentanecarboxylic acid	Backbone	beta	Val	129.15900000000002	0.19839999999999985	63.32000000000001	9.1	TRUE	N[C@@H]1[C@@H](CCC1)C(=O)O	JWYOAMOZLZXDER-UHNVWZDZSA-N
Phe_3EtOH	(S)-2-amino-3-(2,3-dihydrobenzofuran-7-yl)propanoic acid	Phe(3-EtOH)	(2S)-2-amino-3-(7-oxabicyclo[4.3.0]nona-1(6),2,4-trien-5-yl)propanoic acid	Backbone	alpha	Tyr	207.22899999999996	0.5759000000000003	72.55	3.1	TRUE	N[C@@H](Cc1(cccc2(CCOc12)))C(=O)O	HURFZLPNHSWPAK-VIFPVBQESA-N
aMePip	(S)-2-methylpiperidine-2-carboxylic acid	aMePip	(2S)-2-methylpiperidine-2-carboxylic acid	Backbone	alpha	Pro	143.186	0.6032	49.33	7.4	TRUE	N1[C@@](C)(CCCC1)C(=O)O	GLNOAERYNWZGJY-ZETCQYMHSA-N
Phe_2CO2H_5NO2	(S)-2-(2-amino-2-carboxyethyl)-4-nitrobenzoic acid	Phe(2-CO2H,5-NO2)	2-((2S)-2-amino-3-hydroxy-3-oxopropyl)-4-nitrobenzene-1-carboxylic acid	Backbone	alpha	Phe	254.19799999999995	0.24739999999999973	143.76	2.3	TRUE	N[C@@H](Cc1(cc(ccc1C(=O)O)[N+](=O)[O-]))C(=O)O	FPRNBVJGEOEJLY-QMMMGPOBSA-N
Ala_pyrazol3yl_5tBu	(S)-2-amino-3-(5-(tert-butyl)-1H-pyrazol-3-yl)propanoic acid	Ala(pyrazol-3-yl(5-tBu))	(2S)-2-amino-3-(5-(tert-butyl)-1H-pyrazol-3-yl)propanoic acid	Backbone	alpha	Phe	211.265	0.6615999999999993	92.00000000000001	2.2	TRUE	N[C@@H](Cc1(cc([nH]n1)C(C)(C)C))C(=O)O	BKWNHQDGCGAXBB-ZETCQYMHSA-N
Phe_3CF3_4CO2H	(S)-4-(2-amino-2-carboxyethyl)-2-(trifluoromethyl)benzoic acid	Phe(3-CF3,4-CO2H)	4-((2S)-2-amino-3-hydroxy-3-oxopropyl)-2-(trifluoromethyl)benzoic acid	Backbone	alpha	Phe	277.198	1.3580000000000003	100.62000000000002	2.2	TRUE	N[C@@H](Cc1(ccc(C(=O)O)c(c1)C(F)(F)F))C(=O)O	SCVJJUSINHSUGA-QMMMGPOBSA-N
Phe_3Cl_4CO2H	(S)-4-(2-amino-2-carboxyethyl)-2-chlorobenzoic acid	Phe(3-Cl,4-CO2H)	4-((2S)-2-amino-3-hydroxy-3-oxopropyl)-2-chlorobenzene-1-carboxylic acid	Backbone	alpha	Phe	243.646	0.9926000000000001	100.62000000000002	2.6	TRUE	N[C@@H](Cc1(ccc(C(=O)O)c(Cl)c1))C(=O)O	KRIXMTLJHPVGIF-QMMMGPOBSA-N
Phe_2CO2H_4NH2	(S)-5-amino-2-(2-amino-2-carboxyethyl)benzoic acid	Phe(2-CO2H,4-NH2)	5-amino-2-((2S)-2-amino-3-hydroxy-3-oxopropyl)benzoic acid	Backbone	alpha	Phe	224.21599999999998	-0.07860000000000034	126.64	2.6	TRUE	N[C@@H](Cc1(ccc(N)cc1C(=O)O))C(=O)O	AXBQHRKYYHHTSS-QMMMGPOBSA-N
Phe_3CF3_4F	(S)-2-amino-3-(4-fluoro-3-(trifluoromethyl)phenyl)propanoic acid	Phe(3-CF3,4-F)	(2S)-2-amino-3-(4-fluoro-3-(trifluoromethyl)phenyl)propanoic acid	Backbone	alpha	Phe	251.17899999999995	1.7989000000000002	63.32000000000001	2.8	TRUE	N[C@@H](Cc1(ccc(F)c(c1)C(F)(F)F))C(=O)O	JKURDBSSRLCLKP-QMMMGPOBSA-N
Phe_2Me_3Cl	(S)-2-amino-3-(3-chloro-2-methylphenyl)propanoic acid	Phe(2-Me,3-Cl)	(2S)-2-amino-3-(3-chloro-2-methylphenyl)propanoic acid	Backbone	alpha	Phe	213.66399999999996	1.6028200000000001	63.32000000000001	3.5	TRUE	N[C@@H](Cc1(cccc(Cl)c1C))C(=O)O	WTRMMPQFCOJINO-VIFPVBQESA-N
Ala_2oxotetrahydroquinolinyl	(S)-2-amino-3-(2-oxo-1,2,3,4-tetrahydroquinolin-6-yl)propanoic acid	Ala(2-oxo-tetrahydroquinolinyl)	(2S)-2-amino-3-(3-oxo-2-azabicyclo[4.4.0]deca-1(10),6,8-trien-8-yl)propanoic acid	Backbone	alpha	Phe	234.25499999999994	0.5256999999999996	92.42	2.8	TRUE	N[C@@H](Cc2(ccc1(NC(=O)CCc1c2)))C(=O)O	DVHWRQBRWMYQRZ-VIFPVBQESA-N
Phe_2NH2_4Me	(S)-2-amino-3-(2-amino-4-methylphenyl)propanoic acid	Phe(2-NH2,4-Me)	(2S)-2-amino-3-(2-amino-4-methylphenyl)propanoic acid	Backbone	alpha	Phe	194.23399999999995	0.53162	89.34	3.7	TRUE	N[C@@H](Cc1(ccc(C)cc1N))C(=O)O	ZIAYHZBNDYJFKK-VIFPVBQESA-N
Phe_3Me_5F	(S)-2-amino-3-(3-fluoro-5-methylphenyl)propanoic acid	Phe(3-Me,5-F)	(2S)-2-amino-3-(3-fluoro-5-methylphenyl)propanoic acid	Backbone	alpha	Phe	197.20899999999997	1.0885200000000002	63.32000000000001	4.1	TRUE	N[C@@H](Cc1(cc(C)cc(F)c1))C(=O)O	OEGJALAYWIUJRR-VIFPVBQESA-N
Q0004	2-(2-{3-[(2S)-2-amino-2-carboxyethyl]-4-ethylphenyl}propan-2-yl)-6-cyano-1H-indole-3-carboxylic acid		2-(2-(3-((2S)-2-amino-3-hydroxy-3-oxopropyl)-4-ethylphenyl)propan-2-yl)-6-cyano-1H-indole-3-carboxylic acid	Backbone	alpha	Phe	419.4810000000001	3.5804800000000014	140.2	2.2	TRUE	N[C@@H](Cc1(cc(ccc1CC)C(C)(C)c3([nH]c2(cc(C#N)ccc2c3C(=O)O))))C(=O)O	IYZFETXPFHGSRC-SFHVURJKSA-N
Phe_2OMe_5Cl	(S)-2-amino-3-(5-chloro-2-methoxyphenyl)propanoic acid	Phe(2-OMe,5-Cl)	(2S)-2-amino-3-(5-chloro-2-methoxyphenyl)propanoic acid	Backbone	alpha	Tyr	229.66299999999998	1.303	72.55	3.1	TRUE	N[C@@H](Cc1(cc(Cl)ccc1OC))C(=O)O	GYEARKBBUBYION-QMMMGPOBSA-N
Phe_2F_4CO2H	(S)-4-(2-amino-2-carboxyethyl)-3-fluorobenzoic acid	Phe(2-F,4-CO2H)	4-((2S)-2-amino-3-hydroxy-3-oxopropyl)-3-fluorobenzene-1-carboxylic acid	Backbone	alpha	Phe	227.19099999999995	0.47829999999999984	100.62000000000002	2.7	TRUE	N[C@@H](Cc1(ccc(cc1F)C(=O)O))C(=O)O	QEFADKVSLNWCFL-QMMMGPOBSA-N
Phe_2Cl_4OCF3	(2S)-2-amino-3-[2-chloro-4-(trifluoromethoxy)phenyl]propanoic acid	Tyr(CF3,2-Cl)	(2S)-2-amino-3-(2-chloro-4-((trifluoromethyl)oxy)phenyl)propanoic acid	Backbone	alpha	Tyr	283.633	2.193	72.55	2.5	TRUE	N[C@@H](Cc1(ccc(OC(F)(F)F)cc1Cl))C(=O)O	OWSGPBXLIHKJOL-QMMMGPOBSA-N
bAla_3Rnaphth2ylmethyl	(R)-3-amino-4-(naphthalen-2-yl)butanoic acid	bAla(3R-naphth-2-ylmethyl)	(3R)-3-amino-4-(naphthalen-2-yl)butanoic acid	Backbone	beta	Phe	229.27899999999997	2.1843	63.32000000000001	5.5	TRUE	N[C@H](Cc2(ccc1(ccccc1c2)))CC(=O)O	WSVMIVFELRCSPA-CYBMUJFWSA-N
4Pal_2F_5F	(S)-2-amino-3-(2,5-difluoropyridin-4-yl)propanoic acid	4Pal(2-F,5-F)	(2S)-2-amino-3-(2,5-difluoropyridin-4-yl)propanoic acid	Backbone	alpha	Phe	202.15999999999997	0.31419999999999976	76.21	2.4	TRUE	N[C@@H](Cc1(cc(F)ncc1F))C(=O)O	GFAOTXJJHWRIQG-LURJTMIESA-N
Hyp_prop2ynyl	(2S,4R)-4-(prop-2-yn-1-yloxy)pyrrolidine-2-carboxylic acid	Hyp(prop-2-ynyl)	(2S,4R)-4-((prop-2-yn-1-yl)oxy)pyrrolidine-2-carboxylic acid	Backbone	alpha	Pro	169.18	-0.5487	58.56	3.4	TRUE	N1[C@@H](C[C@@H](OCC#C)C1)C(=O)O	ZXFXGGZFTHVWKF-RQJHMYQMSA-N
2Pal_3NH2_6Me	(S)-2-amino-3-(3-amino-6-methylpyridin-2-yl)propanoic acid	2Pal(3-NH2,6-Me)	(2S)-2-amino-3-(3-amino-6-methylpyridin-2-yl)propanoic acid	Backbone	alpha	Phe	195.22199999999998	-0.07338000000000022	102.23	2.7	TRUE	N[C@@H](Cc1(nc(C)ccc1N))C(=O)O	WMRQLVYUDDZVFJ-ZETCQYMHSA-N
Phe_2F_3Cl	(S)-2-amino-3-(3-chloro-2-fluorophenyl)propanoic acid	Phe(2-F,3-Cl)	(2S)-2-amino-3-(3-chloro-2-fluorophenyl)propanoic acid	Backbone	alpha	Phe	217.62699999999995	1.4335000000000002	63.32000000000001	7	TRUE	N[C@@H](Cc1(cccc(Cl)c1F))C(=O)O	LSZBXQYJHCORIE-ZETCQYMHSA-N
hSec	(S)-2-amino-4-hydroselenobutanoic acid	hSec	(2S)-2-amino-4-selanylbutanoic acid	Backbone	alpha	Cys	182.081	-0.8925000000000003	63.32000000000001	5.9	TRUE	N[C@@H](CC[SeH])C(=O)O	RCWCGLALNCIQNM-VKHMYHEASA-N
Phe_2Ph	(S)-3-([1,1'-biphenyl]-2-yl)-2-aminopropanoic acid	Phe(2-Ph)	(2S)-2-amino-3-(2-phenylphenyl)propanoic acid	Backbone	alpha	Phe	241.29	2.308	63.32000000000001	4.4	TRUE	N[C@@H](Cc1(ccccc1c2(ccccc2)))C(=O)O	DBMVJVZQGTXWTP-AWEZNQCLSA-N
Phe_3Cl_4F_5CF3	(S)-2-amino-3-(3-chloro-4-fluoro-5-(trifluoromethyl)phenyl)propanoic acid	Phe(3-Cl,4-F,5-CF3)	(2S)-2-amino-3-(3-chloro-4-fluoro-5-(trifluoromethyl)phenyl)propanoic acid	Backbone	alpha	Phe	285.62399999999997	2.4523	63.32000000000001	2.4	TRUE	N[C@@H](Cc1(cc(Cl)c(F)c(c1)C(F)(F)F))C(=O)O	CANIYZBQTQSMEZ-ZETCQYMHSA-N
Phe_2Me_5Cl	(S)-2-amino-3-(5-chloro-2-methylphenyl)propanoic acid	Phe(2-Me,5-Cl)	(2S)-2-amino-3-(5-chloro-2-methylphenyl)propanoic acid	Backbone	alpha	Phe	213.664	1.6028200000000001	63.32000000000001	4.3	TRUE	N[C@@H](Cc1(cc(Cl)ccc1C))C(=O)O	XOJPGEIIQISZFF-VIFPVBQESA-N
Phe_2Cl_3CO2H	(S)-3-(2-amino-2-carboxyethyl)-2-chlorobenzoic acid	Phe(2-Cl,3-CO2H)	3-((2S)-2-amino-3-hydroxy-3-oxopropyl)-2-chlorobenzene-1-carboxylic acid	Backbone	alpha	Phe	243.64599999999996	0.9926000000000001	100.62000000000002	2.3	TRUE	N[C@@H](Cc1(cccc(C(=O)O)c1Cl))C(=O)O	FBIOTNFXAOJDES-ZETCQYMHSA-N
aMeDab	(S)-2,4-diamino-2-methylbutanoic acid	aMeDab	(2S)-2,4-diamino-2-methylbutanoic acid	Backbone	alpha	X	132.163	-0.8628	89.34	9.4	TRUE	N[C@@](C)(CCN)C(=O)O	CSFFOBGGUBKCFN-YFKPBYRVSA-N
Phe_2iPr	(S)-2-amino-3-(2-isopropylphenyl)propanoic acid	Phe(2-iPr)	(2S)-2-amino-3-(2-(propan-2-yl)phenyl)propanoic acid	Backbone	alpha	Phe	207.27299999999997	1.7644000000000002	63.32000000000001	4.8	TRUE	N[C@@H](Cc1(ccccc1C(C)C))C(=O)O	VHNJMPJZDTZETC-NSHDSACASA-N
biotinyl-Phe	(5-((3aS,4S,6aR)-2-oxohexahydro-1H-thieno[3,4-d]imidazol-4-yl)pentanoyl)-L-phenylalanine	biotinyl-Phe	(2S)-2-(4-((1S,2S,5R)-7-oxo-3-thia-6,8-diazabicyclo[3.3.0]octan-2-yl)butylcarbonylamino)-3-phenylpropanoic acid	Backbone	alpha	Phe	391.49300000000017	1.5242999999999995	107.53000000000002	2.9	TRUE	N(C(=O)CCCC[C@@H]1(SC[C@@H]2(NC(=O)N[C@H]12)))[C@@H](Cc3(ccccc3))C(=O)O	MCMKASCMNHIQTP-JKQORVJESA-N
Ala_pyrid2yl_6OMe	(S)-2-amino-3-(6-methoxypyridin-2-yl)propanoic acid	Ala(pyrid-2-yl(6-OMe))	(2S)-2-amino-3-(6-methoxypyridin-2-yl)propanoic acid	Backbone	alpha	Phe	196.20599999999996	0.044599999999999695	85.44000000000001	2.9	TRUE	N[C@@H](Cc1(cccc(OC)n1))C(=O)O	PMLQHGHTTVPZNG-ZETCQYMHSA-N
Phe_26diMe_4NH2	(S)-2-amino-3-(4-amino-2,6-dimethylphenyl)propanoic acid	Phe(2,6-diMe,4-NH2)	(2S)-2-amino-3-(4-amino-2,6-dimethylphenyl)propanoic acid	Backbone	alpha	Phe	208.261	0.8400400000000003	89.34	2.8	TRUE	N[C@@H](Cc1(c(C)cc(N)cc1C))C(=O)O	TWGNFJVGFVYEFS-JTQLQIEISA-N
Asn_BuNH2	N4-(4-aminobutyl)-L-asparagine	Asn(BuNH2)	(2S)-2-amino-3-((4-aminobutyl)carbamoyl)propanoic acid	Backbone	alpha	Asn	203.24199999999996	-1.3564999999999987	118.44000000000001	6.1	TRUE	N[C@@H](CC(=O)NCCCCN)C(=O)O	NZEJQLKTKVCSRQ-LURJTMIESA-N
Glu_PEG3biotinyl	(S)-2-amino-5,21-dioxo-25-((3aS,4S,6aR)-2-oxohexahydro-1H-thieno[3,4-d]imidazol-4-yl)-10,13,16-trioxa-6,20-diazapentacosanoic acid	Glu(PEG3-biotinyl)	(2S)-2-amino-4-((3-((2-((2-((3-(4-((1S,2S,5R)-7-oxo-3-thia-6,8-diazabicyclo[3.3.0]octan-2-yl)butylcarbonylamino)propyl)oxy)ethyl)oxy)ethyl)oxy)propyl)carbamoyl)butanoic acid	Backbone	alpha	Arg	575.7290000000004	-0.033299999999993224	190.34	2.6	TRUE	N[C@@H](CCC(=O)NCCCOCCOCCOCCCNC(=O)CCCC[C@@H]1(SC[C@@H]2(NC(=O)N[C@H]12)))C(=O)O	JVUXMWQRVFNDMC-MXBUBSDBSA-N
Phe_2NO2_4CO2H	(S)-4-(2-amino-2-carboxyethyl)-3-nitrobenzoic acid	Phe(2-NO2,4-CO2H)	4-((2S)-2-amino-3-hydroxy-3-oxopropyl)-3-nitrobenzene-1-carboxylic acid	Backbone	alpha	Phe	254.19799999999995	0.24739999999999973	143.76	2.7	TRUE	N[C@@H](Cc1(ccc(cc1[N+](=O)[O-])C(=O)O))C(=O)O	TUHDGYXTIWOGES-ZETCQYMHSA-N
D-Nva_pyrid3yl	(R)-2-amino-5-(pyridin-3-yl)pentanoic acid	D-Nva(pyrid-3-yl)	(2R)-2-amino-5-(pyridin-3-yl)pentanoic acid	Backbone	alpha	X	194.23399999999998	0.8162	76.21	4.9	TRUE	N[C@H](CCCc1(cccnc1))C(=O)O	SLPIROZVMARVRX-SECBINFHSA-N
Nva_pyrid3yl	(S)-2-amino-5-(pyridin-3-yl)pentanoic acid	Nva(pyrid-3-yl)	(2S)-2-amino-5-(pyridin-3-yl)pentanoic acid	Backbone	alpha	X	194.23399999999998	0.8162	76.21	5.3	TRUE	N[C@@H](CCCc1(cccnc1))C(=O)O	SLPIROZVMARVRX-VIFPVBQESA-N
Asp_pyrrol1yl	(S)-2-amino-4-oxo-4-(pyrrolidin-1-yl)butanoic acid	Asp(pyrrol-1-yl)	(2S)-2-amino-4-oxo-4-(pyrrolidin-1-yl)butanoic acid	Backbone	alpha	X	186.21099999999998	-0.5892000000000004	83.63000000000001	6.3	TRUE	N[C@@H](CC(=O)N1(CCCC1))C(=O)O	DAGPZPSRHYOWMZ-LURJTMIESA-N
D-Nle_SH	(R)-2-amino-6-mercaptohexanoic acid	D-Nle(SH)	(2R)-2-amino-6-sulfanylhexanoic acid	Backbone	alpha	X	163.24200000000002	0.49839999999999995	63.32000000000001	6.9	TRUE	N[C@H](CCCCS)C(=O)O	HBMWPJLCTYKAGL-RXMQYKEDSA-N
3Pal_2Cl_6NH2	(S)-2-amino-3-(6-amino-2-chloropyridin-3-yl)propanoic acid	3Pal(2-Cl,6-NH2)	(2S)-2-amino-3-(6-amino-2-chloropyridin-3-yl)propanoic acid	Backbone	alpha	Phe	215.64	0.2716000000000001	102.23	2.2	TRUE	N[C@@H](Cc1(ccc(N)nc1Cl))C(=O)O	CQRBJGYRMCJJHF-YFKPBYRVSA-N
D-aMeNle_EtN3	(R)-2-amino-8-azido-2-methyloctanoic acid	D-aMeNle(EtN3)	(2R)-2-amino-8-azido-2-methyloctanoic acid	Backbone	alpha	X	214.269	2.0492	112.08	3.2	TRUE	N[C@](C)(CCCCCCN=[N+]=[N-])C(=O)O	DVEQXGJGDKTTJF-SECBINFHSA-N
Ala_pyrazol4yl_1Me_5NH2	(S)-2-amino-3-(5-amino-1-methyl-1H-pyrazol-4-yl)propanoic acid	Ala(pyrazol-4-yl(1-Me,5-NH2))	(2S)-2-amino-3-(5-amino-1-methyl-1H-pyrazol-4-yl)propanoic acid	Backbone	alpha	Phe	184.19899999999998	-1.043299999999999	107.16000000000001	6.2	TRUE	N[C@@H](Cc1(cnn(C)c1N))C(=O)O	LAHFHLKXFRIOGZ-YFKPBYRVSA-N
Ala_Ph_34diCH2NHMe	(S)-2-amino-3-(isoindolin-5-yl)propanoic acid	Ala(Ph(3,4-diCH2NHMe))	(2S)-2-amino-3-(8-azabicyclo[4.3.0]nona-1,3,5-trien-3-yl)propanoic acid	Backbone	alpha	Phe	206.24499999999998	0.24419999999999975	75.35	3	TRUE	N[C@@H](Cc2(ccc1(CNCc1c2)))C(=O)O	OXHRSLMZUZPZFR-JTQLQIEISA-N
Trp_4Aza_5OMe	(S)-2-amino-3-(5-methoxy-1H-pyrrolo[3,2-b]pyridin-3-yl)propanoic acid	Trp(4-Aza,5-OMe)	(2S)-2-amino-3-(3-methoxy-2,7-diazabicyclo[4.3.0]nona-1,3,5,8-tetraen-9-yl)propanoic acid	Backbone	alpha	Phe	235.24299999999997	0.5259000000000003	101.23	2.3	TRUE	N[C@@H](Cc2(c[nH]c1(ccc(OC)nc12)))C(=O)O	VUEWDUUANSVCOW-ZETCQYMHSA-N
Phe_3F_4MeOH	(S)-2-amino-3-(3-fluoro-4-(hydroxymethyl)phenyl)propanoic acid	Phe(3-F,4-MeOH)	(2S)-2-amino-3-(3-fluoro-4-(hydroxymethyl)phenyl)propanoic acid	Backbone	alpha	Phe	213.20799999999997	0.27239999999999975	83.55	2.8	TRUE	N[C@@H](Cc1(ccc(CO)c(F)c1))C(=O)O	AWXWQDZKYLHZKQ-VIFPVBQESA-N
Phe_3OCHF2_4F	(S)-2-amino-3-(3-(difluoromethoxy)-4-fluorophenyl)propanoic acid	Phe(3-OCHF2,4-F)	(2S)-2-amino-3-(3-((difluoromethyl)oxy)-4-fluorophenyl)propanoic acid	Backbone	alpha	Tyr	249.18799999999996	1.3815000000000002	72.55	2.6	TRUE	N[C@@H](Cc1(ccc(F)c(OC(F)F)c1))C(=O)O	RDPVMHDQTGWICK-ZETCQYMHSA-N
Phe_2OMe_4CO2H	(S)-4-(2-amino-2-carboxyethyl)-3-methoxybenzoic acid	Phe(2-OMe,4-CO2H)	4-((2S)-2-amino-3-hydroxy-3-oxopropyl)-3-methoxybenzene-1-carboxylic acid	Backbone	alpha	Tyr	239.22699999999995	0.3478	109.85000000000001	2.5	TRUE	N[C@@H](Cc1(ccc(cc1OC)C(=O)O))C(=O)O	CZIBHXBFGQRHCH-QMMMGPOBSA-N
Phe_2CO2H_3Cl	(S)-2-(2-amino-2-carboxyethyl)-6-chlorobenzoic acid	Phe(2-CO2H,3-Cl)	2-((2S)-2-amino-3-hydroxy-3-oxopropyl)-6-chlorobenzene-1-carboxylic acid	Backbone	alpha	Phe	243.64599999999996	0.9926000000000001	100.62000000000002	2.4	TRUE	N[C@@H](Cc1(cccc(Cl)c1C(=O)O))C(=O)O	DOKOVFFDBTVHSV-ZETCQYMHSA-N
Phe_2Cl_5CN	(S)-2-amino-3-(2-chloro-5-cyanophenyl)propanoic acid	Phe(2-Cl,5-CN)	(2S)-2-amino-3-(2-chloro-5-(nitrilomethyl)phenyl)propanoic acid	Backbone	alpha	Phe	224.647	1.1660800000000002	87.11	2.6	TRUE	N[C@@H](Cc1(cc(C#N)ccc1Cl))C(=O)O	DWZZPBAJXJKAHC-VIFPVBQESA-N
D-hGln	(R)-2,6-diamino-6-oxohexanoic acid	D-hGln	(2R)-2-amino-5-carbamoylpentanoic acid	Backbone	alpha	Lys	160.173	-0.9460999999999993	106.41000000000001	6.6	TRUE	N[C@H](CCCC(=O)N)C(=O)O	YZJSUQQZGCHHNQ-SCSAIBSYSA-N
2Pal_6NH2	(S)-2-amino-3-(6-aminopyridin-2-yl)propanoic acid	2Pal(6-NH2)	(2S)-2-amino-3-(6-aminopyridin-2-yl)propanoic acid	Backbone	alpha	Phe	181.19499999999996	-0.3818000000000002	102.23	3.9	TRUE	N[C@@H](Cc1(cccc(N)n1))C(=O)O	XKSKSDXAPQRGAB-LURJTMIESA-N
Phe_3F_4CO2H	(S)-4-(2-amino-2-carboxyethyl)-2-fluorobenzoic acid	Phe(3-F,4-CO2H)	4-((2S)-2-amino-3-hydroxy-3-oxopropyl)-2-fluorobenzene-1-carboxylic acid	Backbone	alpha	Phe	227.19099999999997	0.47829999999999984	100.62000000000002	2.8	TRUE	N[C@@H](Cc1(ccc(C(=O)O)c(F)c1))C(=O)O	GLJLKFKHXNHONO-QMMMGPOBSA-N
4Pal_2Cl_3Me	(S)-2-amino-3-(2-chloro-3-methylpyridin-4-yl)propanoic acid	4Pal(2-Cl,3-Me)	(2S)-2-amino-3-(2-chloro-3-methylpyridin-4-yl)propanoic acid	Backbone	alpha	Phe	214.652	0.9978199999999999	76.21	2.4	TRUE	N[C@@H](Cc1(ccnc(Cl)c1C))C(=O)O	DRXSZTCTPNWCPQ-ZETCQYMHSA-N
Phe_3Ac_4OMe	(S)-3-(3-acetyl-4-methoxyphenyl)-2-aminopropanoic acid	Phe(3-Ac,4-OMe)	(2S)-3-(3-(acetyl)-4-methoxyphenyl)-2-aminopropanoic acid	Backbone	alpha	Tyr	237.25499999999997	0.8521999999999998	89.62	3	TRUE	N[C@@H](Cc1(ccc(OC)c(c1)C(=O)C))C(=O)O	BBEURLKMSYNZIM-JTQLQIEISA-N
Phe_3CO2H_4NH2	(S)-2-amino-5-(2-amino-2-carboxyethyl)benzoic acid	Phe(3-CO2H,4-NH2)	2-amino-5-((2S)-2-amino-3-hydroxy-3-oxopropyl)benzoic acid	Backbone	alpha	Phe	224.21599999999998	-0.07860000000000034	126.64	2.8	TRUE	N[C@@H](Cc1(ccc(N)c(c1)C(=O)O))C(=O)O	NZJJKIVZNAYSNE-QMMMGPOBSA-N
Phe_2CO2H_45diOMe	(S)-2-(2-amino-2-carboxyethyl)-4,5-dimethoxybenzoic acid	Phe(2-CO2H,4,5-diOMe)	2-((2S)-2-amino-3-hydroxy-3-oxopropyl)-4,5-dimethoxybenzene-1-carboxylic acid	Backbone	alpha	Tyr	269.25299999999993	0.35639999999999994	119.08	2.6	TRUE	N[C@@H](Cc1(cc(OC)c(OC)cc1C(=O)O))C(=O)O	JUKFKRMSCOKYDO-QMMMGPOBSA-N
D-Phe_2F_4OMe	(R)-2-amino-3-(3-fluoro-4-methoxyphenyl)propanoic acid	D-Phe(2-F,4-OMe)	(2R)-2-amino-3-(3-fluoro-4-methoxyphenyl)propanoic acid	Backbone	alpha	Tyr	213.20799999999997	0.7887000000000002	72.55	3.7	TRUE	N[C@H](Cc1(ccc(OC)c(F)c1))C(=O)O	ZESXBIYTDJAZSP-MRVPVSSYSA-N
Phe_2F_4OMe	(S)-2-amino-3-(3-fluoro-4-methoxyphenyl)propanoic acid	Phe(2-F,4-OMe)	(2S)-2-amino-3-(3-fluoro-4-methoxyphenyl)propanoic acid	Backbone	alpha	Tyr	213.20799999999997	0.7887000000000002	72.55	4.2	TRUE	N[C@@H](Cc1(ccc(OC)c(F)c1))C(=O)O	ZESXBIYTDJAZSP-QMMMGPOBSA-N
Phe_22carboxyethyl	(S)-2-amino-3-(2-(2-carboxyethyl)phenyl)propanoic acid	Phe(2-2-carboxyethyl)	(2S)-2-amino-3-(2-(3-hydroxy-3-oxopropyl)phenyl)propanoic acid	Backbone	alpha	Phe	237.25499999999994	0.6582	100.62000000000002	4.7	TRUE	N[C@@H](Cc1(ccccc1CCC(=O)O))C(=O)O	HSCGHCLQBODYBD-JTQLQIEISA-N
Phe_4Ph_4NO2	(S)-2-amino-3-(4'-nitro-[1,1'-biphenyl]-4-yl)propanoic acid	Phe(4-Ph(4-NO2))	(2S)-2-amino-3-(4-(4-nitrophenyl)phenyl)propanoic acid	Backbone	alpha	Phe	286.287	2.2161999999999997	106.46	3.1	TRUE	N[C@@H](Cc1(ccc(cc1)c2(ccc(cc2)[N+](=O)[O-])))C(=O)O	YBTKBIVROPBGAT-AWEZNQCLSA-N
Phe_3CF3_4CN	(S)-2-amino-3-(4-cyano-3-(trifluoromethyl)phenyl)propanoic acid	Phe(3-CF3,4-CN)	(2S)-2-amino-3-(4-(nitrilomethyl)-3-(trifluoromethyl)phenyl)propanoic acid	Backbone	alpha	Phe	258.19899999999996	1.5314800000000002	87.11	2.5	TRUE	N[C@@H](Cc1(ccc(C#N)c(c1)C(F)(F)F))C(=O)O	MCYVRDYXTYAIDE-VIFPVBQESA-N
Phe_2CO2H_5F	(S)-2-(2-amino-2-carboxyethyl)-4-fluorobenzoic acid	Phe(2-CO2H,5-F)	2-((2S)-2-amino-3-hydroxy-3-oxopropyl)-4-fluorobenzene-1-carboxylic acid	Backbone	alpha	Phe	227.19099999999997	0.47829999999999984	100.62000000000002	2.6	TRUE	N[C@@H](Cc1(cc(F)ccc1C(=O)O))C(=O)O	XHSZIVULIWXVQU-QMMMGPOBSA-N
Phe_3NH2_4CO2H	(S)-2-amino-4-(2-amino-2-carboxyethyl)benzoic acid	Phe(3-NH2,4-CO2H)	2-amino-4-((2S)-2-amino-3-hydroxy-3-oxopropyl)benzoic acid	Backbone	alpha	Phe	224.21599999999998	-0.07860000000000023	126.64	2.6	TRUE	N[C@@H](Cc1(ccc(C(=O)O)c(N)c1))C(=O)O	GPLZYEHAUFXZSL-QMMMGPOBSA-N
Phe_2OMe_3Cl	(S)-2-amino-3-(3-chloro-2-methoxyphenyl)propanoic acid	Phe(2-OMe,3-Cl)	(2S)-2-amino-3-(3-chloro-2-methoxyphenyl)propanoic acid	Backbone	alpha	Tyr	229.66299999999995	1.3030000000000002	72.55	2.9	TRUE	N[C@@H](Cc1(cccc(Cl)c1OC))C(=O)O	CTGFLAJTRCVESO-QMMMGPOBSA-N
3Pal_4Me_6Cl	(S)-2-amino-3-(6-chloro-4-methylpyridin-3-yl)propanoic acid	3Pal(4-Me,6-Cl)	(2S)-2-amino-3-(6-chloro-4-methylpyridin-3-yl)propanoic acid	Backbone	alpha	Phe	214.652	0.9978200000000002	76.21	2.5	TRUE	N[C@@H](Cc1(cnc(Cl)cc1C))C(=O)O	KJEOBTTUTHGNBY-ZETCQYMHSA-N
D-hPhe_35diF_4CF3	(R)-2-amino-4-(3,5-difluoro-4-(trifluoromethyl)phenyl)butanoic acid	D-hPhe(3,5-diF,4-CF3)	(2R)-2-amino-4-(3,5-difluoro-4-(trifluoromethyl)phenyl)butanoic acid	Backbone	alpha	Phe	283.19599999999997	2.3281	63.32000000000001	3.2	TRUE	N[C@H](CCc1(cc(F)c(c(F)c1)C(F)(F)F))C(=O)O	IPKHUYODNKUTOQ-MRVPVSSYSA-N
Ala_pyrazol4yl_1Me_3CO2H	(S)-4-(2-amino-2-carboxyethyl)-1-methyl-1H-pyrazole-3-carboxylic acid	Ala(pyrazol-4-yl(1-Me,3-CO2H))	4-((2S)-2-amino-3-hydroxy-3-oxopropyl)-1-methyl-1H-pyrazole-3-carboxylic acid	Backbone	alpha	Phe	213.19299999999998	-0.9272999999999998	118.44000000000001	3.2	TRUE	N[C@@H](Cc1(cn(C)nc1C(=O)O))C(=O)O	OMHCYFAAVDIPTC-YFKPBYRVSA-N
Ala_pyridazin3yl_6Me	(S)-2-amino-3-(6-methylpyridazin-3-yl)propanoic acid	Ala(pyridazin-3-yl(6-Me))	(2S)-2-amino-3-(6-methylpyridazin-3-yl)propanoic acid	Backbone	alpha	Phe	181.19499999999996	-0.2605800000000001	89.10000000000001	2.8	TRUE	N[C@@H](Cc1(ccc(C)nn1))C(=O)O	GFVRFYYOWLCGEZ-ZETCQYMHSA-N
Phe_43oxobutyl	(S)-2-amino-3-(4-(3-oxobutyl)phenyl)propanoic acid	Phe(4-3-oxobutyl)	(2S)-2-amino-3-(4-(3-oxobutyl)phenyl)propanoic acid	Backbone	alpha	Phe	235.28299999999993	1.1626000000000003	80.39	3.1	TRUE	N[C@@H](Cc1(ccc(cc1)CCC(=O)C))C(=O)O	PLEYXYKUDVUIPW-LBPRGKRZSA-N
hPro_4ROH	2-((2S,4R)-4-hydroxypyrrolidin-2-yl)acetic acid	hPro(4R-OH)	2-((2S,4R)-4-hydroxypyrrolidin-2-yl)acetic acid	Backbone	beta	Pro	145.15800000000002	-0.8161000000000005	69.56	6.6	TRUE	N1[C@@H](C[C@@H](O)C1)CC(=O)O	HEUWVFJLYQNYMK-CRCLSJGQSA-N
Phe_2Me_3NO2_5Cl	(S)-2-amino-3-(5-chloro-2-methyl-3-nitrophenyl)propanoic acid	Phe(2-Me,3-NO2,5-Cl)	(2S)-2-amino-3-(5-chloro-2-methyl-3-nitrophenyl)propanoic acid	Backbone	alpha	Phe	258.66099999999994	1.51102	106.46	2.5	TRUE	N[C@@H](Cc1(cc(Cl)cc(c1C)[N+](=O)[O-]))C(=O)O	QZIFVOYJSSJWML-QMMMGPOBSA-N
His_1SO2NH2	Nt-(N,N-dimethylsulfamoyl)-L-histidine	His(1-SO2NH2)	(2S)-2-amino-3-(1-(dimethylsulfamoyl)-1H-imidazol-4-yl)propanoic acid	Backbone	alpha	His	262.29099999999994	-1.5079999999999978	118.52	2.9	TRUE	N[C@@H](Cc1(cn(cn1)S(=O)(=O)N(C)C))C(=O)O	PIJAOVMYMMZDIS-ZETCQYMHSA-N
Phe_2F_6OMe	(S)-2-amino-3-(2-fluoro-6-methoxyphenyl)propanoic acid	Phe(2-F,6-OMe)	(2S)-2-amino-3-(2-fluoro-6-methoxyphenyl)propanoic acid	Backbone	alpha	Tyr	213.20799999999997	0.7887000000000002	72.55	3	TRUE	N[C@@H](Cc1(c(F)cccc1OC))C(=O)O	WNWTWYOBFIJWAK-QMMMGPOBSA-N
Phe_25diOMe	(S)-2-amino-3-(2,5-dimethoxyphenyl)propanoic acid	Phe(2,5-diOMe)	(2S)-2-amino-3-(2,5-dimethoxyphenyl)propanoic acid	Backbone	alpha	Tyr	225.24399999999997	0.6581999999999999	81.78	5	TRUE	N[C@@H](Cc1(cc(OC)ccc1OC))C(=O)O	CKBYDXAFHYVJPV-VIFPVBQESA-N
Phe_3OMe_4F	(S)-2-amino-3-(4-fluoro-3-methoxyphenyl)propanoic acid	Phe(3-OMe,4-F)	(2S)-2-amino-3-(4-fluoro-3-methoxyphenyl)propanoic acid	Backbone	alpha	Tyr	213.20799999999997	0.7887000000000002	72.55	3	TRUE	N[C@@H](Cc1(ccc(F)c(OC)c1))C(=O)O	CHRWRFACJVKRNT-QMMMGPOBSA-N
Ala_pyrimid5yl_2Cl	(S)-2-amino-3-(2-chloropyrimidin-5-yl)propanoic acid	Ala(pyrimid-5-yl(2-Cl))	(2S)-2-amino-3-(2-chloropyrimidin-5-yl)propanoic acid	Backbone	alpha	Phe	201.613	0.0844000000000002	89.10000000000001	2.7	TRUE	N[C@@H](Cc1(cnc(Cl)nc1))C(=O)O	XUMJZQKSRIHVPX-YFKPBYRVSA-N
Phe_2Me_3NO2	(S)-2-amino-3-(2-methyl-3-nitrophenyl)propanoic acid	Phe(2-Me,3-NO2)	(2S)-2-amino-3-(2-methyl-3-nitrophenyl)propanoic acid	Backbone	alpha	Phe	224.21599999999995	0.85762	106.46	2.9	TRUE	N[C@@H](Cc1(cccc(c1C)[N+](=O)[O-]))C(=O)O	XYBTWNVYEHHMRY-QMMMGPOBSA-N
Trp_SO2Ph	1-(phenylsulfonyl)-L-tryptophan	Trp(SO2Ph)	(2S)-2-amino-3-(1-(phenylsulfonyl)-1H-indol-3-yl)propanoic acid	Backbone	alpha	Trp	344.39200000000005	1.8327000000000002	102.39	4.4	TRUE	N[C@@H](Cc2(cn(c1(ccccc12))S(=O)(=O)c3(ccccc3)))C(=O)O	STFVRFHXBORWAD-HNNXBMFYSA-N
Phe_23diOMe	(S)-2-amino-3-(2,3-dimethoxyphenyl)propanoic acid	Phe(2,3-diOMe)	(2S)-2-amino-3-(2,3-dimethoxyphenyl)propanoic acid	Backbone	alpha	Tyr	225.24399999999994	0.6581999999999999	81.78	5.9	TRUE	N[C@@H](Cc1(cccc(OC)c1OC))C(=O)O	JVBIWFOSWSUQAY-QMMMGPOBSA-N
Phe_2Me_5OH	(S)-2-amino-3-(5-hydroxy-2-methylphenyl)propanoic acid	Phe(2-Me,5-OH)	(2S)-2-amino-3-(5-hydroxy-2-methylphenyl)propanoic acid	Backbone	alpha	Tyr	195.21799999999996	0.6550199999999999	83.55	9	TRUE	N[C@@H](Cc1(cc(O)ccc1C))C(=O)O	SPJQYZBNWVPMDM-VIFPVBQESA-N
Ala_pyrazol3yl_1Me	(S)-2-amino-3-(1-methyl-1H-pyrazol-3-yl)propanoic acid hydrochloride	Ala(pyrazol-3-yl(1-Me))	(2S)-2-amino-3-(1-methyl-1H-pyrazol-3-yl)propanoic acid	Backbone	alpha	Phe	169.184	-0.6255000000000002	81.14	4.4	TRUE	N[C@@H](Cc1(ccn(C)n1))C(=O)O	ANKMBGGGKCTTGK-LURJTMIESA-N
Phe_2F_4NH2_5Me	(S)-2-amino-3-(4-amino-2-fluoro-5-methylphenyl)propanoic acid	Phe(2-F,4-NH2,5-Me)	(2S)-2-amino-3-(4-amino-2-fluoro-5-methylphenyl)propanoic acid	Backbone	alpha	Phe	212.224	0.6707199999999998	89.34	2.6	TRUE	N[C@@H](Cc1(cc(C)c(N)cc1F))C(=O)O	GRVRWBSYSPQCLZ-VIFPVBQESA-N
4Pal_2F_3F	(S)-2-amino-3-(2,3-difluoropyridin-4-yl)propanoic acid	4Pal(2-F,3-F)	(2S)-2-amino-3-(2,3-difluoropyridin-4-yl)propanoic acid	Backbone	alpha	Phe	202.15999999999997	0.31419999999999976	76.21	2.4	TRUE	N[C@@H](Cc1(ccnc(F)c1F))C(=O)O	WDXYXMTXTPYCLJ-YFKPBYRVSA-N
Phe_3CN_4F	(S)-2-amino-3-(3-cyano-4-fluorophenyl)propanoic acid	Phe(3-CN,4-F)	(2S)-2-amino-3-(4-fluoro-3-(nitrilomethyl)phenyl)propanoic acid	Backbone	alpha	Phe	208.19199999999998	0.65178	87.11	2.6	TRUE	N[C@@H](Cc1(ccc(F)c(C#N)c1))C(=O)O	YKTMPWMQKTXZHB-VIFPVBQESA-N
Phe_4CHNH2Me	(2S)-2-amino-3-(4-(1-aminoethyl)phenyl)propanoic acid	Phe(4-CH(NH2)Me)	(2S)-2-amino-3-(4-(1-aminoethyl)phenyl)propanoic acid	Backbone	alpha	Phe	208.26099999999997	0.6607000000000001	89.34	4.5	TRUE	N[C@@H](Cc1(ccc(cc1)C(C)N))C(=O)O	JSFGQFUTQFQLTM-MHPPCMCBSA-N
Phe_2CO2H_5OMe	(S)-2-(2-amino-2-carboxyethyl)-4-methoxybenzoic acid	Phe(2-CO2H,5-OMe)	2-((2S)-2-amino-3-hydroxy-3-oxopropyl)-4-methoxybenzene-1-carboxylic acid	Backbone	alpha	Tyr	239.22699999999998	0.3478	109.85000000000001	2.7	TRUE	N[C@@H](Cc1(cc(OC)ccc1C(=O)O))C(=O)O	PNUNUFVULBFLNV-VIFPVBQESA-N
Ala_Cbz	(S)-2-amino-3-(3-oxo-1,3-dihydroisobenzofuran-5-yl)propanoic acid	Ala(Cbz)	(2S)-2-amino-3-(9-oxo-8-oxabicyclo[4.3.0]nona-1,3,5-trien-3-yl)propanoic acid	Backbone	alpha	Phe	221.21199999999996	0.31139999999999984	89.62	2.5	TRUE	N[C@@H](Cc2(ccc1(COC(=O)c1c2)))C(=O)O	HNVCAYGATSQKNQ-VIFPVBQESA-N
4Pal_2Cl_6CF3	(S)-2-amino-3-(2-chloro-6-(trifluoromethyl)pyridin-4-yl)propanoic acid	4Pal(2-Cl,6-CF3)	(2S)-2-amino-3-(2-chloro-6-(trifluoromethyl)pyridin-4-yl)propanoic acid	Backbone	alpha	Phe	268.62199999999996	1.7082000000000002	76.21	2.2	TRUE	N[C@@H](Cc1(cc(Cl)nc(c1)C(F)(F)F))C(=O)O	NSHNABXFUYLLBI-YFKPBYRVSA-N
Phe_4CH2CN	(S)-2-amino-3-(4-(cyanomethyl)phenyl)propanoic acid	Phe(4-CH2CN)	(2S)-2-amino-3-(4-(2-nitriloethyl)phenyl)propanoic acid	Backbone	alpha	Phe	204.22899999999996	0.7070800000000002	87.11	2.7	TRUE	N[C@@H](Cc1(ccc(cc1)CC#N))C(=O)O	ZETRWSHGJHOCAH-JTQLQIEISA-N
Phe_3CN_4Cl	(S)-2-amino-3-(4-chloro-3-cyanophenyl)propanoic acid	Phe(3-CN,4-Cl)	(2S)-2-amino-3-(4-chloro-3-(nitrilomethyl)phenyl)propanoic acid	Backbone	alpha	Phe	224.647	1.1660800000000002	87.11	3	TRUE	N[C@@H](Cc1(ccc(Cl)c(C#N)c1))C(=O)O	XIFVMTACZDXVHK-VIFPVBQESA-N
Phe_2Me_6F	(S)-2-amino-3-(2-fluoro-6-methylphenyl)propanoic acid	Phe(2-Me,6-F)	(2S)-2-amino-3-(2-fluoro-6-methylphenyl)propanoic acid	Backbone	alpha	Phe	197.20899999999995	1.0885200000000002	63.32000000000001	3.6	TRUE	N[C@@H](Cc1(c(C)cccc1F))C(=O)O	MSMXPWDERTUNKF-VIFPVBQESA-N
Phe_23_56tetraMe	(S)-2-amino-3-(2,3,5,6-tetramethylphenyl)propanoic acid	Phe(2,3,5,6-tetraMe)	(2S)-2-amino-3-(2,3,5,6-tetramethylphenyl)propanoic acid	Backbone	alpha	Phe	221.29999999999995	1.8746800000000003	63.32000000000001	3.9	TRUE	N[C@@H](Cc1(c(C)c(C)cc(C)c1C))C(=O)O	XTWCLJMKYNOOMH-LBPRGKRZSA-N
Phe_2CO2H_6CF3	(S)-2-(2-amino-2-carboxyethyl)-3-(trifluoromethyl)benzoic acid	Phe(2-CO2H,6-CF3)	2-((2S)-2-amino-3-hydroxy-3-oxopropyl)-3-(trifluoromethyl)benzoic acid	Backbone	alpha	Phe	277.1979999999999	1.3580000000000003	100.62000000000002	2.3	TRUE	N[C@@H](Cc1(c(cccc1C(F)(F)F)C(=O)O))C(=O)O	HZAMCFOTTVEYJM-QMMMGPOBSA-N
2Pal_3OH_6Me	(S)-2-amino-3-(3-hydroxy-6-methylpyridin-2-yl)propanoic acid	2Pal(3-OH,6-Me)	(2S)-2-amino-3-(3-hydroxy-6-methylpyridin-2-yl)propanoic acid	Backbone	alpha	Phe	196.206	0.05001999999999995	96.44000000000001	2.8	TRUE	N[C@@H](Cc1(nc(C)ccc1O))C(=O)O	XUQOYIGQUKSSDM-LURJTMIESA-N
Phe_3CO2H_4OMe	(S)-2-(2-amino-2-carboxyethyl)-5-methoxybenzoic acid	Phe(3-CO2H,4-OMe)	2-((2S)-2-amino-3-hydroxy-3-oxopropyl)-5-methoxybenzene-1-carboxylic acid	Backbone	alpha	Tyr	239.22699999999998	0.3478	109.85000000000001	2.8	TRUE	N[C@@H](Cc1(ccc(OC)cc1C(=O)O))C(=O)O	ZOQWJVCCCDKBAF-VIFPVBQESA-N
Ala_pyrid3yl_2OMe	(S)-2-amino-3-(2-methoxypyridin-3-yl)propanoic acid	Ala(pyrid-3-yl(2-OMe))	(2S)-2-amino-3-(2-methoxypyridin-3-yl)propanoic acid	Backbone	alpha	Phe	196.20599999999996	0.04460000000000014	85.44000000000001	3.1	TRUE	N[C@@H](Cc1(cccnc1OC))C(=O)O	ULITZCFOLFYDQG-ZETCQYMHSA-N
Phe_2CO2H_4OMe	(S)-5-(2-amino-2-carboxyethyl)-2-methoxybenzoic acid	Phe(2-CO2H,4-OMe)	5-((2S)-2-amino-3-hydroxy-3-oxopropyl)-2-methoxybenzene-1-carboxylic acid	Backbone	alpha	Tyr	239.22699999999998	0.3478	109.85000000000001	5.4	TRUE	N[C@@H](Cc1(ccc(OC)c(c1)C(=O)O))C(=O)O	DXJCCIMDJQJHPX-QMMMGPOBSA-N
Phe_2OBn_5CF3	(S)-2-amino-3-(2-((benzyloxy)methyl)-5-(trifluoromethyl)phenyl)propanoic acid	Phe(2-OBn,5-CF3)	(2S)-2-amino-3-(2-(benzyloxymethyl)-5-(trifluoromethyl)phenyl)propanoic acid	Backbone	alpha	Phe	353.34	3.3766000000000016	72.55	2.2	TRUE	N[C@@H](Cc1(cc(ccc1COCc2(ccccc2))C(F)(F)F))C(=O)O	DAIQAINVAGFNEB-INIZCTEOSA-N
3Pal_5CO2H_6OMe	(S)-5-(2-amino-2-carboxyethyl)-2-methoxynicotinic acid	3Pal(5-CO2H,6-OMe)	5-((2S)-2-amino-3-hydroxy-3-oxopropyl)-2-methoxypyridine-3-carboxylic acid	Backbone	alpha	Phe	240.21499999999997	-0.25720000000000015	122.74000000000002	2.2	TRUE	N[C@@H](Cc1(cnc(OC)c(c1)C(=O)O))C(=O)O	RDKPFECJKRYIMO-ZETCQYMHSA-N
Ala_pyrid4yl_2Cl	(S)-2-amino-3-(2-chloropyridin-4-yl)propanoic acid	Ala(pyrid-4-yl(2-Cl))	(2S)-2-amino-3-(2-chloropyridin-4-yl)propanoic acid	Backbone	alpha	Phe	200.625	0.6894	76.21	4	TRUE	N[C@@H](Cc1(ccnc(Cl)c1))C(=O)O	LHQLWGWKBFFKJA-LURJTMIESA-N
Phe_4Bu	(S)-2-amino-3-(4-butylphenyl)propanoic acid	Phe(4-Bu)	(2S)-2-amino-3-(4-butylphenyl)propanoic acid	Backbone	alpha	Phe	221.29999999999993	1.9836000000000003	63.32000000000001	5.5	TRUE	N[C@@H](Cc1(ccc(cc1)CCCC))C(=O)O	SJDNDSCDCUTXRU-LBPRGKRZSA-N
Phe_2F_4NH2_5CO2H	(S)-2-amino-5-(2-amino-2-carboxyethyl)-4-fluorobenzoic acid	Phe(2-F,4-NH2,5-CO2H)	2-amino-5-((2S)-2-amino-3-hydroxy-3-oxopropyl)-4-fluorobenzene-1-carboxylic acid	Backbone	alpha	Phe	242.20599999999996	0.060499999999999554	126.64	2.2	TRUE	N[C@@H](Cc1(cc(C(=O)O)c(N)cc1F))C(=O)O	LPRGXYXPLDERHM-QMMMGPOBSA-N
3Pal_2F_6NH2	(S)-2-amino-3-(6-amino-2-fluoropyridin-3-yl)propanoic acid	3Pal(2-F,6-NH2)	(2S)-2-amino-3-(6-amino-2-fluoropyridin-3-yl)propanoic acid	Backbone	alpha	Phe	199.18499999999997	-0.24270000000000042	102.23	2.2	TRUE	N[C@@H](Cc1(ccc(N)nc1F))C(=O)O	VUSZDSKOKAZHDI-YFKPBYRVSA-N
Phe_3Me_4CN	(S)-2-amino-3-(4-cyano-3-methylphenyl)propanoic acid	Phe(3-Me,4-CN)	(2S)-2-amino-3-(3-methyl-4-(nitrilomethyl)phenyl)propanoic acid	Backbone	alpha	Phe	204.22899999999998	0.8211000000000002	87.11	2.7	TRUE	N[C@@H](Cc1(ccc(C#N)c(C)c1))C(=O)O	IGHSIWAAAFQOMM-JTQLQIEISA-N
Dap_Me_Ph	(S)-2-amino-3-(methyl(phenyl)amino)propanoic acid	Dap(Me,Ph)	(2S)-2-amino-3-((methyl)(phenyl)amino)propanoic acid	Backbone	alpha	X	194.23399999999998	0.5346999999999997	66.56	7.2	TRUE	N[C@@H](CN(C)c1(ccccc1))C(=O)O	ZUWLVTBZWZLXHO-VIFPVBQESA-N
Phe_3CONHMe	(S)-2-amino-3-(3-(methylcarbamoyl)phenyl)propanoic acid	Phe(3-CONHMe)	(2S)-2-amino-3-(3-(methylcarbamoyl)phenyl)propanoic acid	Backbone	alpha	Phe	222.24399999999997	0.0005999999999998784	92.42	4.6	TRUE	N[C@@H](Cc1(cccc(c1)C(=O)NC))C(=O)O	MOUPFWHCJUMJAN-VIFPVBQESA-N
Ala_pyrazol4yl_1Me_5CO2H	(S)-4-(2-amino-2-carboxyethyl)-1-methyl-1H-pyrazole-5-carboxylic acid	Ala(pyrazol-4-yl(1-Me,5-CO2H))	4-((2S)-2-amino-3-hydroxy-3-oxopropyl)-1-methyl-1H-pyrazole-5-carboxylic acid	Backbone	alpha	Phe	213.19299999999998	-0.9272999999999998	118.44000000000001	2.2	TRUE	N[C@@H](Cc1(cnn(C)c1C(=O)O))C(=O)O	SICBZKXWCUKBDH-YFKPBYRVSA-N
Phe_3Me_4NO2	(S)-2-amino-3-(3-methyl-4-nitrophenyl)propanoic acid	Phe(3-Me,4-NO2)	(2S)-2-amino-3-(3-methyl-4-nitrophenyl)propanoic acid	Backbone	alpha	Phe	224.21599999999998	0.85762	106.46	2.8	TRUE	N[C@@H](Cc1(ccc(c(C)c1)[N+](=O)[O-]))C(=O)O	VXGAUVMFRFCFQE-QMMMGPOBSA-N
Phe_2Et	(S)-2-amino-3-(2-ethylphenyl)propanoic acid	Phe(2-Et)	(2S)-2-amino-3-(2-ethylphenyl)propanoic acid	Backbone	alpha	Phe	193.24599999999995	1.2034000000000002	63.32000000000001	7.8	TRUE	N[C@@H](Cc1(ccccc1CC))C(=O)O	PQZUXTFTNLKJIM-JTQLQIEISA-N
Phe_2CO2H_3OMe	(S)-2-(2-amino-2-carboxyethyl)-6-methoxybenzoic acid	Phe(2-CO2H,3-OMe)	2-((2S)-2-amino-3-hydroxy-3-oxopropyl)-6-methoxybenzene-1-carboxylic acid	Backbone	alpha	Tyr	239.22699999999995	0.3478	109.85000000000001	3	TRUE	N[C@@H](Cc1(cccc(OC)c1C(=O)O))C(=O)O	FSHRXFVCVVGEEW-ZETCQYMHSA-N
Phe_2CO2H_5CF3	(S)-2-(2-amino-2-carboxyethyl)-4-(trifluoromethyl)benzoic acid	Phe(2-CO2H,5-CF3)	2-((2S)-2-amino-3-hydroxy-3-oxopropyl)-4-(trifluoromethyl)benzoic acid	Backbone	alpha	Phe	277.1979999999999	1.3580000000000003	100.62000000000002	2.3	TRUE	N[C@@H](Cc1(cc(ccc1C(=O)O)C(F)(F)F))C(=O)O	LOZQAOSNLBGZHC-QMMMGPOBSA-N
Phe_3For_4OMe	(S)-2-amino-3-(3-formyl-4-methoxyphenyl)propanoic acid	Phe(3-For,4-OMe)	(2S)-2-amino-3-(3-(formyl)-4-methoxyphenyl)propanoic acid	Backbone	alpha	Tyr	223.22799999999998	0.4620999999999999	89.62	5.5	TRUE	N[C@@H](Cc1(ccc(OC)c(C=O)c1))C(=O)O	WEIAVLFHJDIOBA-VIFPVBQESA-N
Tyr_iPr	(S)-2-amino-3-(4-isopropoxyphenyl)propanoic acid	Tyr(iPr)	(2S)-2-amino-3-(4-isopropoxyphenyl)propanoic acid	Backbone	alpha	Tyr	223.27199999999996	1.4282	72.55	7.2	TRUE	N[C@@H](Cc1(ccc(OC(C)C)cc1))C(=O)O	DUHXDIDGFSUWJS-NSHDSACASA-N
3-amino-bicyclo221heptane-2-CO2H	3-aminobicyclo[2.2.1]heptane-2-carboxylic acid	3-amino-bicyclo[2.2.1]heptane-2-CO2H	3-aminobicyclo[2.2.1]heptane-2-carboxylic acid	Backbone	beta	X	155.197	0.44439999999999985	63.32000000000001	6.6	TRUE	NC1C(C2(CCC1C2))C(=O)O	JSYLGUSANAWARQ-UHFFFAOYSA-N
D-hPhe_26diCl	(R)-2-amino-4-(2,6-dichlorophenyl)butanoic acid	D-hPhe(2,6-diCl)	(2R)-2-amino-4-(2,6-dichlorophenyl)butanoic acid	Backbone	alpha	Phe	248.109	2.3378999999999994	63.32000000000001	2.9	TRUE	N[C@H](CCc1(c(Cl)cccc1Cl))C(=O)O	ZUJMOCTVPCVSRM-SECBINFHSA-N
hPhe_26diCl	(S)-2-amino-4-(2,6-dichlorophenyl)butanoic acid	hPhe(2,6-diCl)	(2S)-2-amino-4-(2,6-dichlorophenyl)butanoic acid	Backbone	alpha	Phe	248.109	2.3378999999999994	63.32000000000001	3.8	TRUE	N[C@@H](CCc1(c(Cl)cccc1Cl))C(=O)O	ZUJMOCTVPCVSRM-VIFPVBQESA-N
3Pal_6NH2	(S)-2-amino-3-(6-aminopyridin-3-yl)propanoic acid	3Pal(6-NH2)	(2S)-2-amino-3-(6-aminopyridin-3-yl)propanoic acid	Backbone	alpha	Phe	181.195	-0.3818000000000002	102.23	4.6	TRUE	N[C@@H](Cc1(ccc(N)nc1))C(=O)O	QYSLVOCACBAADU-LURJTMIESA-N
Ala_pyrimid5yl_2NH2	(S)-2-amino-3-(2-aminopyrimidin-5-yl)propanoic acid	Ala(pyrimid-5-yl(2-NH2))	(2S)-2-amino-3-(2-aminopyrimidin-5-yl)propanoic acid	Backbone	alpha	Phe	182.18300000000002	-0.9867999999999995	115.11999999999999	3.1	TRUE	N[C@@H](Cc1(cnc(N)nc1))C(=O)O	FTJNUKPPWFTTBK-YFKPBYRVSA-N
Ala_pyrid3yl_2F	(S)-2-amino-3-(2-fluoropyridin-3-yl)propanoic acid	Ala(pyrid-3-yl(2-F))	(2S)-2-amino-3-(2-fluoropyridin-3-yl)propanoic acid	Backbone	alpha	Phe	184.16999999999996	0.17509999999999998	76.21	2.9	TRUE	N[C@@H](Cc1(cccnc1F))C(=O)O	FUIYXOOSTLSUNT-LURJTMIESA-N
Phe_4ethynylTMS	(S)-2-amino-3-(4-((trimethylsilyl)ethynyl)phenyl)propanoic acid	Phe(4-ethynylTMS)	(2S)-2-amino-3-(4-(2-(trimethylsilyl)ethynyl)phenyl)propanoic acid	Backbone	alpha	Phe	261.39699999999993	1.8699000000000003	63.32000000000001	2.6	TRUE	N[C@@H](Cc1(ccc(C#C[Si](C)(C)C)cc1))C(=O)O	FWTNTVOWPVLODN-ZDUSSCGKSA-N
Ala_pyrazin2yl_5Cl	(S)-2-amino-3-(5-chloropyrazin-2-yl)propanoic acid	Ala(pyrazin-2-yl(5-Cl))	(2S)-2-amino-3-(5-chloropyrazin-2-yl)propanoic acid	Backbone	alpha	Phe	201.613	0.0844000000000002	89.10000000000001	2.5	TRUE	N[C@@H](Cc1(cnc(Cl)cn1))C(=O)O	BRNQCNIJEIMUBT-YFKPBYRVSA-N
Ala_pyrid3yl_5OMe	(S)-2-amino-3-(5-methoxypyridin-3-yl)propanoic acid	Ala(pyrid-3-yl(5-OMe))	(2S)-2-amino-3-(5-methoxypyridin-3-yl)propanoic acid	Backbone	alpha	Phe	196.206	0.044599999999999695	85.44000000000001	3	TRUE	N[C@@H](Cc1(cncc(OC)c1))C(=O)O	RZSVPGOEDVAABX-QMMMGPOBSA-N
Phe_2Cl_3Me	(S)-2-amino-3-(2-chloro-3-methylphenyl)propanoic acid	Phe(2-Cl,3-Me)	(2S)-2-amino-3-(2-chloro-3-methylphenyl)propanoic acid	Backbone	alpha	Phe	213.66399999999996	1.6028200000000001	63.32000000000001	2.9	TRUE	N[C@@H](Cc1(cccc(C)c1Cl))C(=O)O	CXIIESGNKPKHIW-QMMMGPOBSA-N
Ala_pyrazol4yl_3CF3_5Me	(S)-2-amino-3-(5-methyl-3-(trifluoromethyl)-1H-pyrazol-4-yl)propanoic acid	Ala(pyrazol-4-yl(3-CF3,5-Me))	(2S)-2-amino-3-(5-methyl-3-(trifluoromethyl)-1H-pyrazol-4-yl)propanoic acid	Backbone	alpha	Phe	237.18099999999995	0.6913200000000002	92	2.4	TRUE	N[C@@H](Cc1(c(n[nH]c1C)C(F)(F)F))C(=O)O	XXDBLZYLWPJECP-YFKPBYRVSA-N
Phe_2OH_4tBu	(S)-2-amino-3-(4-(tert-butyl)-2-hydroxyphenyl)propanoic acid	Phe(2-OH,4-tBu)	(2S)-2-amino-3-(4-(tert-butyl)-2-hydroxyphenyl)propanoic acid	Backbone	alpha	Tyr	237.29899999999995	1.6441000000000001	83.55	2.5	TRUE	N[C@@H](Cc1(ccc(cc1O)C(C)(C)C))C(=O)O	JGPDCKDIFJNPAX-JTQLQIEISA-N
Ala_pyrid2yl_3Me	(S)-2-amino-3-(3-methylpyridin-2-yl)propanoic acid	Ala(pyrid-2-yl(3-Me))	(2S)-2-amino-3-(3-methylpyridin-2-yl)propanoic acid	Backbone	alpha	Phe	180.20699999999997	0.34441999999999967	76.21	5	TRUE	N[C@@H](Cc1(ncccc1C))C(=O)O	OHRRKEYAYSAHJG-ZETCQYMHSA-N
Phe_3OCHF2	(S)-2-amino-3-(3-(difluoromethoxy)phenyl)propanoic acid	Phe(3-OCHF2)	(2S)-2-amino-3-(3-((difluoromethyl)oxy)phenyl)propanoic acid	Backbone	alpha	Tyr	231.19799999999995	1.2424000000000002	72.55	3.1	TRUE	N[C@@H](Cc1(cccc(OC(F)F)c1))C(=O)O	RJUZLLCGIHPZLB-QMMMGPOBSA-N
4Pal_2CN_3F	(S)-2-amino-3-(2-cyano-3-fluoropyridin-4-yl)propanoic acid	4Pal(2-CN,3-F)	(2S)-2-amino-3-(3-fluoro-2-(nitrilomethyl)pyridin-4-yl)propanoic acid	Backbone	alpha	Phe	209.17999999999995	0.046779999999999766	100	2.2	TRUE	N[C@@H](Cc1(ccnc(C#N)c1F))C(=O)O	YDWQWMIIUIHIRH-LURJTMIESA-N
Phe_EtOH	(S)-2-amino-3-(4-(2-hydroxyethyl)phenyl)propanoic acid	Phe(EtOH)	(2S)-2-amino-3-(4-(2-hydroxyethyl)phenyl)propanoic acid	Backbone	alpha	Phe	209.24499999999995	0.17579999999999996	83.55	5.7	TRUE	N[C@@H](Cc1(ccc(cc1)CCO))C(=O)O	PHTSEYXRINISNN-JTQLQIEISA-N
Phe_2Cl_4OMe_5CO2H	(S)-5-(2-amino-2-carboxyethyl)-4-chloro-2-methoxybenzoic acid	Phe(2-Cl,4-OMe,5-CO2H)	5-((2S)-2-amino-3-hydroxy-3-oxopropyl)-4-chloro-2-methoxybenzene-1-carboxylic acid	Backbone	alpha	Tyr	273.67199999999997	1.0011999999999999	109.85000000000001	2.2	TRUE	N[C@@H](Cc1(cc(C(=O)O)c(OC)cc1Cl))C(=O)O	ZFDFJXXGOLSGCZ-QMMMGPOBSA-N
Phe_3Bz_4F_4Cl	(S)-2-amino-3-(4-chloro-3-(4-fluorobenzoyl)phenyl)propanoic acid	Phe(3-Bz(4-F),4-Cl)	(2S)-2-amino-3-(4-chloro-3-((4-fluorophenyl)carbonyl)phenyl)propanoic acid	Backbone	alpha	Phe	321.735	2.6645000000000003	80.39	2.2	TRUE	N[C@@H](Cc1(ccc(Cl)c(c1)C(=O)c2(ccc(F)cc2)))C(=O)O	VHJRPNYSPWHGHK-AWEZNQCLSA-N
Phe_2CO2H_6NO2	(S)-2-(2-amino-2-carboxyethyl)-3-nitrobenzoic acid	Phe(2-CO2H,6-NO2)	2-((2S)-2-amino-3-hydroxy-3-oxopropyl)-3-nitrobenzene-1-carboxylic acid	Backbone	alpha	Phe	254.19799999999995	0.24740000000000018	143.76	2.3	TRUE	N[C@@H](Cc1(c(cccc1[N+](=O)[O-])C(=O)O))C(=O)O	WSHAPULJIQNASB-ZETCQYMHSA-N
Phe_42carboxyethyl	(S)-2-amino-3-(4-(2-carboxyethyl)phenyl)propanoic acid	Phe(4-2-carboxyethyl)	(2S)-2-amino-3-(4-(3-hydroxy-3-oxopropyl)phenyl)propanoic acid	Backbone	alpha	Phe	237.25499999999994	0.6582	100.62000000000002	3.9	TRUE	N[C@@H](Cc1(ccc(cc1)CCC(=O)O))C(=O)O	VOYPPTPIZRETCC-JTQLQIEISA-N
Phe_2Me_5NO2	(S)-2-amino-3-(2-methyl-5-nitrophenyl)propanoic acid	Phe(2-Me,5-NO2)	(2S)-2-amino-3-(2-methyl-5-nitrophenyl)propanoic acid	Backbone	alpha	Phe	224.21599999999995	0.85762	106.46	3.3	TRUE	N[C@@H](Cc1(cc(ccc1C)[N+](=O)[O-]))C(=O)O	VEIPSQLVFOAEBD-VIFPVBQESA-N
Phe_2Cl_4CO2H	(S)-4-(2-amino-2-carboxyethyl)-3-chlorobenzoic acid	Phe(2-Cl,4-CO2H)	4-((2S)-2-amino-3-hydroxy-3-oxopropyl)-3-chlorobenzene-1-carboxylic acid	Backbone	alpha	Phe	243.64599999999996	0.9926000000000001	100.62000000000002	2.6	TRUE	N[C@@H](Cc1(ccc(cc1Cl)C(=O)O))C(=O)O	IAQGGQXCXPHEAS-QMMMGPOBSA-N
D-Ala_22diMe1_3benzodioxolyl	(R)-2-amino-3-(2,2-dimethylbenzo[d][1,3]dioxol-5-yl)propanoic acid	D-Ala(2,2-diMe-1,3-benzodioxolyl)	(2R)-2-amino-3-(8,8-dimethyl-7,9-dioxabicyclo[4.3.0]nona-1,3,5-trien-3-yl)propanoic acid	Backbone	alpha	Tyr	237.25499999999997	1.1482999999999999	81.78	2.9	TRUE	N[C@H](Cc2(ccc1(OC(Oc1c2)(C)C)))C(=O)O	PFPPGLZXDDFWGF-MRVPVSSYSA-N
3Thi_Me_Me	(S)-2-amino-3-(2,5-dimethylthiophen-3-yl)propanoic acid	3Thi(Me,Me)	(2S)-2-amino-3-(2,5-dimethylthiophen-3-yl)propanoic acid	Backbone	alpha	Phe	199.27499999999998	1.3193400000000002	63.32000000000001	3	TRUE	N[C@@H](Cc1(cc(C)sc1C))C(=O)O	GUBJAMNHRNIPSO-QMMMGPOBSA-N
3Pal_6morpholino	(S)-2-amino-3-(6-morpholinopyridin-3-yl)propanoic acid	3Pal(6-morpholino)	(2S)-2-amino-3-(6-(morpholin-4-yl)pyridin-3-yl)propanoic acid	Backbone	alpha	Phe	251.28599999999992	-0.1274	88.67999999999999	2.6	TRUE	N[C@@H](Cc1(ccc(nc1)N2(CCOCC2)))C(=O)O	IZNDNDRZFIOQTQ-JTQLQIEISA-N
Phe_2NH2_5F	(S)-2-amino-3-(2-amino-5-fluorophenyl)propanoic acid	Phe(2-NH2,5-F)	(2S)-2-amino-3-(2-amino-5-fluorophenyl)propanoic acid	Backbone	alpha	Phe	198.19699999999997	0.3622999999999999	89.34	3.1	TRUE	N[C@@H](Cc1(cc(F)ccc1N))C(=O)O	QBYSIDZVTCDJSV-QMMMGPOBSA-N
Phe_2CF3_4NH2	(S)-2-amino-3-(4-amino-2-(trifluoromethyl)phenyl)propanoic acid	Phe(2-CF3,4-NH2)	(2S)-2-amino-3-(4-amino-2-(trifluoromethyl)phenyl)propanoic acid	Backbone	alpha	Phe	248.20399999999995	1.242	89.34	2.7	TRUE	N[C@@H](Cc1(ccc(N)cc1C(F)(F)F))C(=O)O	BGDVXUHUIBQSBF-QMMMGPOBSA-N
Phe_2Me_4NH2	(S)-2-amino-3-(4-amino-2-methylphenyl)propanoic acid	Phe(2-Me,4-NH2)	(2S)-2-amino-3-(4-amino-2-methylphenyl)propanoic acid	Backbone	alpha	Phe	194.23399999999998	0.5316199999999995	89.34	6.3	TRUE	N[C@@H](Cc1(ccc(N)cc1C))C(=O)O	NTJIKYSOUNWZSL-VIFPVBQESA-N
Phe_2NH2_4CF3	(S)-2-amino-3-(2-amino-4-(trifluoromethyl)phenyl)propanoic acid	Phe(2-NH2,4-CF3)	(2S)-2-amino-3-(2-amino-4-(trifluoromethyl)phenyl)propanoic acid	Backbone	alpha	Phe	248.20399999999992	1.2420000000000002	89.34	2.9	TRUE	N[C@@H](Cc1(ccc(cc1N)C(F)(F)F))C(=O)O	PHVRLXVCQZNDSZ-QMMMGPOBSA-N
Ala_pyrazol4yl_1Me	(S)-2-amino-3-(1-methyl-1H-pyrazol-4-yl)propanoic acid	Ala(pyrazol-4-yl(1-Me))	(2S)-2-amino-3-(1-methyl-1H-pyrazol-4-yl)propanoic acid	Backbone	alpha	Phe	169.184	-0.6255000000000002	81.14	6.5	TRUE	N[C@@H](Cc1(cnn(C)c1))C(=O)O	UXJDTZCOFCDIIW-LURJTMIESA-N
2Pal_3NH2_6Cl	(S)-2-amino-3-(3-amino-6-chloropyridin-2-yl)propanoic acid	2Pal(3-NH2,6-Cl)	(2S)-2-amino-3-(3-amino-6-chloropyridin-2-yl)propanoic acid	Backbone	alpha	Phe	215.64000000000001	0.2716000000000001	102.23	2.2	TRUE	N[C@@H](Cc1(nc(Cl)ccc1N))C(=O)O	DLESBRDVGQWWCI-YFKPBYRVSA-N
Phe_34diCO2H	(S)-4-(2-amino-2-carboxyethyl)phthalic acid	Phe(3,4-diCO2H)	4-((2S)-2-amino-3-hydroxy-3-oxopropyl)benzene-1,2-dicarboxylic acid	Backbone	alpha	Phe	253.20999999999998	0.03739999999999977	137.92000000000002	2.7	TRUE	N[C@@H](Cc1(ccc(C(=O)O)c(c1)C(=O)O))C(=O)O	DSZCXCQDLAVEHT-QMMMGPOBSA-N
Phe_2CN_4NO2	(S)-2-amino-3-(2-cyano-4-nitrophenyl)propanoic acid	Phe(2-CN,4-NO2)	(2S)-2-amino-3-(2-(nitrilomethyl)-4-nitrophenyl)propanoic acid	Backbone	alpha	Phe	235.19899999999996	0.42087999999999987	130.25	2.4	TRUE	N[C@@H](Cc1(ccc(cc1C#N)[N+](=O)[O-]))C(=O)O	ZEUOKIZXIYRENH-VIFPVBQESA-N
Phe_2F_6CO2H	(S)-2-(2-amino-2-carboxyethyl)-3-fluorobenzoic acid	Phe(2-F,6-CO2H)	2-((2S)-2-amino-3-hydroxy-3-oxopropyl)-3-fluorobenzene-1-carboxylic acid	Backbone	alpha	Phe	227.19099999999997	0.47829999999999984	100.62000000000002	2.7	TRUE	N[C@@H](Cc1(c(F)cccc1C(=O)O))C(=O)O	NEVQYAJBNKPXER-QMMMGPOBSA-N
Phe_3OMe_4Me	(S)-2-amino-3-(3-methoxy-4-methylphenyl)propanoic acid	Phe(3-OMe,4-Me)	(2S)-2-amino-3-(3-methoxy-4-methylphenyl)propanoic acid	Backbone	alpha	Tyr	209.24499999999998	0.9580199999999999	72.55	4.6	TRUE	N[C@@H](Cc1(ccc(C)c(OC)c1))C(=O)O	KVCLBSURIAFEJS-VIFPVBQESA-N
3Pal_6CO2H	(S)-5-(2-amino-2-carboxyethyl)picolinic acid	3Pal(6-CO2H)	5-((2S)-2-amino-3-hydroxy-3-oxopropyl)pyridine-2-carboxylic acid	Backbone	alpha	Phe	210.18899999999996	-0.2658000000000001	113.51	2.7	TRUE	N[C@@H](Cc1(ccc(nc1)C(=O)O))C(=O)O	RAHWNXIQXPRNOJ-LURJTMIESA-N
Nva_N3	(S)-2-amino-5-azidopentanoic acid	Nva(N3)	(2S)-2-amino-5-azidopentanoic acid	Backbone	alpha	Lys	158.16100000000003	0.4887999999999996	112.08	7.2	TRUE	N[C@@H](CCCN=[N+]=[N-])C(=O)O	AUARUCAREKTRCL-BYPYZUCNSA-N
Phe_4NMe2	(S)-2-amino-3-(4-(dimethylamino)phenyl)propanoic acid	Phe(4-NMe2)	(2S)-2-amino-3-(4-(dimethylamino)phenyl)propanoic acid	Backbone	alpha	Phe	208.26099999999994	0.7070000000000001	66.56	10.1	TRUE	N[C@@H](Cc1(ccc(cc1)N(C)C))C(=O)O	USEYFCOAPFGKLX-JTQLQIEISA-N
Phe_SMe	(S)-2-amino-3-(4-(methylthio)phenyl)propanoic acid	Phe(SMe)	(2S)-2-amino-3-(4-(methylsulfanyl)phenyl)propanoic acid	Backbone	alpha	Phe	211.28599999999994	1.3629000000000002	63.32000000000001	4.6	TRUE	N[C@@H](Cc1(ccc(cc1)SC))C(=O)O	CYPJHFKIGWANKM-VIFPVBQESA-N
Phe_2NO2_5OMe	(S)-2-amino-3-(5-methoxy-2-nitrophenyl)propanoic acid	Phe(2-NO2,5-OMe)	(2S)-2-amino-3-(5-methoxy-2-nitrophenyl)propanoic acid	Backbone	alpha	Tyr	240.21499999999997	0.5578000000000001	115.69000000000001	3.5	TRUE	N[C@@H](Cc1(cc(OC)ccc1[N+](=O)[O-]))C(=O)O	LKLUGRJBXBWZEK-QMMMGPOBSA-N
Phe_4Ph_4Et	(S)-2-amino-3-(4'-ethyl-[1,1'-biphenyl]-4-yl)propanoic acid	Phe(4-Ph(4-Et))	(2S)-2-amino-3-(4-(4-ethylphenyl)phenyl)propanoic acid	Backbone	alpha	Phe	269.34399999999994	2.870400000000001	63.32000000000001	4.7	TRUE	N[C@@H](Cc1(ccc(cc1)c2(ccc(cc2)CC)))C(=O)O	NOUZOIQUNLAZBG-INIZCTEOSA-N
Phe_2Me_6CONH2	(S)-2-amino-3-(2-carbamoyl-6-methylphenyl)propanoic acid	Phe(2-Me,6-CONH2)	(2S)-2-amino-3-(2-carbamoyl-6-methylphenyl)propanoic acid	Backbone	alpha	Phe	222.24399999999994	0.048320000000000196	106.41000000000001	2.4	TRUE	N[C@@H](Cc1(c(C)cccc1C(=O)N))C(=O)O	XAQMIDBTMAXVKZ-VIFPVBQESA-N
Ser_Pyranose_RSSR	O-((2R,3R,4S,5S,6R)-3,4,5-trihydroxy-6-(hydroxymethyl)tetrahydro-2H-pyran-2-yl)-L-serine	Ser(Pyranose(RSSR))	(2S)-2-amino-3-(((2R,3R,4S,5S,6R)-3,4,5-trihydroxy-6-(hydroxymethyl)-oxan-2-yl)oxy)propanoic acid	Backbone	alpha	Ser	267.234	-3.785199999999998	162.70000000000002	4.4	TRUE	N[C@@H](CO[C@@H]1(O[C@H](CO)[C@@H](O)[C@H](O)[C@H]1O))C(=O)O	HGTOXWOVJAONKK-AVLLYLPDSA-N
Phe_3Cl_4NH2	(S)-2-amino-3-(4-amino-3-chlorophenyl)propanoic acid	Phe(3-Cl,4-NH2)	(2S)-2-amino-3-(4-amino-3-chlorophenyl)propanoic acid	Backbone	alpha	Phe	214.652	0.8766000000000003	89.34	4.2	TRUE	N[C@@H](Cc1(ccc(N)c(Cl)c1))C(=O)O	DUTUMPPEESUPFC-QMMMGPOBSA-N
3Pal_2Cl_5Me	(S)-2-amino-3-(2-chloro-5-methylpyridin-3-yl)propanoic acid	3Pal(2-Cl,5-Me)	(2S)-2-amino-3-(2-chloro-5-methylpyridin-3-yl)propanoic acid	Backbone	alpha	Phe	214.652	0.9978199999999999	76.21	2.9	TRUE	N[C@@H](Cc1(cc(C)cnc1Cl))C(=O)O	YCCXDCAMYFQELY-ZETCQYMHSA-N
4Pal_2Cl_5NH2	(S)-2-amino-3-(5-amino-2-chloropyridin-4-yl)propanoic acid	4Pal(2-Cl,5-NH2)	(2S)-2-amino-3-(5-amino-2-chloropyridin-4-yl)propanoic acid	Backbone	alpha	Phe	215.64	0.2716000000000001	102.23	2.2	TRUE	N[C@@H](Cc1(cc(Cl)ncc1N))C(=O)O	QQBUUHBDGJTWST-YFKPBYRVSA-N
Ala_tetrahydroquinolinyl	(S)-2-amino-3-(3,4-dihydroquinolin-1(2H)-yl)propanoic acid	Ala(tetrahydroquinolinyl)	(2S)-2-amino-3-(2-azabicyclo[4.4.0]deca-1(10),6,8-trien-2-yl)propanoic acid	Backbone	alpha	X	220.272	0.8510999999999995	66.56	3.4	TRUE	N[C@@H](CN2(CCCc1(ccccc12)))C(=O)O	PDGLZBZYTYRBBE-JTQLQIEISA-N
Ala_pyrazol4yl_1cPr	(S)-2-amino-3-(1-cyclopropyl-1H-pyrazol-4-yl)propanoic acid	Ala(pyrazol-4-yl(1-cPr))	(2S)-2-amino-3-(1-cyclopropyl-1H-pyrazol-4-yl)propanoic acid	Backbone	alpha	Phe	195.22199999999995	0.1723999999999996	81.14	3.7	TRUE	N[C@@H](Cc1(cnn(c1)C2(CC2)))C(=O)O	SLIYNMICHQBXBH-QMMMGPOBSA-N
Phe_3CN_4Me	(S)-2-amino-3-(3-cyano-4-methylphenyl)propanoic acid	Phe(3-CN,4-Me)	(2S)-2-amino-3-(4-methyl-3-(nitrilomethyl)phenyl)propanoic acid	Backbone	alpha	Phe	204.22899999999998	0.8211000000000002	87.11	2.8	TRUE	N[C@@H](Cc1(ccc(C)c(C#N)c1))C(=O)O	DQPZTKGEXYFBSS-JTQLQIEISA-N
D-hPhe_25diCl	(R)-2-amino-4-(2,5-dichlorophenyl)butanoic acid	D-hPhe(2,5-diCl)	(2R)-2-amino-4-(2,5-dichlorophenyl)butanoic acid	Backbone	alpha	Phe	248.10899999999998	2.3379	63.32000000000001	3.3	TRUE	N[C@H](CCc1(cc(Cl)ccc1Cl))C(=O)O	RJEDYAFWGILHRM-SECBINFHSA-N
N_333trifluoropropyl-G	(3,3,3-trifluoropropyl)glycine	3,3,3-trifluoropropyl-Gly	2-((3,3,3-trifluoropropyl)amino)acetic acid	Backbone	alpha	Gly	171.11800000000002	0.6130000000000001	49.33	9.7	TRUE	N(CCC(F)(F)F)CC(=O)O	KCQRFKWRWFPJPB-UHFFFAOYSA-N
Phe_35diF_4OMe	(S)-2-amino-3-(3,5-difluoro-4-methoxyphenyl)propanoic acid	Phe(3,5-diF,4-OMe)	(2S)-2-amino-3-(3,5-difluoro-4-methoxyphenyl)propanoic acid	Backbone	alpha	Tyr	231.19799999999998	0.9278	72.55	3	TRUE	N[C@@H](Cc1(cc(F)c(OC)c(F)c1))C(=O)O	CWCYNBXXDKLYGK-QMMMGPOBSA-N
Phe_3Cl_5CN	(S)-2-amino-3-(3-chloro-5-cyanophenyl)propanoic acid	Phe(3-Cl,5-CN)	(2S)-2-amino-3-(3-chloro-5-(nitrilomethyl)phenyl)propanoic acid	Backbone	alpha	Phe	224.647	1.16608	87.11	2.2	TRUE	N[C@@H](Cc1(cc(Cl)cc(C#N)c1))C(=O)O	OLWLLUIKXILTAR-VIFPVBQESA-N
2Pal_4NH2	(S)-2-amino-3-(4-aminopyridin-2-yl)propanoic acid	2Pal(4-NH2)	(2S)-2-amino-3-(4-aminopyridin-2-yl)propanoic acid	Backbone	alpha	Phe	181.19499999999996	-0.38180000000000064	102.23	2.9	TRUE	N[C@@H](Cc1(cc(N)ccn1))C(=O)O	OEMKPBDAUUIRBT-ZETCQYMHSA-N
Phe_26diiPr	(S)-2-amino-3-(2,6-diisopropylphenyl)propanoic acid	Phe(2,6-diiPr)	(2S)-2-amino-3-(2,6-bis(propan-2-yl)phenyl)propanoic acid	Backbone	alpha	Phe	249.35399999999996	2.8878000000000013	63.32000000000001	3.2	TRUE	N[C@@H](Cc1(c(cccc1C(C)C)C(C)C))C(=O)O	YDMAGWQQPAPUMK-AWEZNQCLSA-N
Phe_2OCF3_5NO2	(S)-2-amino-3-(5-nitro-2-(trifluoromethoxy)phenyl)propanoic acid	Phe(2-OCF3,5-NO2)	(2S)-2-amino-3-(5-nitro-2-((trifluoromethyl)oxy)phenyl)propanoic acid	Backbone	alpha	Tyr	294.18499999999995	1.4478	115.69000000000001	2.2	TRUE	N[C@@H](Cc1(cc(ccc1OC(F)(F)F)[N+](=O)[O-]))C(=O)O	MYHGAVZFZLMLIP-ZETCQYMHSA-N
Tyr_3Cbz	(S)-2-amino-3-(3-((benzyloxy)carbonyl)-4-hydroxyphenyl)propanoic acid	Tyr(3-Cbz)	(2S)-2-amino-3-(3-(benzyloxyformyl)-4-hydroxyphenyl)propanoic acid	Backbone	alpha	Tyr	315.325	1.7036	109.85000000000001	3.1	TRUE	N[C@@H](Cc1(ccc(O)c(c1)C(=O)OCc2(ccccc2)))C(=O)O	PLPGAKWCWRPBGY-AWEZNQCLSA-N
Ala_indan2yl	(S)-2-amino-3-(2,3-dihydro-1H-inden-2-yl)propanoic acid	Ala(indan-2-yl)	(2S)-2-amino-3-(indan-2-yl)propanoic acid	Backbone	alpha	X	205.25699999999998	1.2034	63.32000000000001	3.9	TRUE	N[C@@H](CC2(Cc1(ccccc1C2)))C(=O)O	SJDOJKYZOIOVSC-NSHDSACASA-N
Phe_2Me_6Cl	(S)-2-amino-3-(2-chloro-6-methylphenyl)propanoic acid	Phe(2-Me,6-Cl)	(2S)-2-amino-3-(2-chloro-6-methylphenyl)propanoic acid	Backbone	alpha	Phe	213.66399999999996	1.6028200000000004	63.32000000000001	3	TRUE	N[C@@H](Cc1(c(C)cccc1Cl))C(=O)O	JPTASNSNGGFCES-VIFPVBQESA-N
Phe_24diF_3CO2H	(S)-3-(2-amino-2-carboxyethyl)-2,6-difluorobenzoic acid	Phe(2,4-diF,3-CO2H)	3-((2S)-2-amino-3-hydroxy-3-oxopropyl)-2,6-difluorobenzene-1-carboxylic acid	Backbone	alpha	Phe	245.18099999999995	0.6174000000000001	100.62000000000002	2.2	TRUE	N[C@@H](Cc1(ccc(F)c(C(=O)O)c1F))C(=O)O	ODFXBHCQEVUFAQ-LURJTMIESA-N
Phe_35diMe_4NH2	(S)-2-amino-3-(4-amino-3,5-dimethylphenyl)propanoic acid	Phe(3,5-diMe,4-NH2)	(2S)-2-amino-3-(4-amino-3,5-dimethylphenyl)propanoic acid	Backbone	alpha	Phe	208.261	0.8400399999999999	89.34	3.3	TRUE	N[C@@H](Cc1(cc(C)c(N)c(C)c1))C(=O)O	MMXFOJSYRDUIKR-VIFPVBQESA-N
3Pal_5CF3_6NH2	(S)-2-amino-3-(6-amino-5-(trifluoromethyl)pyridin-3-yl)propanoic acid	3Pal(5-CF3,6-NH2)	(2S)-2-amino-3-(6-amino-5-(trifluoromethyl)pyridin-3-yl)propanoic acid	Backbone	alpha	Phe	249.19199999999998	0.6369999999999998	102.23	2.2	TRUE	N[C@@H](Cc1(cnc(N)c(c1)C(F)(F)F))C(=O)O	GNXRYQKCEPVNQC-LURJTMIESA-N
Phe_3Cl_5CO2H	(S)-3-(2-amino-2-carboxyethyl)-5-chlorobenzoic acid	Phe(3-Cl,5-CO2H)	3-((2S)-2-amino-3-hydroxy-3-oxopropyl)-5-chlorobenzene-1-carboxylic acid	Backbone	alpha	Phe	243.646	0.9926000000000001	100.62000000000002	2.7	TRUE	N[C@@H](Cc1(cc(Cl)cc(c1)C(=O)O))C(=O)O	IAJWCTSYVHNICS-QMMMGPOBSA-N
Phe_2CO2H_4F	(S)-2-(2-amino-2-carboxyethyl)-5-fluorobenzoic acid	Phe(2-CO2H,4-F)	2-((2S)-2-amino-3-hydroxy-3-oxopropyl)-5-fluorobenzene-1-carboxylic acid	Backbone	alpha	Phe	227.19099999999997	0.47829999999999984	100.62000000000002	2.6	TRUE	N[C@@H](Cc1(ccc(F)cc1C(=O)O))C(=O)O	MHFWLJNSUNHNTN-QMMMGPOBSA-N
Ala_1Meindazolyl	(S)-2-amino-3-(1-methyl-1H-indazol-5-yl)propanoic acid	Ala(1-Me-indazolyl)	(2S)-2-amino-3-(1-methyl-1H-indazol-5-yl)propanoic acid	Backbone	alpha	Phe	219.24399999999997	0.5276999999999998	81.14	3.1	TRUE	N[C@@H](Cc2(ccc1(c(cnn1C)c2)))C(=O)O	RWMLDOJQANZKGI-VIFPVBQESA-N
bAla_2ROH_3RPh_2CF3	(2R,3R)-3-amino-2-hydroxy-3-(2-(trifluoromethyl)phenyl)propanoic acid	bAla(2R-OH,3R-Ph(2-CF3))	(2R,3R)-3-amino-2-hydroxy-3-(2-(trifluoromethyl)phenyl)propanoic acid	Backbone	beta	X	249.18799999999996	1.1507	83.55	2.6	TRUE	N[C@H](c1(ccccc1C(F)(F)F))[C@@H](O)C(=O)O	YIGYZBFRVLGTOV-HTQZYQBOSA-N
3Pal_2CO2H	(S)-3-(2-amino-2-carboxyethyl)picolinic acid	3Pal(2-CO2H)	3-((2S)-2-amino-3-hydroxy-3-oxopropyl)pyridine-2-carboxylic acid	Backbone	alpha	Phe	210.18899999999996	-0.2658000000000001	113.51	2.5	TRUE	N[C@@H](Cc1(cccnc1C(=O)O))C(=O)O	FCANCHBPBMZGSN-LURJTMIESA-N
Phe_2Me_3OBn	(S)-2-amino-3-(3-((benzyloxy)methyl)-2-methylphenyl)propanoic acid	Phe(2-Me,3-OBn)	(2S)-2-amino-3-(3-(benzyloxymethyl)-2-methylphenyl)propanoic acid	Backbone	alpha	Phe	299.37	2.666220000000001	72.55	2.3	TRUE	N[C@@H](Cc2(cccc(COCc1(ccccc1))c2C))C(=O)O	PZHWTQRJJDVPKO-KRWDZBQOSA-N
Phe_2F_4Me	(S)-2-amino-3-(2-fluoro-4-methylphenyl)propanoic acid	Phe(2-F,4-Me)	(2S)-2-amino-3-(2-fluoro-4-methylphenyl)propanoic acid	Backbone	alpha	Phe	197.20899999999995	1.0885200000000002	63.32000000000001	4.9	TRUE	N[C@@H](Cc1(ccc(C)cc1F))C(=O)O	ZWMXOQFVRKESMD-VIFPVBQESA-N
Phe_2Me_3F	(S)-2-amino-3-(3-fluoro-2-methylphenyl)propanoic acid	Phe(2-Me,3-F)	(2S)-2-amino-3-(3-fluoro-2-methylphenyl)propanoic acid	Backbone	alpha	Phe	197.20899999999997	1.0885200000000002	63.32000000000001	3.4	TRUE	N[C@@H](Cc1(cccc(F)c1C))C(=O)O	GTXNGJQJNNNKGD-VIFPVBQESA-N
Phe_3NO2_4OMe	(S)-2-amino-3-(4-methoxy-3-nitrophenyl)propanoic acid	Phe(3-NO2,4-OMe)	(2S)-2-amino-3-(4-methoxy-3-nitrophenyl)propanoic acid	Backbone	alpha	Tyr	240.21499999999997	0.5578000000000001	115.69000000000001	4.2	TRUE	N[C@@H](Cc1(ccc(OC)c(c1)[N+](=O)[O-]))C(=O)O	MZNPRACFHIBIGU-ZETCQYMHSA-N
Ala_triazolopyridinyl	(S)-3-([1,2,4]triazolo[1,5-a]pyridin-6-yl)-2-aminopropanoic acid	Ala(triazolopyridinyl)	(2S)-2-amino-3-(1,7,9-triazabicyclo[4.3.0]nona-2,4,6,8-tetraen-3-yl)propanoic acid	Backbone	alpha	Phe	206.20499999999998	-0.3163000000000003	93.51	2.4	TRUE	N[C@@H](Cc2(ccc1(ncnn1c2)))C(=O)O	BOPYRCRTQDXTKX-ZETCQYMHSA-N
3Pal_2OPr	(S)-2-amino-3-(2-propoxypyridin-3-yl)propanoic acid	3Pal(2-OPr)	(2S)-2-amino-3-(2-propoxypyridin-3-yl)propanoic acid	Backbone	alpha	Phe	224.25999999999993	0.8248	85.44000000000001	2.9	TRUE	N[C@@H](Cc1(cccnc1OCCC))C(=O)O	BUTDKPQQVPOQEL-VIFPVBQESA-N
Phe_4Ph_4Pr	(S)-2-amino-3-(4'-propyl-[1,1'-biphenyl]-4-yl)propanoic acid	Phe(4-Ph(4-Pr))	(2S)-2-amino-3-(4-(4-propylphenyl)phenyl)propanoic acid	Backbone	alpha	Phe	283.371	3.2605000000000013	63.32000000000001	4.6	TRUE	N[C@@H](Cc1(ccc(cc1)c2(ccc(cc2)CCC)))C(=O)O	ZKXHZKIBVJODSY-KRWDZBQOSA-N
Phe_4Ph_2Cl	(S)-2-amino-3-(2'-chloro-[1,1'-biphenyl]-4-yl)propanoic acid	Phe(4-Ph(2-Cl))	(2S)-2-amino-3-(4-(2-chlorophenyl)phenyl)propanoic acid	Backbone	alpha	Phe	275.735	2.961400000000001	63.32000000000001	4.3	TRUE	N[C@@H](Cc1(ccc(cc1)c2(ccccc2Cl)))C(=O)O	UHZXKTIUPOTGKP-AWEZNQCLSA-N
Phe_2CF3_4Cl	(S)-2-amino-3-(4-chloro-2-(trifluoromethyl)phenyl)propanoic acid	Phe(2-CF3,4-Cl)	(2S)-2-amino-3-(4-chloro-2-(trifluoromethyl)phenyl)propanoic acid	Backbone	alpha	Phe	267.63399999999996	2.3132	63.32000000000001	2.7	TRUE	N[C@@H](Cc1(ccc(Cl)cc1C(F)(F)F))C(=O)O	RXPDRKOMXKBBBM-QMMMGPOBSA-N
Thr_allyl	O-allyl-L-threonine	Thr(allyl)	(2S,3R)-2-amino-3-((prop-2-en-1-yl)oxy)butanoic acid	Backbone	alpha	Thr	159.185	-0.01060000000000022	72.55	5.4	TRUE	N[C@@H]([C@H](OCC=C)C)C(=O)O	DSQHMLACRFGVEJ-RITPCOANSA-N
3Pal_2CN	(S)-2-amino-3-(2-cyanopyridin-3-yl)propanoic acid	3Pal(2-CN)	(2S)-2-amino-3-(2-(nitrilomethyl)pyridin-3-yl)propanoic acid	Backbone	alpha	Phe	191.18999999999997	-0.09232000000000001	100	2.7	TRUE	N[C@@H](Cc1(cccnc1C#N))C(=O)O	QZOMLJIJFFBNPC-ZETCQYMHSA-N
3Pal_4NH2	(S)-2-amino-3-(4-aminopyridin-3-yl)propanoic acid	3Pal(4-NH2)	(2S)-2-amino-3-(4-aminopyridin-3-yl)propanoic acid	Backbone	alpha	Phe	181.19499999999996	-0.3818000000000002	102.23	3.4	TRUE	N[C@@H](Cc1(cnccc1N))C(=O)O	MAKIXRNAHYESGF-ZETCQYMHSA-N
Phe_3F_5CO2H	(S)-3-(2-amino-2-carboxyethyl)-5-fluorobenzoic acid	Phe(3-F,5-CO2H)	3-((2S)-2-amino-3-hydroxy-3-oxopropyl)-5-fluorobenzene-1-carboxylic acid	Backbone	alpha	Phe	227.19099999999997	0.47829999999999984	100.62000000000002	2.7	TRUE	N[C@@H](Cc1(cc(F)cc(c1)C(=O)O))C(=O)O	RHWVTHNAUZJWKU-QMMMGPOBSA-N
Ala_pyrimid4yl_6SMe	(S)-2-amino-3-(6-(methylthio)pyrimidin-4-yl)propanoic acid	Ala(pyrimid-4-yl(6-SMe))	(2S)-2-amino-3-(6-(methylsulfanyl)pyrimidin-4-yl)propanoic acid	Backbone	alpha	Phe	213.26199999999997	0.1529000000000002	89.10000000000001	2.2	TRUE	N[C@@H](Cc1(cc(ncn1)SC))C(=O)O	NDAGRIIWLZEAIH-LURJTMIESA-N
Ala_quinolin6yl_2Me	(S)-2-amino-3-(2-methylquinolin-6-yl)propanoic acid	Ala(quinolin-6-yl(2-Me))	(2S)-2-amino-3-(2-methylquinolin-6-yl)propanoic acid	Backbone	alpha	Phe	230.267	1.4976200000000002	76.21	5.1	TRUE	N[C@@H](Cc2(ccc1(nc(C)ccc1c2)))C(=O)O	VTHJEFJVDSNDCV-NSHDSACASA-N
Phe_2Me_4CO2H	(S)-4-(2-amino-2-carboxyethyl)-3-methylbenzoic acid	Phe(2-Me,4-CO2H)	4-((2S)-2-amino-3-hydroxy-3-oxopropyl)-3-methylbenzene-1-carboxylic acid	Backbone	alpha	Phe	223.22799999999995	0.64762	100.62000000000002	2.9	TRUE	N[C@@H](Cc1(ccc(cc1C)C(=O)O))C(=O)O	BCCNJCIBDRJGPB-VIFPVBQESA-N
Ala_pyrid2yl_6Me	(S)-2-amino-3-(6-methylpyridin-2-yl)propanoic acid	Ala(pyrid-2-yl(6-Me))	(2S)-2-amino-3-(6-methylpyridin-2-yl)propanoic acid	Backbone	alpha	Phe	180.20699999999997	0.3444200000000001	76.21	4.7	TRUE	N[C@@H](Cc1(cccc(C)n1))C(=O)O	QNUVTERAUDHHKC-QMMMGPOBSA-N
Phe_2NO2_4CF3	(S)-2-amino-3-(2-nitro-4-(trifluoromethyl)phenyl)propanoic acid	Phe(2-NO2,4-CF3)	(2S)-2-amino-3-(2-nitro-4-(trifluoromethyl)phenyl)propanoic acid	Backbone	alpha	Phe	278.1859999999999	1.568	106.46	2.6	TRUE	N[C@@H](Cc1(ccc(cc1[N+](=O)[O-])C(F)(F)F))C(=O)O	PJILYQVCCFLYSL-ZETCQYMHSA-N
Phe_2Me_6CO2H	(S)-2-(2-amino-2-carboxyethyl)-3-methylbenzoic acid	Phe(2-Me,6-CO2H)	2-((2S)-2-amino-3-hydroxy-3-oxopropyl)-3-methylbenzene-1-carboxylic acid	Backbone	alpha	Phe	223.22799999999995	0.64762	100.62000000000002	2.7	TRUE	N[C@@H](Cc1(c(C)cccc1C(=O)O))C(=O)O	KBMVPHFGZCASFJ-VIFPVBQESA-N
Phe_4pyrid4yl	(S)-2-amino-3-(4-(pyridin-4-yl)phenyl)propanoic acid	Phe(4-pyrid-4-yl)	(2S)-2-amino-3-(4-(pyridin-4-yl)phenyl)propanoic acid	Backbone	alpha	Phe	242.278	1.703	76.21	6.3	TRUE	N[C@@H](Cc1(ccc(cc1)c2(ccncc2)))C(=O)O	VLCKOHYUPSSERC-ZDUSSCGKSA-N
Phe_2F_3CO2H	(S)-3-(2-amino-2-carboxyethyl)-2-fluorobenzoic acid	Phe(2-F,3-CO2H)	3-((2S)-2-amino-3-hydroxy-3-oxopropyl)-2-fluorobenzene-1-carboxylic acid	Backbone	alpha	Phe	227.19099999999995	0.47829999999999984	100.62000000000002	2.4	TRUE	N[C@@H](Cc1(cccc(C(=O)O)c1F))C(=O)O	PKQPSDBAYBMTBJ-ZETCQYMHSA-N
Phe_3CH2CN	(S)-2-amino-3-(3-(cyanomethyl)phenyl)propanoic acid	Phe(3-CH2CN)	(2S)-2-amino-3-(3-(2-nitriloethyl)phenyl)propanoic acid	Backbone	alpha	Phe	204.22899999999996	0.7070800000000002	87.11	2.8	TRUE	N[C@@H](Cc1(cccc(c1)CC#N))C(=O)O	PZGFLYDKSWHGGV-JTQLQIEISA-N
Ala_2Meindazolyl	(S)-2-amino-3-(2-methyl-2H-indazol-5-yl)propanoic acid	Ala(2-Me-indazolyl)	(2S)-2-amino-3-(8-methyl-7,8-diazabicyclo[4.3.0]nona-1(9),2,4,6-tetraen-3-yl)propanoic acid	Backbone	alpha	Phe	219.244	0.5276999999999998	81.14	3.1	TRUE	N[C@@H](Cc2(ccc1(nn(C)cc1c2)))C(=O)O	OUMVLBFOBPVUHK-VIFPVBQESA-N
Phe_3Me_4CF3	(S)-2-amino-3-(3-methyl-4-(trifluoromethyl)phenyl)propanoic acid	Phe(3-Me,4-CF3)	(2S)-2-amino-3-(3-methyl-4-(trifluoromethyl)phenyl)propanoic acid	Backbone	alpha	Phe	247.21599999999995	1.96822	63.32000000000001	3.4	TRUE	N[C@@H](Cc1(ccc(c(C)c1)C(F)(F)F))C(=O)O	SJYXHXWZZLSPJK-VIFPVBQESA-N
Phe_2EtO2H	(S)-2-amino-3-(2-(carboxymethyl)phenyl)propanoic acid	Phe(2-EtO2H)	(2S)-2-amino-3-(2-(2-hydroxy-2-oxoethyl)phenyl)propanoic acid	Backbone	alpha	Phe	223.22799999999995	0.26809999999999967	100.62000000000002	3	TRUE	N[C@@H](Cc1(ccccc1CC(=O)O))C(=O)O	ZBEOQVHUFQJWCJ-VIFPVBQESA-N
Phe_2Me_3CN	(S)-2-amino-3-(3-cyano-2-methylphenyl)propanoic acid	Phe(2-Me,3-CN)	(2S)-2-amino-3-(2-methyl-3-(nitrilomethyl)phenyl)propanoic acid	Backbone	alpha	Phe	204.22899999999996	0.8211000000000002	87.11	2.6	TRUE	N[C@@H](Cc1(cccc(C#N)c1C))C(=O)O	XZJZFMBGBINFEQ-JTQLQIEISA-N
aMePhe_3F	(S)-2-amino-3-(3-fluorophenyl)-2-methylpropanoic acid	aMePhe(3-F)	(2S)-2-amino-2-((3-fluorophenyl)methyl)propanoic acid	Backbone	alpha	Phe	197.20899999999997	1.1702	63.32000000000001	4.6	TRUE	N[C@@](C)(Cc1(cccc(F)c1))C(=O)O	FQZGACCJFXQSCQ-JTQLQIEISA-N
Phe_2Me_5CO2H	(S)-3-(2-amino-2-carboxyethyl)-4-methylbenzoic acid	Phe(2-Me,5-CO2H)	3-((2S)-2-amino-3-hydroxy-3-oxopropyl)-4-methylbenzene-1-carboxylic acid	Backbone	alpha	Phe	223.22799999999995	0.64762	100.62000000000002	3.2	TRUE	N[C@@H](Cc1(cc(ccc1C)C(=O)O))C(=O)O	LFTWZDOHVWZXDQ-VIFPVBQESA-N
Ala_pyrid3yl_4OMe	(S)-2-amino-3-(4-methoxypyridin-3-yl)propanoic acid	Ala(pyrid-3-yl(4-OMe))	(2S)-2-amino-3-(4-methoxypyridin-3-yl)propanoic acid	Backbone	alpha	Phe	196.20599999999996	0.044599999999999695	85.44000000000001	2.7	TRUE	N[C@@H](Cc1(cnccc1OC))C(=O)O	SAAHEFJIUZRTJT-ZETCQYMHSA-N
Phe_2OMe_3F	(S)-2-amino-3-(3-fluoro-2-methoxyphenyl)propanoic acid	Phe(2-OMe,3-F)	(2S)-2-amino-3-(3-fluoro-2-methoxyphenyl)propanoic acid	Backbone	alpha	Tyr	213.20799999999997	0.7887000000000002	72.55	3.1	TRUE	N[C@@H](Cc1(cccc(F)c1OC))C(=O)O	DZDIMQMNUOMEAX-QMMMGPOBSA-N
Phe_2CO2H_4NO2	(S)-2-(2-amino-2-carboxyethyl)-5-nitrobenzoic acid	Phe(2-CO2H,4-NO2)	2-((2S)-2-amino-3-hydroxy-3-oxopropyl)-5-nitrobenzene-1-carboxylic acid	Backbone	alpha	Phe	254.19799999999995	0.24739999999999973	143.76	2.5	TRUE	N[C@@H](Cc1(ccc(cc1C(=O)O)[N+](=O)[O-]))C(=O)O	BPMVYPRELOSRAS-QMMMGPOBSA-N
D-aBn4-IPro	(2R)-2-[(4-iodophenyl)methyl]pyrrolidine-2-carboxylic acid	D-aBn(4-I)Pro	(2R)-2-((4-iodophenyl)methyl)pyrrolidine-2-carboxylic acid	Backbone	alpha	Pro	331.153	2.0405	49.33	2.6	TRUE	N1[C@](CCC1)(Cc2(ccc(I)cc2))C(=O)O	CLNWOXRWDCFVOR-GFCCVEGCSA-N
D-Gly_bicyclo111pentylmethyl	(R)-2-amino-3-(bicyclo[1.1.1]pentan-1-yl)propanoic acid	D-Gly(bicyclo[1.1.1]pentylmethyl)	(2R)-2-amino-3-(bicyclo[1.1.1]pentan-1-yl)propanoic acid	Backbone	alpha	Ala	155.197	0.5884999999999998	63.32000000000001	5.2	TRUE	N[C@H](CC12(CC(C1)C2))C(=O)O	IENPWSBMRBJIBM-NAJVVJGSSA-N
Phe_2NO2_4CN	(S)-2-amino-3-(4-cyano-2-nitrophenyl)propanoic acid	Phe(2-NO2,4-CN)	(2S)-2-amino-3-(4-(nitrilomethyl)-2-nitrophenyl)propanoic acid	Backbone	alpha	Phe	235.19899999999998	0.42087999999999987	130.25	2.6	TRUE	N[C@@H](Cc1(ccc(C#N)cc1[N+](=O)[O-]))C(=O)O	PWAANDSNQHWUET-QMMMGPOBSA-N
Phe_43carboxypropyl	(S)-4-(4-(2-amino-2-carboxyethyl)phenyl)butanoic acid	Phe(4-3-carboxypropyl)	4-(4-((2S)-2-amino-3-hydroxy-3-oxopropyl)phenyl)butanoic acid	Backbone	alpha	Phe	251.28199999999993	1.0483	100.62000000000002	3	TRUE	N[C@@H](Cc1(ccc(cc1)CCCC(=O)O))C(=O)O	ALLMRQJXVYBYNT-NSHDSACASA-N
Phe_2CO2H_4Cl	(S)-2-(2-amino-2-carboxyethyl)-5-chlorobenzoic acid	Phe(2-CO2H,4-Cl)	2-((2S)-2-amino-3-hydroxy-3-oxopropyl)-5-chlorobenzene-1-carboxylic acid	Backbone	alpha	Phe	243.646	0.9926000000000001	100.62000000000002	2.5	TRUE	N[C@@H](Cc1(ccc(Cl)cc1C(=O)O))C(=O)O	BDZCDSOBQSKUNP-QMMMGPOBSA-N
Phe_2OH_5Ph_4CN	(S)-2-amino-3-(4'-cyano-4-hydroxy-[1,1'-biphenyl]-3-yl)propanoic acid	Phe(2-OH,5-Ph(4-CN))	(2S)-2-amino-3-(2-hydroxy-5-(4-(nitrilomethyl)phenyl)phenyl)propanoic acid	Backbone	alpha	Tyr	282.299	1.88528	107.33999999999999	2.2	TRUE	N[C@@H](Cc1(cc(ccc1O)c2(ccc(C#N)cc2)))C(=O)O	WZHRBHKUVWJWDF-AWEZNQCLSA-N
Phe_2F_4CF3	(S)-2-amino-3-(2-fluoro-4-(trifluoromethyl)phenyl)propanoic acid	Phe(2-F,4-CF3)	(2S)-2-amino-3-(2-fluoro-4-(trifluoromethyl)phenyl)propanoic acid	Backbone	alpha	Phe	251.17899999999992	1.7989000000000002	63.32000000000001	3.7	TRUE	N[C@@H](Cc1(ccc(cc1F)C(F)(F)F))C(=O)O	OMTZLRBOGCVOEM-QMMMGPOBSA-N
3Thi_CO2H	(S)-3-(2-amino-2-carboxyethyl)thiophene-2-carboxylic acid	3Thi(CO2H)	3-((2S)-2-amino-3-hydroxy-3-oxopropyl)thiophene-2-carboxylic acid	Backbone	alpha	Phe	215.22999999999996	0.40070000000000017	100.62000000000002	2.5	TRUE	N[C@@H](Cc1(ccsc1C(=O)O))C(=O)O	SWSIMWAQWSITJW-YFKPBYRVSA-N
4Pal_2F_5Cl	(S)-2-amino-3-(5-chloro-2-fluoropyridin-4-yl)propanoic acid	4Pal(2-F,5-Cl)	(2S)-2-amino-3-(5-chloro-2-fluoropyridin-4-yl)propanoic acid	Backbone	alpha	Phe	218.61499999999998	0.8285	76.21	2.2	TRUE	N[C@@H](Cc1(cc(F)ncc1Cl))C(=O)O	ZPEBPGXRYWQMSN-LURJTMIESA-N
D-Lys_pent4ynoyl	N6-(pent-4-ynoyl)-D-lysine	D-Lys(pent-4-ynoyl)	(2R)-2-amino-6-(but-3-yn-1-ylcarbonylamino)hexanoic acid	Backbone	alpha	Lys	226.27599999999998	0.09820000000000079	92.42	3	TRUE	C#CCCC(=O)NCCCC[C@@H](N)C(=O)O	RYIXPBHBRDRADN-SECBINFHSA-N
Lys_pent4ynoyl	N6-(pent-4-ynoyl)-L-lysine	Lys(pent-4-ynoyl)	(2S)-2-amino-6-(but-3-yn-1-ylcarbonylamino)hexanoic acid	Backbone	alpha	Lys	226.27599999999998	0.09820000000000079	92.42	5	TRUE	C#CCCC(=O)NCCCC[C@H](N)C(=O)O	RYIXPBHBRDRADN-VIFPVBQESA-N
Ala_quinolin8yl	(S)-2-amino-3-(quinolin-8-yl)propanoic acid	Ala(quinolin-8-yl)	(2S)-2-amino-3-(2-azabicyclo[4.4.0]deca-1,3,5,7,9-pentaen-10-yl)propanoic acid	Backbone	alpha	Phe	216.23999999999998	1.1892	76.21	5	TRUE	N[C@@H](Cc2(cccc1(cccnc12)))C(=O)O	IMFYLYWEXLUDKO-JTQLQIEISA-N
D-Ala_N3	(R)-2-amino-3-azidopropanoic acid	D-Ala(N3)	(2R)-2-amino-3-azidopropanoic acid	Backbone	alpha	X	130.107	-0.29140000000000016	112.08	5.7	TRUE	N[C@H](CN=[N+]=[N-])C(=O)O	CIFCKCQAKQRJFC-UWTATZPHSA-N
Phe_2Bz	(S)-2-amino-3-(2-benzoylphenyl)propanoic acid	Phe(2-Bz)	(2S)-2-amino-3-(2-((phenyl)carbonyl)phenyl)propanoic acid	Backbone	alpha	Phe	269.29999999999995	1.872	80.39	3.2	TRUE	N[C@@H](Cc1(ccccc1C(=O)c2(ccccc2)))C(=O)O	AVEJZVBCQMMMMG-AWEZNQCLSA-N
Trp_6NO2_Aza	(S)-2-amino-3-(6-nitro-1H-indazol-3-yl)propanoic acid	Trp(6-NO2,Aza)	(2S)-2-amino-3-(6-nitro-1H-indazol-3-yl)propanoic acid	Backbone	alpha	Phe	250.214	0.42549999999999955	135.14	2.2	TRUE	N[C@@H](Cc2(n[nH]c1(cc(ccc12)[N+](=O)[O-])))C(=O)O	VCSXNPSSWYNAGK-ZETCQYMHSA-N
Phe_2NH2_5CO2H	(S)-4-amino-3-(2-amino-2-carboxyethyl)benzoic acid	Phe(2-NH2,5-CO2H)	4-amino-3-((2S)-2-amino-3-hydroxy-3-oxopropyl)benzoic acid	Backbone	alpha	Phe	224.21599999999995	-0.07860000000000034	126.64	3	TRUE	N[C@@H](Cc1(cc(ccc1N)C(=O)O))C(=O)O	LDJURSVBWRDIII-QMMMGPOBSA-N
3Pal_2OEt	(S)-2-amino-3-(2-ethoxypyridin-3-yl)propanoic acid	3Pal(2-OEt)	(2S)-2-amino-3-(2-ethoxypyridin-3-yl)propanoic acid	Backbone	alpha	Phe	210.23299999999995	0.43470000000000003	85.44000000000001	3	TRUE	N[C@@H](Cc1(cccnc1OCC))C(=O)O	RNUZXEHMUPMDOG-QMMMGPOBSA-N
Phe_4CONH2	(S)-2-amino-3-(4-(hydrazinecarbonyl)phenyl)propanoic acid	Phe(4-CONH2)	(2S)-2-amino-3-(4-((hydrazinyl)carbonyl)phenyl)propanoic acid	Backbone	alpha	Phe	223.23199999999997	-0.7554999999999994	118.44000000000001	2.9	TRUE	N[C@@H](Cc1(ccc(cc1)C(=O)NN))C(=O)O	LDXSYIDRRDLLDF-QMMMGPOBSA-N
Ala_pyrazolopyridinyl	(S)-2-amino-3-(1H-pyrazolo[3,4-b]pyridin-4-yl)propanoic acid	Ala(pyrazolopyridinyl)	(2S)-2-amino-3-(2,8,9-triazabicyclo[4.3.0]nona-1(6),2,4,7-tetraen-5-yl)propanoic acid	Backbone	alpha	Phe	206.20499999999998	-0.08770000000000039	104.89	2.4	TRUE	N[C@@H](Cc2(ccnc1([nH]ncc12)))C(=O)O	GYCRZNVIRVOGOG-ZETCQYMHSA-N
Phe_2Me_5F	(S)-2-amino-3-(5-fluoro-2-methylphenyl)propanoic acid	Phe(2-Me,5-F)	(2S)-2-amino-3-(5-fluoro-2-methylphenyl)propanoic acid	Backbone	alpha	Phe	197.20899999999997	1.0885200000000002	63.32000000000001	4.2	TRUE	N[C@@H](Cc1(cc(F)ccc1C))C(=O)O	GEAWAECTQJKAAV-VIFPVBQESA-N
Phe_2NH2_5Me	(S)-2-amino-3-(2-amino-5-methylphenyl)propanoic acid	Phe(2-NH2,5-Me)	(2S)-2-amino-3-(2-amino-5-methylphenyl)propanoic acid	Backbone	alpha	Phe	194.23399999999995	0.53162	89.34	4.3	TRUE	N[C@@H](Cc1(cc(C)ccc1N))C(=O)O	YBTVDJJROZMERN-VIFPVBQESA-N
3Pal_2F_5Me	(S)-2-amino-3-(2-fluoro-5-methylpyridin-3-yl)propanoic acid	3Pal(2-F,5-Me)	(2S)-2-amino-3-(2-fluoro-5-methylpyridin-3-yl)propanoic acid	Backbone	alpha	Phe	198.19699999999997	0.4835199999999999	76.21	2.5	TRUE	N[C@@H](Cc1(cc(C)cnc1F))C(=O)O	JUCOCSXJVNWPNR-ZETCQYMHSA-N
Trp_2CO2H	(S)-3-(2-amino-2-carboxyethyl)-1H-indole-2-carboxylic acid	Trp(2-CO2H)	3-((2S)-2-amino-3-hydroxy-3-oxopropyl)-1H-indole-2-carboxylic acid	Backbone	alpha	Trp	248.23799999999997	0.8205000000000002	116.41000000000001	2.9	TRUE	N[C@@H](Cc2(c([nH]c1(ccccc12))C(=O)O))C(=O)O	PPSIMJYXLLXZSK-QMMMGPOBSA-N
Phe_3NH2_4Me	(S)-2-amino-3-(3-amino-4-methylphenyl)propanoic acid	Phe(3-NH2,4-Me)	(2S)-2-amino-3-(3-amino-4-methylphenyl)propanoic acid	Backbone	alpha	Phe	194.23399999999995	0.53162	89.34	3.4	TRUE	N[C@@H](Cc1(ccc(C)c(N)c1))C(=O)O	UMNJZHVJQBSGQV-VIFPVBQESA-N
Phe_2CN_4Cl	(S)-2-amino-3-(4-chloro-2-cyanophenyl)propanoic acid	Phe(2-CN,4-Cl)	(2S)-2-amino-3-(4-chloro-2-(nitrilomethyl)phenyl)propanoic acid	Backbone	alpha	Phe	224.647	1.16608	87.11	2.6	TRUE	N[C@@H](Cc1(ccc(Cl)cc1C#N))C(=O)O	ZBRQGMCXRUTKAL-VIFPVBQESA-N
Phe_2NO2_4OMe	(S)-2-amino-3-(4-methoxy-2-nitrophenyl)propanoic acid	Phe(2-NO2,4-OMe)	(2S)-2-amino-3-(4-methoxy-2-nitrophenyl)propanoic acid	Backbone	alpha	Tyr	240.21499999999997	0.5578000000000001	115.69000000000001	3.3	TRUE	N[C@@H](Cc1(ccc(OC)cc1[N+](=O)[O-]))C(=O)O	MWEASQYLIDPNTB-QMMMGPOBSA-N
Tic_68diI_7OH	(3S)-7-hydroxy-6,8-diiodo-1,2,3,4-tetrahydroisoquinoline-3-carboxylic acid	Tic(6,8-diI,7-OH)	(4S)-9-hydroxy-8,10-diiodo-3-azabicyclo[4.4.0]deca-1(10),6,8-triene-4-carboxylic acid	Backbone	alpha	Pro	444.9940000000001	1.7003000000000001	69.56	5.4	TRUE	N2[C@@H](Cc1(cc(I)c(O)c(I)c1C2))C(=O)O	FGHLNNQVWGFFNZ-ZETCQYMHSA-N
Lys_MeOPEG2acetyl	(S)-16-amino-10-oxo-2,5,8-trioxa-11-azaheptadecan-17-oic acid	Lys(MeO-PEG2-acetyl)	(2S)-2-amino-6-(((2-((2-methoxyethyl)oxy)ethyl)oxy)methylcarbonylamino)hexanoic acid	Backbone	alpha	Lys	306.35900000000004	-0.6355999999999971	120.11	3.3	TRUE	COCCOCCOCC(=O)NCCCC[C@H](N)C(=O)O	VMYYNDPDICUYSO-NSHDSACASA-N
Met_MeNH2	S-((R)-3-(allyloxy)-2-amino-3-oxopropyl)-L-homocysteine	Met(MeNH2)	(2S)-2-amino-4-(((2R)-2-amino-3-oxo-3-((prop-2-en-1-yl)oxy)propyl)sulfanyl)butanoic acid	Backbone	alpha	Met	262.3309999999999	-0.4218999999999989	115.64	2.7	TRUE	N[C@@H](CCSC[C@H](N)C(=O)OCC=C)C(=O)O	NVESXHCHBASTJR-YUMQZZPRSA-N
Phe_4CF2POOEt2	(S)-2-amino-3-(4-((diethoxyphosphoryl)difluoromethyl)phenyl)propanoic acid	Phe(4-CF2PO(OEt)2)	(2S)-2-amino-3-(4-((diethoxyphosphoryl)difluoromethyl)phenyl)propanoic acid	Backbone	alpha	Phe	351.28600000000006	2.9564000000000012	98.85000000000001	3.6	TRUE	N[C@@H](Cc1(ccc(cc1)C(F)(F)P(=O)(OCC)OCC))C(=O)O	SNSFIWGJZZYFDH-LBPRGKRZSA-N
D-aMehPhe	(R)-2-amino-2-methyl-4-phenylbutanoic acid	D-aMehPhe	(2R)-2-amino-2-methyl-4-phenylbutanoic acid	Backbone	alpha	Phe	193.24599999999998	1.4212	63.32000000000001	7.5	TRUE	N[C@](C)(CCc1(ccccc1))C(=O)O	PHZKTNAAGCQMAO-LLVKDONJSA-N
D-Ala_7OMe2oxochromenyl	(2R)-2-amino-3-(7-methoxy-2-oxochromen-4-yl)propanoic acid	D-Ala(7-OMe-2-oxochromenyl)	(2R)-2-amino-3-(9-methoxy-3-oxo-2-oxabicyclo[4.4.0]deca-1(10),4,6,8-tetraen-5-yl)propanoic acid	Backbone	alpha	Tyr	263.24899999999997	0.7560000000000002	102.76	3.2	TRUE	N[C@H](Cc1(cc(=O)oc2(cc(OC)ccc12)))C(=O)O	IOHUIWNMQPWOAX-SNVBAGLBSA-N
Aad-Oallyl	(5S)-5-amino-6-oxo-6-prop-2-enoxyhexanoic acid	Aad-Oallyl	(5S)-5-amino-5-(((prop-2-en-1-yl)oxy)carbonyl)pentanoic acid	Backbone	delta	X	201.22199999999995	0.29779999999999957	89.62000000000002	3.2	TRUE	N[C@H](C(=O)OCC=C)CCCC(=O)O	JMRZCPVPMQASQZ-ZETCQYMHSA-N
Lys_decanoyl	N6-decanoyl-L-lysine	Lys(decanoyl)	(2S)-2-amino-6-nonylcarbonylaminohexanoic acid	Backbone	alpha	Lys	300.443	2.8255	92.42	6.9	TRUE	CCCCCCCCCC(=O)NCCCC[C@H](N)C(=O)O	JVGQYGXDASKPJW-AWEZNQCLSA-N
4Pal_2CF3	(2S)-2-amino-3-[2-(trifluoromethyl)pyridin-4-yl]propanoic acid	4Pal(2-CF3)	(2S)-2-amino-3-(2-(trifluoromethyl)pyridin-4-yl)propanoic acid	Backbone	alpha	Phe	234.17699999999994	1.0548	76.21	2.8	TRUE	N[C@@H](Cc1(ccnc(c1)C(F)(F)F))C(=O)O	ZYSHLPWHTPDRSS-LURJTMIESA-N
4Pal_2OMe_5Me	(2S)-2-amino-3-(2-methoxy-5-methylpyridin-4-yl)propanoic acid	4Pal(2-OMe,5-Me)	(2S)-2-amino-3-(2-methoxy-5-methylpyridin-4-yl)propanoic acid	Backbone	alpha	Phe	210.23299999999998	0.3530199999999996	85.44000000000001	2.5	TRUE	N[C@@H](Cc1(cc(OC)ncc1C))C(=O)O	CAFNRZDZEDVHOH-QMMMGPOBSA-N
D-Pro_4Ramino	(2R,4R)-4-aminopyrrolidine-2-carboxylic acid	D-Pro(4R-amino)	(2R,4R)-4-aminopyrrolidine-2-carboxylic acid	Backbone	alpha	Pro	130.14700000000002	-1.2397999999999993	75.35	8.2	TRUE	N1[C@H](C[C@@H](N)C1)C(=O)O	SHINASQYHDCLEU-QWWZWVQMSA-N
Nva_ONH2	(2S)-2-amino-5-aminooxypentanoic acid	Nva(ONH2)	(2S)-2-amino-5-(aminooxy)pentanoic acid	Backbone	alpha	X	148.162	-0.9311999999999994	98.57000000000001	5.3	TRUE	N[C@@H](CCCON)C(=O)O	GFOZTGXHZSBIOB-BYPYZUCNSA-N
Orn_NH2	(2S)-2-amino-5-hydrazinylpentanoic acid	Orn(NH2)	(2S)-2-amino-5-hydrazinylpentanoic acid	Backbone	alpha	Lys	147.17800000000003	-1.3581999999999992	101.36999999999999	7.9	TRUE	N[C@@H](CCCNN)C(=O)O	ZPZGJLNXFKKQPI-BYPYZUCNSA-N
NMe-Tyr_3I	(2S)-3-(4-hydroxy-3-iodophenyl)-2-(methylamino)propanoic acid	Me-Tyr(3-I)	(2S)-3-(4-hydroxy-3-iodophenyl)-2-(methylamino)propanoic acid	Backbone	alpha	Tyr	321.11400000000003	1.2118999999999998	69.56	6.4	TRUE	N(C)[C@@H](Cc1(ccc(O)c(I)c1))C(=O)O	PADMBYHCEGCPJU-QMMMGPOBSA-N
bAla_3Snaphth1ylmethyl	(3S)-3-amino-4-naphthalen-1-ylbutanoic acid	bAla(3S-naphth-1-ylmethyl)	(3S)-3-amino-4-(naphthalen-1-yl)butanoic acid	Backbone	beta	Phe	229.27899999999997	2.1843	63.32000000000001	7.3	TRUE	N[C@@H](Cc1(cccc2(ccccc12)))CC(=O)O	VEJIDCKYNSOIIN-LBPRGKRZSA-N
Phe_4Ph_2CF3	(2S)-2-amino-3-[2'-(trifluoromethyl)-[1,1'-biphenyl]-4-yl]propanoic acid	Phe(4-Ph(2-CF3))	(2S)-2-amino-3-(4-(2-(trifluoromethyl)phenyl)phenyl)propanoic acid	Backbone	alpha	Phe	309.28700000000003	3.3268000000000013	63.32000000000001	3.9	TRUE	N[C@@H](Cc1(ccc(cc1)c2(ccccc2C(F)(F)F)))C(=O)O	LGRCMGCAYUALHZ-AWEZNQCLSA-N
NMe-Abu_vinyl	(2S)-2-(methylamino)hex-5-enoic acid	Me-Abu(vinyl)	(2S)-2-(methylamino)hex-5-enoic acid	Backbone	alpha	Leu	143.186	0.6251999999999998	49.33	12.2	TRUE	N(C)[C@@H](CCC=C)C(=O)O	SUMIEJINJLACMR-LURJTMIESA-N
Gly-Gly	Glycylglycine	Gly-Gly	2-aminomethylcarbonylaminoacetic acid	Backbone	alpha	Gly	132.119	-1.8540999999999999	92.42	18.8	TRUE	N(C(=O)CN)CC(=O)O	YMAWOPBAYDPSLA-UHFFFAOYSA-N
Asn_PyranoseNAc3OAc_RSSR	(2S)-4-[[(2R,3R,4R,5S,6R)-3-acetamido-4,5-diacetyloxy-6-(acetyloxymethyl)oxan-2-yl]amino]-2-amino-4-oxobutanoic acid	Asn(Pyranose-NAc-3OAc(RSSR))	(2S)-3-(((2R,3R,4R,5S,6R)-6-((acetoxy)methyl)-3-methylcarbonylamino-4,5-bis(acetoxy)-oxan-2-yl)carbamoyl)-2-aminopropanoic acid	Backbone	alpha	Asn	461.4240000000002	-2.439299999999993	209.65	5.2	TRUE	N[C@@H](CC(=O)N[C@@H]1(O[C@H](COC(=O)C)[C@@H](OC(=O)C)[C@H](OC(=O)C)[C@H]1NC(=O)C))C(=O)O	VYSAOPLOXAZTRX-XXXNSXPYSA-N
Sec_Mob	(2R)-2-amino-3-[(4-methoxyphenyl)methylselanyl]propanoic acid	Sec(Mob)	(2R)-2-amino-3-(((4-methoxyphenyl)methyl)selanyl)propanoic acid	Backbone	alpha	Cys	288.205	0.7295999999999996	72.55	3.2	TRUE	N[C@@H](C[Se]Cc1(ccc(OC)cc1))C(=O)O	JWOVEICZZWRECX-JTQLQIEISA-N
piperidin-3S-ylAc	2-[(3S)-piperidin-3-yl]acetic acid	piperidin-3S-ylAc	2-((3S)-piperidin-3-yl)acetic acid	Backbone	gamma	Pro	143.186	0.46069999999999983	49.33	10.7	TRUE	N1C[C@@H](CCC1)CC(=O)O	WKXRHAACRPUBIC-LURJTMIESA-N
Ala_naphth2yl	1-Pyrenylalanine	Ala(naphth-2-yl)	(2S)-2-amino-3-pyren-1-ylpropanoic acid	Backbone	alpha	Phe	289.334	3.538400000000002	63.32000000000001	3	TRUE	N[C@@H](Cc1(ccc2(ccc3(cccc4(ccc1c2c34)))))C(=O)O	VTMOPDBUZPBOPL-INIZCTEOSA-N
piperidin-4-ylPr	3-(Piperidin-4-yl)propanoic acid	piperidin-4-ylPr	3-(piperidin-4-yl)propanoic acid	Backbone	epsilon	Pro	157.21300000000002	0.8507999999999998	49.33	12.8	TRUE	N1CCC(CC1)CCC(=O)O	AUYQMCCWFNSFGV-UHFFFAOYSA-N
4-amino-cHex-1-CH2CO2H	2-(4-aminocyclohexyl)acetic Acid	4-amino-cHex-1-CH2CO2H	2-(4-aminocyclohexyl)acetic acid	Backbone	epsilon	Ala	157.213	0.9785999999999997	63.32000000000001	12.3	TRUE	NC1CCC(CC1)CC(=O)O	XVDSFSRMHSDHGJ-UHFFFAOYSA-N
bAla_3Rprop2ynyl	(3R)-3-aminohex-5-ynoic acid	bAla(3R-prop-2-ynyl)	(3R)-3-aminohex-5-ynoic acid	Backbone	beta	Val	127.14299999999997	-0.18829999999999997	63.32000000000001	5	TRUE	N[C@H](CC#C)CC(=O)O	DWFMCQGMVSIJBN-RXMQYKEDSA-N
bAla_3RBn_4NO2	(R)-3-Amino-4-(4-nitrophenyl)butanoic acid	bAla(3R-Bn(4-NO2))	(3R)-3-amino-4-(4-nitrophenyl)butanoic acid	Backbone	beta	Phe	224.21599999999992	0.9393	106.46	4.2	TRUE	N[C@H](Cc1(ccc(cc1)[N+](=O)[O-]))CC(=O)O	SMTCEKUITUZDPM-MRVPVSSYSA-N
Val-Ala	Val-Ala	Val-Ala	(2S)-2-((1S)-1-amino-2-methylpropylcarbonylamino)propanoic acid	Backbone	alpha	Ala	188.22699999999998	-0.44100000000000056	92.42	14.8	TRUE	N(C(=O)[C@@H](N)C(C)C)[C@@H](C)C(=O)O	HSRXSKHRSXRCFC-WDSKDSINSA-N
bAla_b_bdiF	3-Amino-2,2-difluoropropanoic acid	bAla(b,b-diF)	3-amino-2,2-difluoropropanoic acid	Backbone	beta	X	125.07399999999998	-0.335	63.32000000000001	8.6	TRUE	NCC(F)(F)C(=O)O	OEXAUVBPMONLBF-UHFFFAOYSA-N
Val-Cit	L-Valyl-L-citrulline	Val-Cit	(2S)-2-((1S)-1-amino-2-methylpropylcarbonylamino)-5-(carbamoylamino)pentanoic acid	Backbone	alpha	Arg	274.32099999999997	-1.012399999999997	147.54	4.5	TRUE	N(C(=O)[C@@H](N)C(C)C)[C@@H](CCCNC(=O)N)C(=O)O	AGGWFDNPHKLBBV-YUMQZZPRSA-N
Gaba_3Ph	Phenibut	Gaba(3-Ph)	4-amino-3-phenylbutanoic acid	Backbone	gamma	X	179.21899999999994	1.2036	63.32000000000001	14.7	TRUE	NCC(c1(ccccc1))CC(=O)O	DAFOCGYVTAOKAJ-UHFFFAOYSA-N
Pro_4RSMe	(2S,4R)-4-(Methylthio)pyrrolidine-2-carboxylic acid	Pro(4R-SMe)	(2S,4R)-4-(methylsulfanyl)pyrrolidine-2-carboxylic acid	Backbone	alpha	Pro	161.226	0.16450000000000004	49.33	9.3	TRUE	N1[C@@H](C[C@H](C1)SC)C(=O)O	KZLPQCNSZCKHAI-UHNVWZDZSA-N
Q0005	Lysine, semaglutide-		17-(((2S)-5-((2-(2-(2-((2-(2-(2-(((5S)-5-amino-6-hydroxy-6-oxohexyl)amino)-2-oxoethoxy)ethoxy)ethyl)amino)-2-oxoethoxy)ethoxy)ethyl)amino)-1-hydroxy-1,5-dioxopentan-2-yl)carbamoyl)heptadecanoic acid	Backbone	alpha	Gln	862.0719999999998	2.65940000000001	291.24	2.8	TRUE	N(C(=O)CCCCCCCCCCCCCCCCC(=O)O)[C@@H](CCC(=O)NCCOCCOCC(=O)NCCOCCOCC(=O)NCCCC[C@H](N)C(=O)O)C(=O)O	QDUKXQMKBZEBHC-HEVIKAOCSA-N
aFmocGaba	(4S)-4-amino-5-(9H-fluoren-9-ylmethoxy)-5-oxopentanoic acid	aFmocGaba	(4S)-4-amino-4-((((tricyclo[7.4.0.0^{2,7}]trideca-1(13),2,4,6,9,11-hexaen-8-yl)methyl)oxy)carbonyl)butanoic acid	Backbone	gamma	X	325.36400000000015	2.5341999999999993	89.62000000000002	2.9	TRUE	N[C@H](C(=O)OCC2(c1(ccccc1c3(ccccc23))))CCC(=O)O	RHOZHSSHUNDYGQ-KRWDZBQOSA-N
Thr_PyranoseNAc3OAc_RRSR	(2S,3R)-3-[(2S,3R,4R,5R,6R)-3-acetamido-4,5-diacetyloxy-6-(acetyloxymethyl)oxan-2-yl]oxy-2-aminobutanoic acid	Thr(Pyranose-NAc-3OAc(RRSR))	(2S,3R)-3-(((2S,3R,4R,5R,6R)-6-((acetoxy)methyl)-3-methylcarbonylamino-4,5-bis(acetoxy)-oxan-2-yl)oxy)-2-aminobutanoic acid	Backbone	alpha	Thr	448.4250000000002	-1.540499999999994	189.78	3	TRUE	N[C@@H]([C@H](O[C@H]1(O[C@H](COC(=O)C)[C@H](OC(=O)C)[C@H](OC(=O)C)[C@H]1NC(=O)C))C)C(=O)O	FKLRVDCXGWJCEC-IDCTWFJGSA-N
bAla_3SBn_2Br	(3S)-3-amino-4-(2-bromophenyl)butanoic Acid	bAla(3S-Bn(2-Br))	(3S)-3-amino-4-(2-bromophenyl)butanoic acid	Backbone	beta	Phe	258.11499999999995	1.7936000000000003	63.32000000000001	4.4	TRUE	N[C@@H](Cc1(ccccc1Br))CC(=O)O	GKIOKKDLKBJXIS-QMMMGPOBSA-N
piperidin-3-ylAc	3-Piperidineacetic acid	piperidin-3-ylAc	2-(piperidin-3-yl)acetic acid	Backbone	gamma	Pro	143.186	0.46069999999999983	49.33	11.8	TRUE	N1CC(CCC1)CC(=O)O	WKXRHAACRPUBIC-UHFFFAOYSA-N
bAla_3RBn_2Br	(3R)-3-amino-4-(2-bromophenyl)butanoic acid	bAla(3R-Bn(2-Br))	(3R)-3-amino-4-(2-bromophenyl)butanoic acid	Backbone	beta	Phe	258.11499999999995	1.7936000000000003	63.32000000000001	4.4	TRUE	N[C@H](Cc1(ccccc1Br))CC(=O)O	GKIOKKDLKBJXIS-MRVPVSSYSA-N
cis-1-aminoindan-2-CO2H_S	cis-1-Amino-indan-2-carboxylic acid	cis-1-aminoindan-2-CO2H(S)	(1R,2R)-1-aminoindane-2-carboxylic acid	Backbone	beta	X	177.20299999999997	0.9433	63.32000000000001	4.7	TRUE	N[C@@H]1[C@@H](Cc2(ccccc12))C(=O)O	DNDUYUYIRYKACW-BDAKNGLRSA-N
bAla_2Bn	3-Amino-2-benzylpropanoic acid	bAla(2-Bn)	3-amino-2-benzylpropanoic acid	Backbone	beta	Phe	179.21899999999997	0.8885999999999998	63.32000000000001	14.6	TRUE	NCC(Cc1(ccccc1))C(=O)O	DJYVEBBGKNAHKE-UHFFFAOYSA-N
3-amino-bicyclo221heptane-2-CO2H_1R2S_3R_4S	(1R,2S,3R,4S)-3-Aminobicyclo[2.2.1]heptane-2-carboxylic acid	3-amino-bicyclo[2.2.1]heptane-2-CO2H(1R,2S,3R,4S)	(1R,2S,3R,4S)-3-aminobicyclo[2.2.1]heptane-2-carboxylic acid	Backbone	beta	X	155.197	0.44439999999999985	63.32000000000001	7.5	TRUE	N[C@H]1[C@H]([C@@H]2(CC[C@H]1C2))C(=O)O	JSYLGUSANAWARQ-JRTVQGFMSA-N
bPro_R_4SPh	(3R,4S)-4-Phenylpyrrolidine-3-carboxylic acid	bPro(R,4S-Ph)	(3R,4S)-4-phenylpyrrolidine-3-carboxylic acid	Backbone	beta	Pro	191.23	1.0742	49.33	9.2	TRUE	N1C[C@@H]([C@H](C1)c2(ccccc2))C(=O)O	XTJDGOQYFKHEJR-ZJUUUORDSA-N
Ph-bAla	Indoline-3-carboxylic acid	Ph-bAla	indoline-3-carboxylic acid	Backbone	beta	Pro	163.17599999999996	1.2802999999999998	49.33	9.7	TRUE	N1CC(c2(ccccc12))C(=O)O	RXHBTEVUVWXEBO-UHFFFAOYSA-N
bAla_3RBn_3Br	(R)-3-Amino-4-(3-bromophenyl)butanoic acid	bAla(3R-Bn(3-Br))	(3R)-3-amino-4-(3-bromophenyl)butanoic acid	Backbone	beta	Phe	258.11499999999995	1.7936	63.32000000000001	5.8	TRUE	N[C@H](Cc1(cccc(Br)c1))CC(=O)O	RAIGQDRULUGHDH-SECBINFHSA-N
D-Abu_ethynyl	5-Hexynoic acid, 2-amino-, (2R)-	D-Abu(ethynyl)	(2R)-2-aminohex-5-ynoic acid	Backbone	alpha	Leu	127.14299999999997	-0.18829999999999997	63.32000000000001	3.5	TRUE	N[C@H](CCC#C)C(=O)O	SCGJGNWMYSYORS-RXMQYKEDSA-N
D-Pro_4SN3	(2R,4S)-4-Azidopyrrolidine-2-carboxylic acid	D-Pro(4S-N3)	(2R,4S)-4-azidopyrrolidine-2-carboxylic acid	Backbone	alpha	Pro	156.14500000000004	0.11179999999999962	98.09000000000002	6.1	TRUE	N1[C@H](C[C@@H](C1)N=[N+]=[N-])C(=O)O	PPRFZPZRQYPCER-IUYQGCFVSA-N
24-methanoPro	2,4-Methanoproline	2,4-methanoPro	2-azabicyclo[2.1.1]hexane-1-carboxylic acid	Backbone	alpha	Pro	127.14299999999999	-0.17700000000000032	49.33	6.6	TRUE	N1C2(CC(C1)C2)C(=O)O	XEVFXAFXZZYFSX-UHFFFAOYSA-N
bAla_2Rcyclobutane	(1R,2S)-2-Aminocyclobutanecarboxylic acid	bAla(2R-cyclobutane)	(1R,2S)-2-aminocyclobutanecarboxylic acid	Backbone	beta	Ala	115.13199999999999	-0.19170000000000004	63.32000000000001	5.1	TRUE	N[C@@H]1[C@@H](CC1)C(=O)O	NSQMWZLLTGEDQU-DMTCNVIQSA-N
NcHex4NH2-G	4-Aminocyclohexylglycine	cHex(4-NH2)-Gly	2-((4-aminocyclohexyl)amino)acetic acid	Backbone	alpha	Gly	172.228	-0.06950000000000017	75.35	6.7	TRUE	N(C1(CCC(N)CC1))CC(=O)O	SNQBKCVWLYISGN-UHFFFAOYSA-N
Nip_5MeNH2	5-(Aminomethyl)piperidine-3-carboxylic acid	Nip(5-MeNH2)	5-(aminomethyl)piperidine-3-carboxylic acid	Backbone	beta	Pro	158.20100000000002	-0.7445999999999995	75.35	8	TRUE	N1CC(CC(CN)C1)C(=O)O	AGLZAPCVLBFPQX-UHFFFAOYSA-N
Ser_iBu	(2S)-2-Amino-3-(2-methylpropoxy)propanoic acid	Ser(iBu)	(2S)-2-amino-3-isobutoxypropanoic acid	Backbone	alpha	Ser	161.201	0.07089999999999946	72.55	8	TRUE	N[C@@H](COCC(C)C)C(=O)O	WOWUEKKBANWFSQ-LURJTMIESA-N
Gaba_3Bn	4-Amino-3-benzylbutanoic acid	Gaba(3-Bn)	4-amino-3-benzylbutanoic acid	Backbone	gamma	Phe	193.24599999999995	1.2787	63.32000000000001	11.6	TRUE	NCC(Cc1(ccccc1))CC(=O)O	SMWZNXFMLNNMFB-UHFFFAOYSA-N
Dap_3RMe_N3	(2S,3R)-2-amino-3-azidobutanoic acid	Dap(3R-Me,N3)	(2S,3R)-2-amino-3-azidobutanoic acid	Backbone	alpha	X	144.13400000000001	0.09709999999999991	112.08	3.2	TRUE	N[C@@H]([C@@H](C)N=[N+]=[N-])C(=O)O	VFSRYBKOKKWXQW-GBXIJSLDSA-N
Dap_3SMe	(2S,3S)-2,3-Diaminobutanoic acid	Dap(3S-Me)	(2S,3S)-2,3-diaminobutanoic acid	Backbone	alpha	X	118.136	-1.2544999999999995	89.34	11	TRUE	N[C@@H]([C@H](C)N)C(=O)O	SXGMVGOVILIERA-HRFVKAFMSA-N
4-aza-Ac6c_g_g_g_gtetraMe_OH	4-Amino-1-oxyl-2,2,6,6-tetramethylpiperidine-4-carboxylic acid	4-aza-Ac6c(g,g,g,g-tetraMe,OH)	4-amino-1-hydroxy-2,2,6,6-tetramethylpiperidine-4-carboxylic acid	Backbone	alpha	X	216.28099999999998	0.8106999999999998	86.79	3.5	TRUE	NC1(CC(C)(C)N(O)C(C)(C)C1)C(=O)O	BYTZPINCZITWEC-UHFFFAOYSA-N
bAla_3Ph_4CF3	3-Amino-3-(4-Trifluoromethylphenyl)-Propionic Acid	bAla(3-Ph(4-CF3))	3-amino-3-(4-(trifluoromethyl)phenyl)propanoic acid	Backbone	beta	X	233.18899999999994	2.1799	63.32000000000001	7.9	TRUE	NC(c1(ccc(cc1)C(F)(F)F))CC(=O)O	ABDRZHVLIRZFQO-UHFFFAOYSA-N
Glu-al	(4S)-4-Amino-5-oxopentanoic acid	Glu-al	(4S)-4-amino-5-oxopentanoic acid	Backbone	gamma	X	131.131	-0.6226000000000003	80.39	15.6	TRUE	N[C@H](C=O)CCC(=O)O	MPUUQNGXJSEWTF-BYPYZUCNSA-N
Ser_PyranoseNAc3OAc_RSSR	(2S)-3-[(2R,3R,4R,5S,6R)-3-acetamido-4,5-diacetyloxy-6-(acetyloxymethyl)oxan-2-yl]oxy-2-aminopropanoic acid	Ser(Pyranose-NAc-3OAc(RSSR))	(2S)-3-(((2R,3R,4R,5S,6R)-6-((acetoxy)methyl)-3-methylcarbonylamino-4,5-bis(acetoxy)-oxan-2-yl)oxy)-2-aminopropanoic acid	Backbone	alpha	Ser	434.39800000000014	-1.928999999999994	189.78	3.1	TRUE	N[C@@H](CO[C@@H]1(O[C@H](COC(=O)C)[C@@H](OC(=O)C)[C@H](OC(=O)C)[C@H]1NC(=O)C))C(=O)O	PKLDPSAWBZVIQW-WTUOYXTGSA-N
bAla_3CF3	3-Amino-4,4,4-trifluorobutyric acid	bAla(3-CF3)	3-amino-4,4,4-trifluorobutanoic acid	Backbone	beta	X	157.091	0.3507	63.32000000000001	8.5	TRUE	NC(C(F)(F)F)CC(=O)O	XRXQOEWWPPJVII-UHFFFAOYSA-N
bAla_3Ph_3CF3	3-Amino-3-[3-(trifluoromethyl)phenyl]propanoic acid	bAla(3-Ph(3-CF3))	3-amino-3-(3-(trifluoromethyl)phenyl)propanoic acid	Backbone	beta	X	233.18899999999994	2.1799	63.32000000000001	6.5	TRUE	NC(c1(cccc(c1)C(F)(F)F))CC(=O)O	WZXBASRNQXYUIP-UHFFFAOYSA-N
bAla_3SCF3	(R)-3-Amino-4,4,4-trifluorobutanoic acid	bAla(3S-CF3)	(3R)-3-amino-4,4,4-trifluorobutanoic acid	Backbone	beta	X	157.091	0.3507	63.32000000000001	5.9	TRUE	N[C@@H](C(F)(F)F)CC(=O)O	XRXQOEWWPPJVII-UWTATZPHSA-N
Phe_3F_4Cl	(2S)-2-amino-3-(4-chloro-3-fluorophenyl)propanoic acid	Phe(3-F,4-Cl)	(2S)-2-amino-3-(4-chloro-3-fluorophenyl)propanoic acid	Backbone	alpha	Phe	217.62699999999998	1.4335000000000002	63.32000000000001	3.2	TRUE	N[C@@H](Cc1(ccc(Cl)c(F)c1))C(=O)O	GARTVDUTCAAMSC-QMMMGPOBSA-N
NMe-Phe_3F	(2S)-3-(3-fluorophenyl)-2-(methylamino)propanoic acid	Me-Phe(3-F)	(2S)-3-(3-fluorophenyl)-2-(methylamino)propanoic acid	Backbone	alpha	Phe	197.20899999999997	1.0407999999999997	49.33	7.3	TRUE	N(C)[C@@H](Cc1(cccc(F)c1))C(=O)O	ZRMVYUADMZBKGO-VIFPVBQESA-N
Ala_pyrid2yl_5Br	(2S)-2-amino-3-(5-bromopyridin-2-yl)propanoic acid	Ala(pyrid-2-yl(5-Br))	(2S)-2-amino-3-(5-bromopyridin-2-yl)propanoic acid	Backbone	alpha	Phe	245.07599999999996	0.7985	76.21	3	TRUE	N[C@@H](Cc1(ccc(Br)cn1))C(=O)O	KGYVEAZKKOLWLQ-ZETCQYMHSA-N
